sRNA_ID	mRNA_ID	Prediction_Probability
sRNA9	Gene695	0.59735
sRNA189	Gene1828	0.46135
sRNA150	Gene1967	0.51074
sRNA214	Gene1017	0.57829
sRNA50	Gene2859	0.53204
sRNA50	Gene325	0.53922
sRNA3	Gene217	0.53102
sRNA221	Gene909	0.49987
sRNA6	Gene56	0.52118
sRNA214	Gene2593	0.54538
sRNA305	Gene1668	0.52948
sRNA50	Gene610	0.49422
sRNA50	Gene1764	0.55189
sRNA221	Gene1111	0.47264
sRNA272	Gene1117	0.50171
sRNA185	Gene959	0.4924
sRNA29	Gene2130	0.51534
sRNA29	Gene2400	0.56622
sRNA11	Gene311	0.50472
sRNA6	Gene1396	0.52805
sRNA101	Gene262	0.50045
sRNA177	Gene488	0.54102
sRNA133	Gene2417	0.5367
sRNA90	Gene1967	0.52291
sRNA305	Gene1350	0.54212
sRNA31	Gene2683	0.47379
sRNA9	Gene2562	0.48937
sRNA17	Gene1290	0.51366
sRNA209	Gene1098	0.52475
sRNA203	Gene80	0.52464
sRNA249	Gene2491	0.49213
sRNA225	Gene698	0.54974
sRNA2	Gene1438	0.53778
sRNA56	Gene1370	0.49001
sRNA331	Gene349	0.48157
sRNA149	Gene2309	0.47756
sRNA9	Gene953	0.51481
sRNA56	Gene2507	0.50552
sRNA204	Gene2639	0.57124
sRNA177	Gene1548	0.49691
sRNA157	Gene1142	0.51393
sRNA212	Gene292	0.55931
sRNA128	Gene2779	0.49544
sRNA8	Gene2401	0.51991
sRNA221	Gene794	0.54502
sRNA242	Gene597	0.46464
sRNA221	Gene398	0.57219
sRNA6	Gene1226	0.51332
sRNA199	Gene1157	0.55315
sRNA209	Gene472	0.54474
sRNA16	Gene1406	0.52026
sRNA133	Gene2166	0.52933
sRNA72	Gene786	0.5401
sRNA101	Gene1376	0.5152
sRNA9	Gene2365	0.47045
sRNA13	Gene702	0.49866
sRNA13	Gene1106	0.47538
sRNA221	Gene432	0.50066
sRNA133	Gene1357	0.53634
sRNA177	Gene910	0.52491
sRNA226	Gene701	0.53232
sRNA242	Gene110	0.50126
sRNA140	Gene554	0.57091
sRNA282	Gene1669	0.48641
sRNA287	Gene2441	0.48169
sRNA112	Gene385	0.54569
sRNA150	Gene817	0.53429
sRNA232	Gene816	0.51589
sRNA244	Gene1563	0.52619
sRNA220	Gene1180	0.55868
sRNA37	Gene478	0.59764
sRNA16	Gene1317	0.52229
sRNA56	Gene2027	0.4889
sRNA100	Gene2796	0.53976
sRNA16	Gene2145	0.50268
sRNA31	Gene1027	0.45408
sRNA9	Gene263	0.54548
sRNA32	Gene354	0.54996
sRNA31	Gene2086	0.47898
sRNA128	Gene136	0.55702
sRNA239	Gene1331	0.51951
sRNA9	Gene867	0.56299
sRNA187	Gene898	0.56716
sRNA9	Gene409	0.50634
sRNA245	Gene1710	0.50288
sRNA17	Gene2820	0.51374
sRNA6	Gene1854	0.52934
sRNA239	Gene2660	0.50426
sRNA207	Gene1540	0.52088
sRNA53	Gene1286	0.5175
sRNA214	Gene1768	0.53261
sRNA31	Gene2047	0.46582
sRNA213	Gene1128	0.51319
sRNA229	Gene2846	0.52406
sRNA221	Gene1489	0.53837
sRNA104	Gene898	0.56285
sRNA255	Gene213	0.46355
sRNA13	Gene787	0.4962
sRNA50	Gene2340	0.5649
sRNA221	Gene530	0.49014
sRNA255	Gene1013	0.49441
sRNA255	Gene1152	0.48561
sRNA87	Gene2427	0.56481
sRNA50	Gene248	0.60548
sRNA183	Gene375	0.51791
sRNA225	Gene280	0.57413
sRNA16	Gene1271	0.52431
sRNA221	Gene1595	0.51101
sRNA240	Gene1094	0.55775
sRNA23	Gene2641	0.5212
sRNA69	Gene251	0.48363
sRNA79	Gene2596	0.52351
sRNA56	Gene1497	0.46798
sRNA221	Gene1005	0.54814
sRNA213	Gene1860	0.49657
sRNA29	Gene1874	0.57616
sRNA117	Gene829	0.51611
sRNA108	Gene559	0.55712
sRNA29	Gene1735	0.45543
sRNA128	Gene73	0.51409
sRNA147	Gene1350	0.55616
sRNA14	Gene1113	0.51794
sRNA28	Gene1507	0.48661
sRNA214	Gene1772	0.55166
sRNA159	Gene1260	0.546
sRNA221	Gene285	0.51117
sRNA36	Gene1960	0.50831
sRNA123	Gene2423	0.44599
sRNA1	Gene1132	0.511
sRNA249	Gene524	0.49159
sRNA214	Gene1320	0.51731
sRNA165	Gene2638	0.50101
sRNA29	Gene2066	0.49863
sRNA245	Gene1368	0.52681
sRNA170	Gene1262	0.50643
sRNA110	Gene1104	0.5297
sRNA117	Gene672	0.53125
sRNA242	Gene1860	0.46513
sRNA109	Gene339	0.54322
sRNA224	Gene457	0.58776
sRNA59	Gene1621	0.50442
sRNA133	Gene1803	0.50541
sRNA3	Gene1571	0.47828
sRNA152	Gene1078	0.56516
sRNA109	Gene1111	0.49951
sRNA2	Gene1749	0.55018
sRNA120	Gene918	0.53198
sRNA214	Gene528	0.53645
sRNA38	Gene1504	0.56152
sRNA123	Gene293	0.53004
sRNA56	Gene947	0.47667
sRNA29	Gene1726	0.55537
sRNA109	Gene1121	0.45533
sRNA243	Gene504	0.55137
sRNA82	Gene1150	0.533
sRNA29	Gene2581	0.55678
sRNA9	Gene441	0.48729
sRNA62	Gene2339	0.45914
sRNA212	Gene560	0.53067
sRNA242	Gene1104	0.47275
sRNA200	Gene2466	0.48429
sRNA221	Gene471	0.56226
sRNA209	Gene1084	0.5039
sRNA226	Gene551	0.49704
sRNA9	Gene44	0.58726
sRNA177	Gene562	0.531
sRNA86	Gene575	0.59583
sRNA9	Gene1204	0.52515
sRNA2	Gene1840	0.48966
sRNA198	Gene2410	0.46781
sRNA50	Gene1479	0.53331
sRNA165	Gene216	0.45577
sRNA200	Gene1242	0.47301
sRNA10	Gene285	0.54055
sRNA50	Gene193	0.48759
sRNA167	Gene1022	0.54119
sRNA17	Gene1745	0.52082
sRNA9	Gene759	0.53602
sRNA68	Gene2780	0.50324
sRNA9	Gene514	0.48106
sRNA183	Gene2162	0.55285
sRNA131	Gene134	0.57081
sRNA9	Gene513	0.53004
sRNA204	Gene914	0.50351
sRNA9	Gene1367	0.54734
sRNA266	Gene2511	0.45894
sRNA46	Gene2017	0.55612
sRNA213	Gene1157	0.53583
sRNA200	Gene1489	0.45952
sRNA221	Gene594	0.49058
sRNA29	Gene1595	0.52669
sRNA93	Gene2536	0.49718
sRNA209	Gene971	0.56919
sRNA245	Gene2049	0.5284
sRNA46	Gene1626	0.58864
sRNA9	Gene1863	0.55831
sRNA17	Gene1753	0.51178
sRNA221	Gene1041	0.5364
sRNA249	Gene2080	0.459
sRNA243	Gene18	0.54193
sRNA9	Gene744	0.56783
sRNA274	Gene2855	0.48046
sRNA139	Gene950	0.51336
sRNA48	Gene922	0.56788
sRNA36	Gene1242	0.52935
sRNA13	Gene207	0.46329
sRNA160	Gene654	0.5193
sRNA9	Gene2181	0.51608
sRNA242	Gene1767	0.46801
sRNA40	Gene1885	0.49334
sRNA6	Gene2103	0.47801
sRNA9	Gene23	0.51318
sRNA3	Gene1723	0.49355
sRNA19	Gene973	0.576
sRNA9	Gene1801	0.47983
sRNA211	Gene767	0.48806
sRNA158	Gene1113	0.53327
sRNA32	Gene2250	0.5266
sRNA225	Gene840	0.50892
sRNA221	Gene1240	0.54795
sRNA223	Gene746	0.58784
sRNA9	Gene2534	0.52488
sRNA267	Gene1692	0.45876
sRNA9	Gene903	0.54766
sRNA236	Gene1830	0.5481
sRNA229	Gene163	0.54204
sRNA272	Gene432	0.50825
sRNA232	Gene2104	0.45652
sRNA29	Gene601	0.52662
sRNA69	Gene1683	0.47077
sRNA16	Gene1763	0.5314
sRNA161	Gene95	0.5054
sRNA9	Gene2745	0.53011
sRNA130	Gene1148	0.56508
sRNA17	Gene1796	0.51501
sRNA16	Gene2731	0.5045
sRNA9	Gene976	0.50704
sRNA101	Gene1436	0.53398
sRNA326	Gene2180	0.4785
sRNA140	Gene914	0.5775
sRNA9	Gene701	0.56228
sRNA19	Gene97	0.58195
sRNA9	Gene610	0.5122
sRNA61	Gene1670	0.50568
sRNA80	Gene1937	0.49409
sRNA267	Gene251	0.45866
sRNA9	Gene2119	0.55263
sRNA80	Gene970	0.53995
sRNA16	Gene1676	0.51042
sRNA90	Gene1136	0.51829
sRNA16	Gene748	0.54487
sRNA206	Gene442	0.52813
sRNA83	Gene795	0.54266
sRNA210	Gene2108	0.50163
sRNA150	Gene62	0.51342
sRNA3	Gene1351	0.47001
sRNA210	Gene743	0.50437
sRNA9	Gene1374	0.48904
sRNA267	Gene2365	0.45582
sRNA210	Gene324	0.4959
sRNA80	Gene926	0.52189
sRNA40	Gene2672	0.48318
sRNA96	Gene2061	0.51651
sRNA79	Gene2344	0.50856
sRNA234	Gene1990	0.57299
sRNA30	Gene1565	0.55848
sRNA77	Gene778	0.57975
sRNA272	Gene2265	0.51356
sRNA1	Gene1126	0.4813
sRNA41	Gene833	0.54457
sRNA38	Gene1879	0.49703
sRNA117	Gene1225	0.55255
sRNA50	Gene1901	0.54026
sRNA50	Gene156	0.50527
sRNA151	Gene191	0.57375
sRNA103	Gene895	0.55325
sRNA157	Gene685	0.54738
sRNA9	Gene1569	0.50807
sRNA28	Gene1292	0.47025
sRNA36	Gene486	0.54164
sRNA119	Gene456	0.53268
sRNA199	Gene1653	0.55457
sRNA9	Gene2164	0.49427
sRNA242	Gene321	0.49103
sRNA275	Gene2156	0.46994
sRNA209	Gene474	0.52407
sRNA221	Gene1700	0.5579
sRNA38	Gene13	0.58284
sRNA200	Gene1974	0.4954
sRNA174	Gene2526	0.49368
sRNA209	Gene326	0.53061
sRNA233	Gene1090	0.52367
sRNA6	Gene1489	0.49775
sRNA13	Gene906	0.46527
sRNA80	Gene1049	0.49572
sRNA227	Gene2088	0.51006
sRNA118	Gene2116	0.55852
sRNA187	Gene286	0.53887
sRNA50	Gene1113	0.53724
sRNA9	Gene166	0.4731
sRNA240	Gene153	0.55924
sRNA97	Gene410	0.55861
sRNA207	Gene2737	0.50668
sRNA152	Gene176	0.53794
sRNA19	Gene622	0.57412
sRNA218	Gene654	0.5583
sRNA89	Gene1348	0.52317
sRNA238	Gene1035	0.46685
sRNA180	Gene160	0.56336
sRNA190	Gene436	0.53051
sRNA213	Gene1111	0.51958
sRNA59	Gene1971	0.52941
sRNA17	Gene2558	0.50255
sRNA242	Gene360	0.50552
sRNA139	Gene2147	0.53043
sRNA32	Gene1327	0.47237
sRNA276	Gene2229	0.49289
sRNA18	Gene1803	0.51707
sRNA90	Gene2449	0.53882
sRNA38	Gene1696	0.53816
sRNA224	Gene601	0.56236
sRNA50	Gene360	0.56044
sRNA86	Gene442	0.62584
sRNA214	Gene1812	0.5291
sRNA50	Gene2035	0.52791
sRNA139	Gene1069	0.5247
sRNA9	Gene30	0.58025
sRNA36	Gene890	0.55009
sRNA2	Gene1160	0.55069
sRNA32	Gene82	0.45025
sRNA152	Gene2466	0.52195
sRNA113	Gene2585	0.48339
sRNA190	Gene702	0.54184
sRNA134	Gene895	0.52636
sRNA72	Gene2450	0.51875
sRNA50	Gene2167	0.53108
sRNA214	Gene1114	0.5413
sRNA159	Gene1180	0.54243
sRNA205	Gene2167	0.45366
sRNA126	Gene419	0.51704
sRNA13	Gene112	0.52145
sRNA106	Gene129	0.57116
sRNA164	Gene2695	0.50453
sRNA112	Gene1323	0.58749
sRNA198	Gene1140	0.4558
sRNA97	Gene1235	0.55037
sRNA50	Gene787	0.57336
sRNA6	Gene1763	0.5124
sRNA211	Gene327	0.49097
sRNA9	Gene2593	0.49356
sRNA204	Gene1903	0.49091
sRNA199	Gene436	0.53244
sRNA17	Gene1803	0.52779
sRNA208	Gene2280	0.50746
sRNA152	Gene1669	0.53301
sRNA204	Gene49	0.5209
sRNA31	Gene1832	0.51122
sRNA209	Gene528	0.56822
sRNA37	Gene173	0.59626
sRNA109	Gene881	0.5287
sRNA242	Gene419	0.47109
sRNA47	Gene678	0.56312
sRNA97	Gene413	0.44826
sRNA6	Gene1941	0.47224
sRNA220	Gene286	0.5405
sRNA232	Gene215	0.48379
sRNA128	Gene1003	0.57818
sRNA240	Gene1552	0.63484
sRNA150	Gene1845	0.52388
sRNA125	Gene1180	0.60547
sRNA8	Gene125	0.48914
sRNA32	Gene1820	0.50801
sRNA236	Gene458	0.55878
sRNA176	Gene349	0.5393
sRNA9	Gene355	0.48975
sRNA38	Gene1775	0.57744
sRNA9	Gene569	0.54935
sRNA214	Gene2779	0.46647
sRNA34	Gene373	0.45056
sRNA34	Gene1848	0.49055
sRNA2	Gene1488	0.53408
sRNA29	Gene1019	0.54681
sRNA118	Gene2042	0.53412
sRNA131	Gene952	0.51643
sRNA74	Gene2685	0.53509
sRNA80	Gene426	0.50499
sRNA125	Gene2562	0.5657
sRNA67	Gene1816	0.48534
sRNA69	Gene584	0.48262
sRNA98	Gene1424	0.49947
sRNA127	Gene636	0.55082
sRNA200	Gene1703	0.48707
sRNA31	Gene348	0.49683
sRNA211	Gene2579	0.53677
sRNA31	Gene1543	0.49068
sRNA9	Gene56	0.52234
sRNA103	Gene1931	0.5084
sRNA29	Gene2662	0.56103
sRNA40	Gene393	0.45445
sRNA101	Gene631	0.49944
sRNA24	Gene1999	0.47138
sRNA9	Gene2683	0.4577
sRNA143	Gene1071	0.53511
sRNA106	Gene392	0.50707
sRNA97	Gene1505	0.54609
sRNA50	Gene817	0.51121
sRNA19	Gene2850	0.53278
sRNA243	Gene186	0.57912
sRNA185	Gene1482	0.4801
sRNA278	Gene557	0.468
sRNA247	Gene1587	0.47687
sRNA172	Gene1114	0.50617
sRNA8	Gene1408	0.48438
sRNA190	Gene775	0.57289
sRNA234	Gene1630	0.55627
sRNA236	Gene271	0.46388
sRNA3	Gene1751	0.44566
sRNA31	Gene1432	0.4767
sRNA120	Gene870	0.5304
sRNA113	Gene488	0.51801
sRNA146	Gene1110	0.51222
sRNA37	Gene7	0.55151
sRNA104	Gene1666	0.45959
sRNA170	Gene182	0.50529
sRNA9	Gene1662	0.48471
sRNA124	Gene294	0.53838
sRNA9	Gene352	0.53604
sRNA152	Gene80	0.55995
sRNA16	Gene749	0.49946
sRNA220	Gene1084	0.55563
sRNA213	Gene2253	0.5728
sRNA235	Gene1125	0.5505
sRNA146	Gene612	0.52927
sRNA19	Gene1623	0.5223
sRNA139	Gene562	0.53048
sRNA135	Gene693	0.49581
sRNA152	Gene2651	0.48164
sRNA6	Gene2107	0.5459
sRNA242	Gene77	0.47388
sRNA207	Gene1644	0.54807
sRNA118	Gene1113	0.50958
sRNA100	Gene2513	0.56361
sRNA37	Gene2230	0.59897
sRNA233	Gene851	0.55976
sRNA70	Gene821	0.56934
sRNA145	Gene110	0.53149
sRNA50	Gene270	0.52893
sRNA9	Gene2251	0.5015
sRNA129	Gene326	0.54112
sRNA200	Gene2207	0.46687
sRNA79	Gene2707	0.51792
sRNA1	Gene2241	0.48116
sRNA3	Gene2232	0.48521
sRNA29	Gene404	0.52052
sRNA56	Gene192	0.48752
sRNA160	Gene384	0.53249
sRNA140	Gene1413	0.60003
sRNA125	Gene1806	0.56544
sRNA147	Gene2206	0.53451
sRNA220	Gene1190	0.56078
sRNA282	Gene2563	0.52748
sRNA221	Gene2526	0.52064
sRNA16	Gene452	0.49463
sRNA209	Gene1048	0.56847
sRNA191	Gene129	0.49991
sRNA17	Gene1555	0.52223
sRNA165	Gene538	0.5187
sRNA258	Gene503	0.48895
sRNA40	Gene1973	0.51142
sRNA150	Gene1537	0.55369
sRNA226	Gene1134	0.52007
sRNA133	Gene2266	0.47839
sRNA16	Gene1322	0.4746
sRNA32	Gene1665	0.47269
sRNA157	Gene1108	0.50566
sRNA12	Gene1995	0.5359
sRNA16	Gene2079	0.48877
sRNA120	Gene2115	0.52409
sRNA221	Gene1340	0.55793
sRNA234	Gene899	0.56001
sRNA50	Gene2151	0.54597
sRNA198	Gene33	0.5262
sRNA197	Gene2516	0.49714
sRNA207	Gene105	0.50602
sRNA201	Gene2605	0.50709
sRNA16	Gene1974	0.51254
sRNA249	Gene1559	0.4834
sRNA17	Gene1323	0.53039
sRNA128	Gene797	0.57021
sRNA9	Gene467	0.56529
sRNA64	Gene922	0.58504
sRNA177	Gene1093	0.54002
sRNA77	Gene1087	0.5136
sRNA223	Gene505	0.53033
sRNA9	Gene296	0.51259
sRNA29	Gene2550	0.47436
sRNA17	Gene2245	0.48596
sRNA63	Gene270	0.51838
sRNA166	Gene83	0.47229
sRNA98	Gene2027	0.53264
sRNA221	Gene46	0.52636
sRNA192	Gene2841	0.46833
sRNA200	Gene1722	0.47787
sRNA77	Gene2349	0.56668
sRNA16	Gene1267	0.47879
sRNA95	Gene265	0.57184
sRNA112	Gene1871	0.55356
sRNA79	Gene2122	0.48783
sRNA43	Gene1804	0.45188
sRNA56	Gene1700	0.4679
sRNA37	Gene2046	0.55043
sRNA183	Gene2490	0.48209
sRNA232	Gene2180	0.48622
sRNA96	Gene2854	0.50085
sRNA289	Gene268	0.54748
sRNA211	Gene921	0.48024
sRNA72	Gene136	0.52219
sRNA243	Gene698	0.52261
sRNA13	Gene908	0.44577
sRNA220	Gene177	0.50257
sRNA142	Gene479	0.49111
sRNA98	Gene1394	0.51841
sRNA232	Gene143	0.49398
sRNA59	Gene1597	0.55488
sRNA3	Gene1681	0.49289
sRNA124	Gene171	0.5309
sRNA90	Gene817	0.55132
sRNA145	Gene427	0.51961
sRNA31	Gene1912	0.47352
sRNA221	Gene520	0.53274
sRNA55	Gene2217	0.58817
sRNA28	Gene2190	0.463
sRNA16	Gene131	0.52582
sRNA245	Gene588	0.55354
sRNA143	Gene966	0.58191
sRNA128	Gene171	0.53951
sRNA3	Gene2569	0.49061
sRNA19	Gene118	0.56078
sRNA2	Gene404	0.54205
sRNA242	Gene725	0.4874
sRNA200	Gene2740	0.49369
sRNA211	Gene2703	0.4472
sRNA24	Gene1355	0.46299
sRNA240	Gene1751	0.58126
sRNA9	Gene394	0.55713
sRNA9	Gene137	0.56887
sRNA101	Gene1500	0.52097
sRNA200	Gene2361	0.48462
sRNA236	Gene561	0.5545
sRNA243	Gene248	0.55542
sRNA9	Gene2695	0.52432
sRNA305	Gene1401	0.54446
sRNA9	Gene294	0.60272
sRNA226	Gene499	0.46634
sRNA118	Gene704	0.52683
sRNA90	Gene2596	0.54259
sRNA48	Gene2381	0.56808
sRNA220	Gene851	0.57324
sRNA2	Gene256	0.60127
sRNA234	Gene2814	0.52401
sRNA229	Gene1160	0.52263
sRNA113	Gene57	0.52151
sRNA146	Gene2118	0.5647
sRNA251	Gene725	0.4894
sRNA170	Gene538	0.52001
sRNA120	Gene606	0.48698
sRNA78	Gene725	0.5725
sRNA31	Gene1887	0.47751
sRNA157	Gene906	0.49443
sRNA123	Gene234	0.49779
sRNA179	Gene167	0.52804
sRNA140	Gene1177	0.57458
sRNA143	Gene268	0.5412
sRNA128	Gene1516	0.51912
sRNA187	Gene2713	0.53394
sRNA134	Gene1121	0.54626
sRNA200	Gene1991	0.44782
sRNA138	Gene509	0.49647
sRNA166	Gene1351	0.48333
sRNA57	Gene1771	0.49475
sRNA214	Gene1240	0.5024
sRNA3	Gene1909	0.45246
sRNA210	Gene455	0.5601
sRNA46	Gene1803	0.54145
sRNA112	Gene2498	0.54014
sRNA38	Gene2272	0.5357
sRNA145	Gene238	0.52328
sRNA227	Gene2456	0.56235
sRNA229	Gene489	0.54877
sRNA209	Gene705	0.57004
sRNA9	Gene1101	0.572
sRNA6	Gene2494	0.48327
sRNA210	Gene971	0.52303
sRNA3	Gene1641	0.47888
sRNA207	Gene2115	0.52038
sRNA69	Gene1812	0.46314
sRNA33	Gene2772	0.49665
sRNA234	Gene1066	0.56076
sRNA279	Gene503	0.49254
sRNA77	Gene795	0.60968
sRNA77	Gene2348	0.57526
sRNA123	Gene685	0.49217
sRNA172	Gene813	0.54314
sRNA34	Gene2320	0.47473
sRNA72	Gene1081	0.55816
sRNA143	Gene1413	0.52511
sRNA187	Gene225	0.55084
sRNA9	Gene1161	0.5298
sRNA77	Gene817	0.56129
sRNA13	Gene2758	0.45989
sRNA56	Gene2411	0.45323
sRNA233	Gene1663	0.60765
sRNA145	Gene964	0.54699
sRNA74	Gene183	0.54166
sRNA70	Gene269	0.56829
sRNA190	Gene906	0.57283
sRNA221	Gene2503	0.57445
sRNA31	Gene2144	0.50814
sRNA50	Gene1175	0.53161
sRNA69	Gene1832	0.50549
sRNA11	Gene1887	0.51405
sRNA16	Gene1487	0.50637
sRNA38	Gene1417	0.55976
sRNA90	Gene1405	0.54714
sRNA237	Gene1406	0.50417
sRNA177	Gene1967	0.55326
sRNA209	Gene1005	0.59718
sRNA80	Gene1946	0.50273
sRNA38	Gene1528	0.51072
sRNA221	Gene523	0.51473
sRNA72	Gene326	0.51323
sRNA47	Gene1476	0.49234
sRNA242	Gene1824	0.47257
sRNA32	Gene1784	0.54393
sRNA235	Gene1806	0.55325
sRNA19	Gene729	0.57157
sRNA116	Gene741	0.55729
sRNA56	Gene823	0.4488
sRNA180	Gene173	0.53158
sRNA249	Gene2615	0.45291
sRNA31	Gene1052	0.48062
sRNA47	Gene2604	0.5013
sRNA265	Gene711	0.48165
sRNA32	Gene2666	0.4486
sRNA159	Gene1151	0.52511
sRNA197	Gene372	0.52735
sRNA154	Gene1410	0.55885
sRNA131	Gene393	0.54796
sRNA9	Gene2604	0.47143
sRNA59	Gene30	0.59433
sRNA224	Gene2201	0.56912
sRNA199	Gene726	0.53196
sRNA79	Gene1988	0.53624
sRNA96	Gene1505	0.47964
sRNA50	Gene728	0.5572
sRNA267	Gene187	0.48431
sRNA236	Gene317	0.58647
sRNA250	Gene448	0.47568
sRNA6	Gene2623	0.46149
sRNA53	Gene1571	0.53295
sRNA220	Gene524	0.55235
sRNA196	Gene551	0.45517
sRNA123	Gene517	0.47445
sRNA24	Gene858	0.48879
sRNA2	Gene2464	0.48589
sRNA113	Gene619	0.50839
sRNA165	Gene752	0.4873
sRNA133	Gene1192	0.52301
sRNA208	Gene2040	0.46671
sRNA69	Gene551	0.48079
sRNA1	Gene2103	0.49
sRNA170	Gene1016	0.52576
sRNA34	Gene2735	0.47923
sRNA176	Gene833	0.56973
sRNA29	Gene1485	0.52117
sRNA24	Gene881	0.47696
sRNA34	Gene1745	0.48339
sRNA24	Gene880	0.50876
sRNA9	Gene571	0.5218
sRNA165	Gene501	0.51555
sRNA189	Gene1707	0.50661
sRNA33	Gene2170	0.50899
sRNA40	Gene2167	0.51697
sRNA69	Gene1576	0.48538
sRNA9	Gene865	0.53929
sRNA90	Gene2030	0.50785
sRNA172	Gene1121	0.4911
sRNA79	Gene2342	0.52434
sRNA109	Gene239	0.5506
sRNA47	Gene1619	0.48986
sRNA198	Gene614	0.51479
sRNA9	Gene2814	0.46084
sRNA143	Gene1415	0.57081
sRNA33	Gene927	0.49252
sRNA29	Gene364	0.46397
sRNA247	Gene1722	0.4741
sRNA73	Gene2815	0.51171
sRNA142	Gene1623	0.53997
sRNA206	Gene2503	0.53012
sRNA40	Gene1432	0.52491
sRNA9	Gene2071	0.58295
sRNA224	Gene2468	0.59186
sRNA150	Gene175	0.55981
sRNA223	Gene1177	0.54941
sRNA190	Gene772	0.56647
sRNA118	Gene1969	0.50267
sRNA11	Gene319	0.50799
sRNA245	Gene2289	0.54704
sRNA20	Gene298	0.54823
sRNA29	Gene993	0.55309
sRNA180	Gene2645	0.51725
sRNA111	Gene604	0.5758
sRNA36	Gene1675	0.53824
sRNA9	Gene1693	0.55963
sRNA111	Gene652	0.53654
sRNA177	Gene1097	0.50567
sRNA59	Gene1601	0.49236
sRNA7	Gene1469	0.59204
sRNA157	Gene763	0.54867
sRNA6	Gene647	0.57082
sRNA59	Gene562	0.61946
sRNA9	Gene152	0.47254
sRNA9	Gene2489	0.46714
sRNA213	Gene702	0.5121
sRNA235	Gene501	0.48634
sRNA199	Gene2639	0.53343
sRNA116	Gene1799	0.4932
sRNA31	Gene802	0.4741
sRNA33	Gene2135	0.4782
sRNA127	Gene2153	0.55375
sRNA32	Gene2080	0.4741
sRNA133	Gene1348	0.51399
sRNA46	Gene2121	0.54561
sRNA226	Gene1801	0.56423
sRNA93	Gene832	0.57143
sRNA139	Gene303	0.53269
sRNA200	Gene1762	0.48097
sRNA184	Gene160	0.49279
sRNA146	Gene20	0.57778
sRNA245	Gene1928	0.52614
sRNA213	Gene57	0.51102
sRNA221	Gene731	0.5492
sRNA226	Gene1560	0.53685
sRNA146	Gene487	0.54254
sRNA9	Gene1845	0.52266
sRNA295	Gene1936	0.45943
sRNA47	Gene2695	0.50149
sRNA221	Gene661	0.50844
sRNA69	Gene2855	0.49677
sRNA9	Gene1530	0.46129
sRNA9	Gene1576	0.51694
sRNA79	Gene2136	0.52419
sRNA9	Gene563	0.59066
sRNA19	Gene1175	0.57375
sRNA2	Gene433	0.52452
sRNA173	Gene282	0.44915
sRNA128	Gene133	0.50513
sRNA207	Gene2748	0.51496
sRNA9	Gene2401	0.51581
sRNA269	Gene1180	0.49542
sRNA213	Gene970	0.5473
sRNA9	Gene1806	0.54382
sRNA97	Gene1343	0.513
sRNA72	Gene723	0.51329
sRNA17	Gene1822	0.49863
sRNA146	Gene517	0.51863
sRNA145	Gene2587	0.52994
sRNA221	Gene797	0.49983
sRNA240	Gene1237	0.56729
sRNA113	Gene1980	0.54994
sRNA6	Gene1572	0.47006
sRNA38	Gene254	0.57547
sRNA80	Gene2114	0.54277
sRNA31	Gene624	0.46536
sRNA74	Gene1441	0.49855
sRNA227	Gene2639	0.58855
sRNA9	Gene245	0.47763
sRNA245	Gene1471	0.54511
sRNA198	Gene149	0.53181
sRNA13	Gene590	0.44682
sRNA235	Gene1003	0.50791
sRNA142	Gene265	0.54415
sRNA259	Gene508	0.47964
sRNA157	Gene1353	0.56316
sRNA153	Gene269	0.54689
sRNA90	Gene630	0.58287
sRNA242	Gene1160	0.47646
sRNA60	Gene2689	0.50598
sRNA9	Gene2502	0.53973
sRNA53	Gene2575	0.51011
sRNA221	Gene33	0.50442
sRNA30	Gene1876	0.53787
sRNA72	Gene2095	0.53853
sRNA237	Gene2508	0.56584
sRNA177	Gene905	0.54574
sRNA287	Gene251	0.47648
sRNA221	Gene2469	0.51387
sRNA6	Gene736	0.55191
sRNA157	Gene890	0.53318
sRNA19	Gene2672	0.55686
sRNA133	Gene1067	0.52529
sRNA116	Gene529	0.54599
sRNA70	Gene1354	0.52276
sRNA213	Gene2369	0.55012
sRNA72	Gene1475	0.53039
sRNA1	Gene1703	0.5256
sRNA11	Gene338	0.48805
sRNA62	Gene2196	0.50733
sRNA242	Gene1720	0.45098
sRNA42	Gene564	0.56271
sRNA240	Gene1773	0.56994
sRNA101	Gene1501	0.54412
sRNA295	Gene2687	0.46005
sRNA32	Gene2675	0.53113
sRNA19	Gene1807	0.53545
sRNA220	Gene890	0.50463
sRNA190	Gene186	0.54663
sRNA185	Gene1533	0.50812
sRNA61	Gene1635	0.53035
sRNA72	Gene1373	0.47568
sRNA32	Gene2334	0.54808
sRNA19	Gene915	0.55249
sRNA150	Gene2491	0.50492
sRNA187	Gene787	0.56395
sRNA163	Gene2131	0.55092
sRNA50	Gene257	0.51372
sRNA35	Gene1648	0.54778
sRNA221	Gene124	0.56103
sRNA10	Gene1819	0.56498
sRNA224	Gene2772	0.58913
sRNA9	Gene2028	0.50848
sRNA92	Gene439	0.53392
sRNA151	Gene2744	0.56493
sRNA9	Gene488	0.54148
sRNA9	Gene212	0.57757
sRNA220	Gene22	0.5346
sRNA2	Gene2003	0.49814
sRNA2	Gene2002	0.49708
sRNA242	Gene1772	0.5062
sRNA275	Gene1387	0.47826
sRNA140	Gene2851	0.51734
sRNA43	Gene1504	0.47315
sRNA150	Gene2693	0.47782
sRNA152	Gene1080	0.48495
sRNA50	Gene272	0.54801
sRNA275	Gene2682	0.47792
sRNA71	Gene1888	0.59001
sRNA157	Gene1418	0.56166
sRNA50	Gene1017	0.56699
sRNA222	Gene929	0.49497
sRNA134	Gene650	0.57761
sRNA4	Gene1239	0.46083
sRNA17	Gene2250	0.51046
sRNA9	Gene2009	0.52963
sRNA9	Gene2575	0.52854
sRNA17	Gene2604	0.53552
sRNA29	Gene2320	0.53013
sRNA134	Gene312	0.55303
sRNA112	Gene2557	0.57452
sRNA213	Gene2472	0.52949
sRNA97	Gene2098	0.50728
sRNA9	Gene2339	0.46379
sRNA7	Gene360	0.60439
sRNA142	Gene863	0.49241
sRNA220	Gene19	0.55614
sRNA101	Gene2755	0.49606
sRNA227	Gene442	0.5722
sRNA146	Gene1194	0.52631
sRNA152	Gene1799	0.48272
sRNA224	Gene1780	0.57385
sRNA81	Gene585	0.51416
sRNA239	Gene520	0.52907
sRNA97	Gene348	0.54125
sRNA24	Gene2023	0.48377
sRNA106	Gene639	0.57795
sRNA13	Gene156	0.47408
sRNA198	Gene203	0.4882
sRNA221	Gene464	0.53523
sRNA69	Gene1489	0.46683
sRNA40	Gene1699	0.53401
sRNA17	Gene1516	0.48729
sRNA9	Gene548	0.58226
sRNA51	Gene1349	0.57108
sRNA90	Gene1704	0.51527
sRNA106	Gene697	0.52057
sRNA123	Gene852	0.50199
sRNA5	Gene416	0.5051
sRNA313	Gene1617	0.52549
sRNA220	Gene2664	0.55006
sRNA207	Gene1264	0.58717
sRNA104	Gene724	0.55201
sRNA77	Gene1123	0.56993
sRNA247	Gene1401	0.48078
sRNA164	Gene1180	0.52186
sRNA32	Gene112	0.54117
sRNA50	Gene1723	0.53152
sRNA59	Gene739	0.52466
sRNA175	Gene2415	0.51245
sRNA209	Gene1583	0.53459
sRNA266	Gene373	0.45362
sRNA50	Gene2299	0.50929
sRNA9	Gene2344	0.44634
sRNA242	Gene2632	0.49403
sRNA240	Gene1885	0.55489
sRNA97	Gene2814	0.50316
sRNA212	Gene495	0.55925
sRNA244	Gene1175	0.5645
sRNA139	Gene1012	0.54623
sRNA204	Gene1103	0.50844
sRNA16	Gene1488	0.48599
sRNA138	Gene114	0.53793
sRNA272	Gene1206	0.55434
sRNA220	Gene865	0.56178
sRNA142	Gene297	0.54906
sRNA9	Gene2833	0.5458
sRNA3	Gene563	0.47719
sRNA142	Gene1058	0.51108
sRNA185	Gene1970	0.45571
sRNA62	Gene197	0.54019
sRNA43	Gene2244	0.51923
sRNA229	Gene501	0.53842
sRNA17	Gene2550	0.48812
sRNA9	Gene2406	0.56078
sRNA71	Gene662	0.58287
sRNA34	Gene2495	0.47687
sRNA9	Gene1848	0.48469
sRNA9	Gene2619	0.52922
sRNA26	Gene2451	0.52735
sRNA153	Gene1556	0.5646
sRNA113	Gene442	0.52069
sRNA36	Gene2692	0.51303
sRNA228	Gene936	0.49477
sRNA155	Gene2674	0.48447
sRNA9	Gene1279	0.57201
sRNA33	Gene2126	0.50278
sRNA169	Gene964	0.52424
sRNA220	Gene2785	0.57577
sRNA220	Gene1031	0.57464
sRNA157	Gene766	0.5057
sRNA43	Gene2046	0.47829
sRNA32	Gene2344	0.4725
sRNA187	Gene36	0.54616
sRNA130	Gene938	0.5834
sRNA211	Gene1413	0.45065
sRNA123	Gene1249	0.52764
sRNA223	Gene1263	0.56726
sRNA50	Gene494	0.48573
sRNA41	Gene545	0.5133
sRNA157	Gene904	0.55745
sRNA77	Gene7	0.57002
sRNA221	Gene2823	0.52116
sRNA3	Gene1156	0.52018
sRNA50	Gene1806	0.45519
sRNA248	Gene2026	0.46282
sRNA57	Gene1409	0.50908
sRNA18	Gene501	0.56489
sRNA177	Gene649	0.49282
sRNA212	Gene1997	0.57386
sRNA159	Gene2	0.55561
sRNA9	Gene1933	0.47742
sRNA28	Gene2816	0.4705
sRNA34	Gene2436	0.46949
sRNA130	Gene12	0.55102
sRNA277	Gene176	0.46705
sRNA2	Gene2133	0.50427
sRNA97	Gene1576	0.49711
sRNA9	Gene1017	0.57093
sRNA201	Gene2505	0.50484
sRNA80	Gene2514	0.50147
sRNA9	Gene982	0.49696
sRNA9	Gene1722	0.54374
sRNA46	Gene1832	0.55223
sRNA170	Gene1864	0.52683
sRNA153	Gene620	0.57972
sRNA10	Gene171	0.58584
sRNA130	Gene2307	0.55841
sRNA227	Gene722	0.5385
sRNA108	Gene467	0.5356
sRNA143	Gene527	0.53213
sRNA243	Gene742	0.55719
sRNA223	Gene1696	0.53508
sRNA56	Gene2722	0.494
sRNA150	Gene894	0.55558
sRNA209	Gene2645	0.58371
sRNA187	Gene492	0.55404
sRNA71	Gene2456	0.54377
sRNA224	Gene728	0.59278
sRNA108	Gene318	0.46806
sRNA10	Gene727	0.56007
sRNA74	Gene1061	0.48377
sRNA240	Gene654	0.53257
sRNA50	Gene773	0.54643
sRNA116	Gene430	0.53128
sRNA1	Gene2228	0.48101
sRNA177	Gene1047	0.52055
sRNA285	Gene2707	0.47434
sRNA9	Gene2699	0.55166
sRNA234	Gene1036	0.55428
sRNA51	Gene922	0.57113
sRNA8	Gene639	0.51737
sRNA9	Gene2458	0.55902
sRNA96	Gene44	0.55021
sRNA150	Gene1745	0.52631
sRNA172	Gene133	0.56561
sRNA32	Gene1635	0.48954
sRNA243	Gene575	0.56188
sRNA9	Gene2731	0.56902
sRNA124	Gene1284	0.5461
sRNA232	Gene109	0.49591
sRNA152	Gene1097	0.53687
sRNA45	Gene1928	0.51329
sRNA118	Gene2703	0.50784
sRNA58	Gene1439	0.51152
sRNA249	Gene1097	0.50186
sRNA47	Gene2849	0.49306
sRNA23	Gene2559	0.4874
sRNA308	Gene2050	0.48508
sRNA87	Gene1531	0.53272
sRNA208	Gene1005	0.48629
sRNA50	Gene1351	0.47529
sRNA3	Gene2799	0.52142
sRNA165	Gene56	0.48669
sRNA7	Gene2747	0.56522
sRNA214	Gene2155	0.57179
sRNA90	Gene1801	0.5519
sRNA151	Gene776	0.57186
sRNA73	Gene1989	0.49816
sRNA236	Gene1226	0.5728
sRNA50	Gene2785	0.53901
sRNA214	Gene411	0.46938
sRNA245	Gene2641	0.53295
sRNA28	Gene1821	0.48264
sRNA177	Gene2405	0.53703
sRNA9	Gene2693	0.55267
sRNA9	Gene978	0.45963
sRNA109	Gene431	0.54034
sRNA226	Gene1206	0.53378
sRNA131	Gene650	0.54388
sRNA191	Gene383	0.48046
sRNA212	Gene2094	0.58505
sRNA183	Gene2436	0.48974
sRNA210	Gene1422	0.50682
sRNA96	Gene1115	0.53258
sRNA45	Gene1988	0.5484
sRNA3	Gene1481	0.55537
sRNA213	Gene722	0.54803
sRNA267	Gene1123	0.46334
sRNA267	Gene1327	0.46348
sRNA34	Gene1803	0.50134
sRNA38	Gene729	0.55876
sRNA117	Gene1900	0.59345
sRNA126	Gene520	0.52773
sRNA167	Gene1416	0.52448
sRNA11	Gene562	0.51517
sRNA40	Gene377	0.54693
sRNA140	Gene1113	0.55012
sRNA59	Gene2053	0.53366
sRNA228	Gene467	0.50295
sRNA249	Gene1590	0.51143
sRNA53	Gene2507	0.50899
sRNA10	Gene28	0.60243
sRNA242	Gene634	0.46965
sRNA145	Gene950	0.50697
sRNA2	Gene1939	0.4917
sRNA70	Gene889	0.58893
sRNA74	Gene2089	0.48027
sRNA9	Gene299	0.58568
sRNA109	Gene1535	0.52682
sRNA3	Gene933	0.47257
sRNA38	Gene1402	0.56681
sRNA9	Gene957	0.5181
sRNA11	Gene1234	0.48275
sRNA9	Gene2192	0.51521
sRNA183	Gene443	0.52587
sRNA108	Gene1202	0.55597
sRNA31	Gene1604	0.46428
sRNA112	Gene1114	0.55687
sRNA97	Gene1659	0.51884
sRNA151	Gene1290	0.49551
sRNA43	Gene2666	0.46849
sRNA9	Gene2035	0.47522
sRNA237	Gene1225	0.53465
sRNA274	Gene2534	0.45827
sRNA210	Gene1476	0.48002
sRNA9	Gene891	0.52788
sRNA111	Gene1122	0.47209
sRNA153	Gene1873	0.49781
sRNA111	Gene86	0.51971
sRNA123	Gene940	0.45635
sRNA87	Gene1893	0.55671
sRNA69	Gene2458	0.50031
sRNA32	Gene1950	0.50616
sRNA9	Gene1409	0.55364
sRNA3	Gene1860	0.52918
sRNA117	Gene2747	0.55422
sRNA86	Gene281	0.56579
sRNA9	Gene633	0.48903
sRNA199	Gene239	0.55111
sRNA134	Gene287	0.53312
sRNA157	Gene937	0.54395
sRNA126	Gene1089	0.52162
sRNA50	Gene1409	0.49005
sRNA162	Gene200	0.56625
sRNA143	Gene890	0.5505
sRNA79	Gene1584	0.52989
sRNA223	Gene1230	0.58885
sRNA56	Gene1645	0.4908
sRNA176	Gene2718	0.50818
sRNA187	Gene309	0.58295
sRNA123	Gene484	0.48106
sRNA242	Gene2493	0.49084
sRNA224	Gene307	0.57567
sRNA6	Gene1179	0.50424
sRNA166	Gene1734	0.49864
sRNA207	Gene2037	0.55773
sRNA85	Gene2452	0.49555
sRNA50	Gene502	0.5063
sRNA29	Gene2388	0.56709
sRNA220	Gene2250	0.57216
sRNA118	Gene265	0.54618
sRNA266	Gene584	0.44565
sRNA197	Gene629	0.50927
sRNA139	Gene1071	0.53488
sRNA128	Gene2163	0.52186
sRNA220	Gene2352	0.55853
sRNA109	Gene653	0.54548
sRNA6	Gene1357	0.4871
sRNA265	Gene2390	0.48942
sRNA224	Gene2668	0.59915
sRNA240	Gene2585	0.5488
sRNA224	Gene695	0.5943
sRNA34	Gene1556	0.46114
sRNA266	Gene2799	0.4593
sRNA305	Gene2320	0.55214
sRNA263	Gene2229	0.52014
sRNA152	Gene935	0.53945
sRNA147	Gene2611	0.51764
sRNA33	Gene2139	0.52389
sRNA196	Gene1121	0.46527
sRNA213	Gene2356	0.53111
sRNA50	Gene2099	0.4864
sRNA9	Gene908	0.52917
sRNA74	Gene706	0.49963
sRNA165	Gene1722	0.47691
sRNA50	Gene891	0.45953
sRNA190	Gene452	0.58387
sRNA9	Gene2262	0.50511
sRNA126	Gene415	0.47156
sRNA47	Gene61	0.48452
sRNA34	Gene65	0.461
sRNA265	Gene662	0.49815
sRNA130	Gene2625	0.55922
sRNA50	Gene633	0.5681
sRNA279	Gene786	0.48237
sRNA190	Gene112	0.59051
sRNA9	Gene2473	0.51406
sRNA151	Gene2780	0.55103
sRNA76	Gene1581	0.57014
sRNA84	Gene623	0.49465
sRNA36	Gene1821	0.52528
sRNA40	Gene1952	0.53794
sRNA29	Gene2463	0.51853
sRNA164	Gene2847	0.46164
sRNA259	Gene1998	0.46231
sRNA200	Gene1593	0.47375
sRNA199	Gene721	0.57325
sRNA9	Gene1348	0.51863
sRNA20	Gene1375	0.5681
sRNA245	Gene857	0.56824
sRNA2	Gene1436	0.52078
sRNA225	Gene551	0.58917
sRNA209	Gene2573	0.49927
sRNA59	Gene1497	0.54564
sRNA257	Gene2031	0.48065
sRNA242	Gene1249	0.51072
sRNA210	Gene335	0.45241
sRNA30	Gene1301	0.52181
sRNA123	Gene181	0.51412
sRNA238	Gene1985	0.50868
sRNA234	Gene1741	0.59839
sRNA50	Gene1505	0.56667
sRNA47	Gene1233	0.46782
sRNA225	Gene2421	0.58466
sRNA111	Gene167	0.57434
sRNA71	Gene168	0.56938
sRNA71	Gene1498	0.55243
sRNA209	Gene562	0.53505
sRNA151	Gene462	0.55435
sRNA143	Gene2670	0.53214
sRNA9	Gene198	0.55778
sRNA134	Gene102	0.46713
sRNA236	Gene275	0.56904
sRNA9	Gene1180	0.5277
sRNA51	Gene2063	0.5529
sRNA103	Gene389	0.51264
sRNA218	Gene757	0.54003
sRNA36	Gene1421	0.5196
sRNA108	Gene1893	0.52125
sRNA72	Gene662	0.53775
sRNA32	Gene380	0.52325
sRNA9	Gene2030	0.51107
sRNA184	Gene73	0.47609
sRNA89	Gene823	0.49632
sRNA210	Gene410	0.53368
sRNA233	Gene2091	0.55598
sRNA9	Gene527	0.55656
sRNA70	Gene919	0.53558
sRNA221	Gene773	0.48652
sRNA76	Gene231	0.52916
sRNA170	Gene1002	0.52367
sRNA249	Gene336	0.46869
sRNA29	Gene374	0.55403
sRNA9	Gene2669	0.46512
sRNA52	Gene1505	0.57533
sRNA9	Gene1554	0.4718
sRNA225	Gene269	0.58197
sRNA267	Gene2855	0.45671
sRNA240	Gene2567	0.50329
sRNA9	Gene2531	0.54024
sRNA204	Gene175	0.49963
sRNA320	Gene1482	0.51426
sRNA9	Gene1005	0.45111
sRNA87	Gene2002	0.57345
sRNA85	Gene421	0.49714
sRNA223	Gene914	0.56764
sRNA19	Gene601	0.57709
sRNA239	Gene893	0.52551
sRNA26	Gene1324	0.50529
sRNA78	Gene492	0.54365
sRNA10	Gene2116	0.60601
sRNA199	Gene562	0.55788
sRNA181	Gene2320	0.60774
sRNA245	Gene2139	0.52043
sRNA7	Gene2273	0.51497
sRNA267	Gene692	0.49282
sRNA297	Gene112	0.45916
sRNA220	Gene818	0.52095
sRNA11	Gene279	0.53599
sRNA267	Gene103	0.46142
sRNA187	Gene796	0.54626
sRNA170	Gene774	0.52253
sRNA6	Gene2388	0.51615
sRNA113	Gene529	0.50128
sRNA86	Gene599	0.57893
sRNA223	Gene2230	0.5717
sRNA45	Gene708	0.53645
sRNA98	Gene2192	0.50088
sRNA34	Gene2010	0.46326
sRNA9	Gene1063	0.54719
sRNA240	Gene1054	0.55473
sRNA189	Gene232	0.47867
sRNA19	Gene232	0.56494
sRNA153	Gene902	0.56206
sRNA221	Gene2591	0.53583
sRNA85	Gene2675	0.49807
sRNA62	Gene1776	0.50307
sRNA245	Gene2569	0.49724
sRNA265	Gene686	0.48486
sRNA173	Gene393	0.48124
sRNA52	Gene1793	0.55727
sRNA59	Gene1001	0.59935
sRNA24	Gene2712	0.46346
sRNA160	Gene442	0.51569
sRNA183	Gene283	0.49877
sRNA59	Gene1607	0.54091
sRNA169	Gene569	0.51814
sRNA38	Gene1216	0.58596
sRNA46	Gene2563	0.53693
sRNA20	Gene2433	0.55821
sRNA32	Gene2216	0.55081
sRNA9	Gene659	0.51316
sRNA285	Gene1248	0.44941
sRNA186	Gene1921	0.57393
sRNA224	Gene482	0.55893
sRNA229	Gene235	0.50387
sRNA67	Gene883	0.5543
sRNA152	Gene194	0.52446
sRNA226	Gene2226	0.5566
sRNA170	Gene2704	0.55605
sRNA97	Gene1401	0.52247
sRNA133	Gene449	0.55562
sRNA104	Gene960	0.53949
sRNA34	Gene1725	0.46651
sRNA153	Gene953	0.53574
sRNA92	Gene384	0.50757
sRNA58	Gene609	0.51795
sRNA255	Gene891	0.48117
sRNA31	Gene1902	0.51517
sRNA77	Gene912	0.57885
sRNA9	Gene272	0.54615
sRNA19	Gene588	0.55522
sRNA227	Gene1300	0.50152
sRNA32	Gene1524	0.52722
sRNA139	Gene121	0.52863
sRNA35	Gene2246	0.52498
sRNA123	Gene1091	0.49116
sRNA303	Gene2563	0.47078
sRNA2	Gene1669	0.55031
sRNA60	Gene2452	0.51193
sRNA96	Gene2470	0.49941
sRNA225	Gene1372	0.55961
sRNA265	Gene5	0.56088
sRNA209	Gene918	0.52802
sRNA170	Gene31	0.54371
sRNA186	Gene1973	0.53298
sRNA50	Gene55	0.47997
sRNA126	Gene1289	0.52632
sRNA127	Gene2549	0.53238
sRNA103	Gene2396	0.54184
sRNA172	Gene1092	0.53754
sRNA50	Gene2127	0.56621
sRNA9	Gene1810	0.47538
sRNA86	Gene1622	0.57046
sRNA259	Gene1617	0.45715
sRNA146	Gene496	0.49595
sRNA68	Gene1007	0.54567
sRNA173	Gene1997	0.54035
sRNA58	Gene294	0.49976
sRNA174	Gene252	0.51373
sRNA222	Gene198	0.49834
sRNA80	Gene253	0.55973
sRNA9	Gene458	0.52141
sRNA275	Gene1966	0.44918
sRNA3	Gene2044	0.50196
sRNA221	Gene94	0.50078
sRNA19	Gene949	0.57132
sRNA53	Gene2538	0.48356
sRNA242	Gene2860	0.48788
sRNA158	Gene1846	0.45626
sRNA113	Gene997	0.52099
sRNA139	Gene1389	0.52488
sRNA176	Gene782	0.555
sRNA84	Gene656	0.50301
sRNA138	Gene1907	0.45682
sRNA136	Gene885	0.5209
sRNA224	Gene475	0.53105
sRNA109	Gene692	0.54819
sRNA198	Gene2221	0.45853
sRNA76	Gene851	0.57228
sRNA157	Gene622	0.54221
sRNA31	Gene2682	0.48979
sRNA157	Gene1157	0.52642
sRNA303	Gene2508	0.48416
sRNA242	Gene1117	0.49744
sRNA90	Gene501	0.56473
sRNA179	Gene393	0.52374
sRNA174	Gene905	0.46946
sRNA214	Gene2177	0.52975
sRNA169	Gene771	0.52513
sRNA275	Gene846	0.44758
sRNA52	Gene597	0.57069
sRNA47	Gene2017	0.4693
sRNA45	Gene2177	0.55182
sRNA235	Gene1142	0.49293
sRNA38	Gene239	0.60864
sRNA101	Gene1815	0.52859
sRNA11	Gene1863	0.51387
sRNA108	Gene907	0.46666
sRNA16	Gene410	0.49541
sRNA79	Gene2581	0.51369
sRNA170	Gene823	0.51721
sRNA162	Gene238	0.55543
sRNA159	Gene2089	0.5233
sRNA176	Gene1251	0.50045
sRNA6	Gene1401	0.52238
sRNA13	Gene449	0.49861
sRNA10	Gene2513	0.56256
sRNA207	Gene2248	0.56043
sRNA47	Gene2195	0.50589
sRNA262	Gene2228	0.53929
sRNA173	Gene1998	0.54223
sRNA101	Gene1477	0.53485
sRNA275	Gene2222	0.46339
sRNA97	Gene662	0.5108
sRNA106	Gene1492	0.52499
sRNA95	Gene1062	0.54379
sRNA213	Gene686	0.52144
sRNA163	Gene298	0.53894
sRNA43	Gene81	0.46761
sRNA143	Gene119	0.54683
sRNA160	Gene1695	0.52883
sRNA245	Gene2299	0.51555
sRNA9	Gene743	0.51567
sRNA113	Gene700	0.5162
sRNA69	Gene1472	0.45899
sRNA196	Gene782	0.465
sRNA266	Gene355	0.50207
sRNA69	Gene2704	0.47756
sRNA9	Gene348	0.49458
sRNA29	Gene1034	0.56546
sRNA48	Gene447	0.59387
sRNA9	Gene356	0.55847
sRNA126	Gene2596	0.50529
sRNA267	Gene2489	0.46087
sRNA9	Gene443	0.50194
sRNA269	Gene2840	0.45419
sRNA87	Gene750	0.56959
sRNA95	Gene1194	0.52934
sRNA35	Gene905	0.54899
sRNA154	Gene1548	0.5642
sRNA112	Gene2570	0.54939
sRNA140	Gene2522	0.51954
sRNA98	Gene1369	0.50292
sRNA83	Gene2043	0.53577
sRNA220	Gene784	0.5955
sRNA278	Gene2680	0.52742
sRNA247	Gene1584	0.45648
sRNA81	Gene2423	0.51519
sRNA56	Gene1796	0.49831
sRNA82	Gene2158	0.5444
sRNA289	Gene518	0.46489
sRNA143	Gene269	0.51717
sRNA9	Gene1697	0.51794
sRNA8	Gene554	0.54527
sRNA216	Gene9	0.52755
sRNA50	Gene1386	0.4709
sRNA31	Gene1790	0.48319
sRNA245	Gene1582	0.53257
sRNA77	Gene1030	0.56639
sRNA123	Gene142	0.49041
sRNA90	Gene269	0.5524
sRNA158	Gene581	0.55359
sRNA127	Gene1473	0.55147
sRNA157	Gene460	0.53176
sRNA213	Gene1949	0.50339
sRNA58	Gene1428	0.51954
sRNA269	Gene2196	0.49488
sRNA25	Gene1848	0.50596
sRNA185	Gene2522	0.48412
sRNA113	Gene256	0.47455
sRNA60	Gene2371	0.53829
sRNA113	Gene27	0.50326
sRNA196	Gene279	0.50036
sRNA9	Gene55	0.5372
sRNA177	Gene2482	0.53133
sRNA245	Gene2144	0.53395
sRNA10	Gene377	0.58429
sRNA127	Gene3	0.54411
sRNA9	Gene1122	0.47584
sRNA60	Gene2674	0.57224
sRNA227	Gene100	0.55397
sRNA6	Gene2441	0.48018
sRNA285	Gene301	0.4944
sRNA230	Gene588	0.5275
sRNA45	Gene1269	0.50179
sRNA221	Gene504	0.4624
sRNA29	Gene323	0.5548
sRNA81	Gene2272	0.50495
sRNA234	Gene482	0.58546
sRNA178	Gene2317	0.54191
sRNA221	Gene1631	0.55366
sRNA97	Gene2742	0.54671
sRNA187	Gene167	0.57547
sRNA259	Gene168	0.46264
sRNA185	Gene373	0.45359
sRNA125	Gene248	0.58528
sRNA74	Gene2458	0.53349
sRNA32	Gene530	0.54521
sRNA40	Gene1536	0.53037
sRNA100	Gene572	0.53726
sRNA3	Gene133	0.60413
sRNA125	Gene1334	0.55331
sRNA29	Gene1552	0.54483
sRNA162	Gene2239	0.50843
sRNA187	Gene277	0.49111
sRNA9	Gene2580	0.57951
sRNA82	Gene31	0.48823
sRNA79	Gene2499	0.52323
sRNA231	Gene528	0.50151
sRNA267	Gene550	0.46247
sRNA9	Gene2553	0.5527
sRNA130	Gene1338	0.58303
sRNA19	Gene625	0.56894
sRNA154	Gene1504	0.56283
sRNA107	Gene416	0.55878
sRNA82	Gene602	0.53151
sRNA9	Gene1184	0.50585
sRNA257	Gene1435	0.54321
sRNA19	Gene745	0.58125
sRNA172	Gene1413	0.55165
sRNA183	Gene2549	0.4966
sRNA14	Gene705	0.52086
sRNA11	Gene528	0.52582
sRNA139	Gene1503	0.53272
sRNA36	Gene2109	0.54768
sRNA226	Gene160	0.49608
sRNA221	Gene2555	0.52016
sRNA16	Gene1807	0.50621
sRNA71	Gene1571	0.57593
sRNA40	Gene375	0.56631
sRNA224	Gene632	0.59862
sRNA127	Gene609	0.51841
sRNA223	Gene2765	0.5811
sRNA277	Gene185	0.45531
sRNA11	Gene966	0.54776
sRNA31	Gene954	0.47979
sRNA317	Gene2108	0.46129
sRNA31	Gene2539	0.49802
sRNA96	Gene2126	0.50275
sRNA127	Gene742	0.58846
sRNA71	Gene417	0.56226
sRNA166	Gene46	0.49593
sRNA50	Gene186	0.51683
sRNA11	Gene2218	0.52546
sRNA267	Gene1740	0.4778
sRNA50	Gene2667	0.46493
sRNA26	Gene1873	0.47211
sRNA129	Gene410	0.55166
sRNA5	Gene2030	0.49005
sRNA2	Gene2168	0.54686
sRNA46	Gene203	0.55144
sRNA180	Gene1163	0.52788
sRNA226	Gene778	0.49227
sRNA162	Gene560	0.5565
sRNA199	Gene2644	0.49272
sRNA214	Gene83	0.57136
sRNA6	Gene2143	0.55537
sRNA128	Gene2796	0.53043
sRNA9	Gene1580	0.546
sRNA90	Gene1849	0.52881
sRNA70	Gene2339	0.50743
sRNA285	Gene1806	0.47388
sRNA172	Gene2805	0.53909
sRNA108	Gene165	0.54681
sRNA17	Gene1259	0.52552
sRNA26	Gene2685	0.50805
sRNA150	Gene1230	0.55056
sRNA38	Gene902	0.58425
sRNA32	Gene2769	0.47297
sRNA224	Gene903	0.60003
sRNA50	Gene1319	0.49873
sRNA123	Gene2579	0.54237
sRNA9	Gene2080	0.50122
sRNA242	Gene5	0.50538
sRNA112	Gene542	0.56131
sRNA2	Gene2089	0.54284
sRNA169	Gene2440	0.56546
sRNA9	Gene1988	0.54206
sRNA178	Gene2432	0.54391
sRNA9	Gene1000	0.57438
sRNA9	Gene1759	0.44943
sRNA84	Gene2112	0.57824
sRNA45	Gene2099	0.48652
sRNA6	Gene989	0.56125
sRNA125	Gene2496	0.58206
sRNA208	Gene1189	0.49192
sRNA9	Gene1774	0.48029
sRNA226	Gene145	0.51103
sRNA174	Gene723	0.48724
sRNA154	Gene2113	0.54577
sRNA77	Gene2457	0.54827
sRNA50	Gene131	0.57047
sRNA289	Gene293	0.5063
sRNA9	Gene639	0.53877
sRNA7	Gene1119	0.56544
sRNA240	Gene1578	0.57653
sRNA188	Gene622	0.53234
sRNA11	Gene1912	0.46634
sRNA76	Gene2406	0.54616
sRNA207	Gene2179	0.54851
sRNA52	Gene1852	0.55952
sRNA221	Gene2380	0.53932
sRNA267	Gene1907	0.47976
sRNA127	Gene2160	0.5808
sRNA85	Gene2389	0.49908
sRNA97	Gene1554	0.49323
sRNA242	Gene1038	0.48787
sRNA98	Gene1669	0.53925
sRNA221	Gene2531	0.56228
sRNA208	Gene1110	0.52511
sRNA113	Gene512	0.52959
sRNA1	Gene1579	0.5296
sRNA65	Gene1533	0.51268
sRNA209	Gene861	0.52478
sRNA16	Gene2038	0.50177
sRNA6	Gene2367	0.45932
sRNA101	Gene1381	0.52632
sRNA131	Gene639	0.54686
sRNA9	Gene1413	0.54245
sRNA141	Gene2190	0.57732
sRNA97	Gene2156	0.51866
sRNA166	Gene2587	0.45241
sRNA191	Gene27	0.45046
sRNA158	Gene1824	0.5414
sRNA180	Gene455	0.54811
sRNA181	Gene703	0.54658
sRNA226	Gene1023	0.52519
sRNA285	Gene1637	0.4472
sRNA193	Gene1287	0.49777
sRNA176	Gene1113	0.55967
sRNA19	Gene2683	0.5481
sRNA197	Gene509	0.56234
sRNA139	Gene892	0.49338
sRNA51	Gene529	0.58685
sRNA224	Gene107	0.57795
sRNA73	Gene834	0.49885
sRNA9	Gene851	0.56511
sRNA172	Gene800	0.50589
sRNA2	Gene1620	0.56299
sRNA190	Gene449	0.59145
sRNA185	Gene1599	0.49672
sRNA63	Gene890	0.53021
sRNA9	Gene751	0.51051
sRNA26	Gene2021	0.50926
sRNA221	Gene1553	0.51828
sRNA3	Gene956	0.47632
sRNA9	Gene189	0.46822
sRNA134	Gene736	0.56629
sRNA24	Gene1609	0.48333
sRNA190	Gene2350	0.5417
sRNA24	Gene2692	0.44782
sRNA212	Gene467	0.50776
sRNA34	Gene1990	0.47725
sRNA25	Gene1410	0.52092
sRNA26	Gene2482	0.5676
sRNA26	Gene958	0.50435
sRNA11	Gene1009	0.54341
sRNA40	Gene2680	0.51599
sRNA157	Gene562	0.51725
sRNA50	Gene1593	0.556
sRNA224	Gene2423	0.58425
sRNA97	Gene118	0.53826
sRNA140	Gene6	0.5899
sRNA130	Gene702	0.56003
sRNA228	Gene995	0.47935
sRNA226	Gene394	0.50085
sRNA153	Gene1408	0.49533
sRNA65	Gene1387	0.52488
sRNA231	Gene465	0.53719
sRNA157	Gene1858	0.53149
sRNA86	Gene1333	0.58291
sRNA212	Gene1503	0.52165
sRNA179	Gene2219	0.50809
sRNA9	Gene2771	0.55485
sRNA56	Gene2108	0.49976
sRNA50	Gene2727	0.47027
sRNA139	Gene683	0.45913
sRNA126	Gene1161	0.51881
sRNA240	Gene2317	0.57138
sRNA197	Gene2848	0.4983
sRNA6	Gene1669	0.5003
sRNA53	Gene1057	0.53623
sRNA118	Gene2077	0.50308
sRNA213	Gene502	0.50208
sRNA186	Gene1387	0.54389
sRNA68	Gene614	0.52481
sRNA209	Gene545	0.53399
sRNA227	Gene2629	0.53554
sRNA26	Gene1457	0.50184
sRNA9	Gene2815	0.54564
sRNA11	Gene391	0.50674
sRNA63	Gene1016	0.56879
sRNA16	Gene2732	0.53331
sRNA35	Gene1770	0.5779
sRNA220	Gene1428	0.56948
sRNA240	Gene573	0.57072
sRNA177	Gene1231	0.5484
sRNA242	Gene509	0.47209
sRNA207	Gene1975	0.55484
sRNA5	Gene985	0.47966
sRNA160	Gene2822	0.55942
sRNA157	Gene1201	0.54488
sRNA31	Gene2064	0.46608
sRNA10	Gene920	0.56248
sRNA181	Gene96	0.56929
sRNA50	Gene906	0.51815
sRNA87	Gene643	0.56481
sRNA9	Gene2184	0.4932
sRNA226	Gene919	0.50311
sRNA70	Gene551	0.60139
sRNA43	Gene2594	0.45722
sRNA117	Gene1193	0.54671
sRNA267	Gene866	0.45125
sRNA9	Gene1103	0.60036
sRNA3	Gene1500	0.4883
sRNA50	Gene1891	0.47692
sRNA86	Gene318	0.5663
sRNA56	Gene2059	0.47355
sRNA205	Gene494	0.47991
sRNA157	Gene697	0.56155
sRNA226	Gene610	0.52618
sRNA76	Gene1467	0.55798
sRNA98	Gene1184	0.53544
sRNA101	Gene790	0.48952
sRNA160	Gene2383	0.60084
sRNA227	Gene1860	0.57399
sRNA250	Gene163	0.45807
sRNA183	Gene972	0.54609
sRNA51	Gene878	0.55399
sRNA172	Gene2248	0.54774
sRNA173	Gene2678	0.45742
sRNA90	Gene1355	0.53524
sRNA28	Gene910	0.45912
sRNA243	Gene1002	0.57834
sRNA72	Gene2184	0.55499
sRNA18	Gene2332	0.52602
sRNA220	Gene2606	0.58183
sRNA272	Gene1079	0.51593
sRNA116	Gene2765	0.52767
sRNA38	Gene658	0.59578
sRNA1	Gene630	0.51464
sRNA104	Gene90	0.48824
sRNA193	Gene522	0.51091
sRNA130	Gene489	0.55048
sRNA98	Gene1559	0.51535
sRNA308	Gene316	0.5362
sRNA170	Gene2166	0.52531
sRNA59	Gene1643	0.53738
sRNA106	Gene186	0.53978
sRNA206	Gene775	0.50896
sRNA9	Gene1384	0.47245
sRNA151	Gene197	0.53624
sRNA142	Gene651	0.51405
sRNA189	Gene1533	0.47306
sRNA81	Gene2112	0.57257
sRNA146	Gene1659	0.50181
sRNA2	Gene1823	0.53832
sRNA233	Gene177	0.52045
sRNA209	Gene588	0.56511
sRNA25	Gene2479	0.52884
sRNA86	Gene2356	0.57235
sRNA220	Gene937	0.56157
sRNA158	Gene1171	0.52265
sRNA70	Gene2263	0.51044
sRNA67	Gene1266	0.47
sRNA245	Gene1421	0.49934
sRNA9	Gene1873	0.50325
sRNA56	Gene2320	0.49447
sRNA152	Gene338	0.48986
sRNA226	Gene314	0.53723
sRNA92	Gene8	0.53834
sRNA47	Gene1400	0.50212
sRNA202	Gene587	0.50741
sRNA116	Gene1150	0.54985
sRNA16	Gene2119	0.49159
sRNA26	Gene2483	0.54299
sRNA81	Gene2476	0.50139
sRNA19	Gene2597	0.56942
sRNA90	Gene125	0.5376
sRNA221	Gene597	0.52703
sRNA19	Gene2401	0.58036
sRNA10	Gene2738	0.54434
sRNA239	Gene2561	0.50392
sRNA243	Gene2193	0.58206
sRNA9	Gene1130	0.49079
sRNA183	Gene1344	0.51153
sRNA238	Gene1707	0.51922
sRNA38	Gene2529	0.56839
sRNA134	Gene360	0.56348
sRNA265	Gene10	0.50192
sRNA213	Gene1374	0.50632
sRNA272	Gene1280	0.52727
sRNA234	Gene2235	0.5348
sRNA52	Gene503	0.58932
sRNA172	Gene525	0.53584
sRNA47	Gene261	0.53874
sRNA176	Gene2282	0.57069
sRNA190	Gene921	0.51618
sRNA17	Gene2009	0.50767
sRNA288	Gene795	0.52197
sRNA24	Gene1133	0.47614
sRNA235	Gene2152	0.49797
sRNA285	Gene1757	0.44877
sRNA113	Gene167	0.48224
sRNA43	Gene2280	0.46837
sRNA59	Gene213	0.55932
sRNA50	Gene2497	0.52082
sRNA206	Gene1749	0.49922
sRNA231	Gene636	0.54558
sRNA221	Gene2630	0.58647
sRNA208	Gene2506	0.49543
sRNA185	Gene1355	0.48307
sRNA100	Gene171	0.55507
sRNA123	Gene525	0.50215
sRNA221	Gene51	0.53711
sRNA190	Gene1860	0.53776
sRNA280	Gene431	0.49205
sRNA265	Gene2463	0.47073
sRNA60	Gene1851	0.52522
sRNA245	Gene1222	0.52977
sRNA183	Gene325	0.56757
sRNA9	Gene398	0.54886
sRNA227	Gene78	0.52017
sRNA157	Gene2076	0.5428
sRNA50	Gene586	0.52034
sRNA105	Gene2414	0.50776
sRNA79	Gene1860	0.5272
sRNA50	Gene117	0.58936
sRNA80	Gene2699	0.5107
sRNA179	Gene1179	0.45096
sRNA247	Gene2189	0.44884
sRNA204	Gene510	0.51195
sRNA19	Gene1931	0.58071
sRNA80	Gene452	0.52871
sRNA1	Gene1505	0.49715
sRNA265	Gene1615	0.44964
sRNA9	Gene2682	0.54543
sRNA9	Gene2537	0.58676
sRNA174	Gene279	0.49349
sRNA153	Gene1972	0.54108
sRNA194	Gene666	0.51954
sRNA225	Gene704	0.58574
sRNA46	Gene403	0.51402
sRNA199	Gene1105	0.55188
sRNA276	Gene210	0.51772
sRNA17	Gene2145	0.5345
sRNA69	Gene1353	0.47449
sRNA86	Gene774	0.62038
sRNA9	Gene722	0.51782
sRNA226	Gene528	0.54336
sRNA235	Gene1783	0.49927
sRNA3	Gene891	0.56503
sRNA87	Gene1776	0.55391
sRNA176	Gene685	0.54737
sRNA197	Gene382	0.55787
sRNA9	Gene1243	0.46893
sRNA166	Gene2353	0.46649
sRNA151	Gene585	0.54436
sRNA124	Gene89	0.57322
sRNA97	Gene1840	0.48515
sRNA227	Gene1378	0.47931
sRNA133	Gene851	0.59032
sRNA267	Gene1834	0.46426
sRNA229	Gene2814	0.4609
sRNA224	Gene525	0.57447
sRNA12	Gene1077	0.58023
sRNA267	Gene902	0.45314
sRNA267	Gene2456	0.48262
sRNA9	Gene2311	0.52946
sRNA177	Gene1191	0.49496
sRNA221	Gene543	0.48504
sRNA28	Gene94	0.47423
sRNA183	Gene2739	0.54855
sRNA95	Gene2023	0.53522
sRNA189	Gene346	0.45647
sRNA247	Gene1476	0.48744
sRNA223	Gene1471	0.56965
sRNA185	Gene977	0.48392
sRNA9	Gene1533	0.54629
sRNA28	Gene1988	0.49272
sRNA135	Gene376	0.52074
sRNA37	Gene269	0.58335
sRNA204	Gene2636	0.5078
sRNA187	Gene722	0.5789
sRNA119	Gene562	0.52195
sRNA9	Gene1880	0.4782
sRNA50	Gene1250	0.45097
sRNA42	Gene1425	0.52836
sRNA113	Gene2482	0.50816
sRNA53	Gene2814	0.52238
sRNA157	Gene943	0.56887
sRNA265	Gene2023	0.49408
sRNA275	Gene409	0.45929
sRNA152	Gene2645	0.55212
sRNA113	Gene1830	0.49722
sRNA176	Gene459	0.53082
sRNA145	Gene1044	0.59211
sRNA106	Gene2211	0.52489
sRNA62	Gene346	0.44908
sRNA19	Gene17	0.52399
sRNA9	Gene438	0.52033
sRNA15	Gene1158	0.51007
sRNA9	Gene1915	0.47418
sRNA234	Gene2278	0.60285
sRNA210	Gene2789	0.51261
sRNA227	Gene1964	0.50651
sRNA86	Gene1234	0.55487
sRNA47	Gene1663	0.50803
sRNA9	Gene2632	0.49593
sRNA98	Gene1678	0.53917
sRNA3	Gene143	0.57569
sRNA77	Gene22	0.55049
sRNA38	Gene1115	0.60439
sRNA61	Gene1446	0.51434
sRNA219	Gene2557	0.48345
sRNA56	Gene2646	0.50604
sRNA97	Gene998	0.58777
sRNA103	Gene1275	0.52324
sRNA11	Gene470	0.56173
sRNA186	Gene1733	0.54723
sRNA50	Gene1132	0.53935
sRNA101	Gene2369	0.55965
sRNA235	Gene193	0.55345
sRNA50	Gene1724	0.48208
sRNA260	Gene2320	0.48899
sRNA285	Gene361	0.45991
sRNA133	Gene1772	0.4961
sRNA80	Gene117	0.5334
sRNA9	Gene133	0.54915
sRNA33	Gene707	0.51663
sRNA240	Gene2025	0.5601
sRNA208	Gene327	0.5466
sRNA56	Gene216	0.48384
sRNA50	Gene2863	0.51986
sRNA60	Gene1526	0.52819
sRNA142	Gene214	0.53146
sRNA1	Gene1816	0.52555
sRNA9	Gene1786	0.55133
sRNA267	Gene1734	0.47013
sRNA232	Gene630	0.46562
sRNA185	Gene2451	0.47047
sRNA238	Gene2651	0.45288
sRNA98	Gene2370	0.49372
sRNA128	Gene30	0.56677
sRNA20	Gene2289	0.5687
sRNA225	Gene258	0.59234
sRNA7	Gene2725	0.57372
sRNA101	Gene571	0.5645
sRNA50	Gene2630	0.56033
sRNA147	Gene493	0.53558
sRNA279	Gene561	0.45327
sRNA48	Gene1617	0.53767
sRNA53	Gene1272	0.50747
sRNA9	Gene1030	0.50639
sRNA179	Gene17	0.5203
sRNA222	Gene460	0.53546
sRNA111	Gene536	0.55662
sRNA133	Gene360	0.5952
sRNA240	Gene2645	0.57599
sRNA203	Gene2394	0.52685
sRNA169	Gene1697	0.49075
sRNA269	Gene1004	0.46277
sRNA87	Gene1484	0.5345
sRNA74	Gene2376	0.50956
sRNA146	Gene962	0.52451
sRNA127	Gene2176	0.5407
sRNA221	Gene2298	0.58463
sRNA150	Gene2293	0.5002
sRNA126	Gene1081	0.51675
sRNA62	Gene1476	0.50175
sRNA179	Gene1790	0.47331
sRNA79	Gene1337	0.54141
sRNA29	Gene1468	0.55199
sRNA243	Gene1780	0.54648
sRNA9	Gene36	0.54463
sRNA229	Gene1015	0.53112
sRNA221	Gene2519	0.52943
sRNA237	Gene1180	0.50386
sRNA89	Gene2427	0.47441
sRNA221	Gene2383	0.55844
sRNA142	Gene899	0.48012
sRNA223	Gene2050	0.55054
sRNA87	Gene1485	0.54106
sRNA113	Gene8	0.49315
sRNA167	Gene617	0.52466
sRNA217	Gene2142	0.50986
sRNA82	Gene985	0.55515
sRNA9	Gene1574	0.49172
sRNA31	Gene2280	0.48036
sRNA210	Gene1259	0.48005
sRNA50	Gene1528	0.51
sRNA232	Gene2833	0.46611
sRNA158	Gene1734	0.50363
sRNA118	Gene1010	0.48487
sRNA196	Gene370	0.46288
sRNA250	Gene772	0.46869
sRNA150	Gene1247	0.5603
sRNA46	Gene2087	0.58631
sRNA1	Gene235	0.51365
sRNA9	Gene2397	0.53769
sRNA50	Gene1557	0.56908
sRNA48	Gene899	0.5784
sRNA172	Gene366	0.47628
sRNA46	Gene1907	0.54462
sRNA9	Gene2435	0.46797
sRNA31	Gene344	0.48652
sRNA257	Gene187	0.55497
sRNA4	Gene2167	0.44695
sRNA36	Gene1881	0.47954
sRNA177	Gene295	0.54911
sRNA9	Gene97	0.58845
sRNA187	Gene467	0.56724
sRNA9	Gene541	0.52525
sRNA166	Gene308	0.47581
sRNA9	Gene746	0.53509
sRNA267	Gene1408	0.44979
sRNA146	Gene28	0.55494
sRNA29	Gene2773	0.50832
sRNA234	Gene2473	0.53924
sRNA17	Gene2036	0.50308
sRNA152	Gene1525	0.53213
sRNA2	Gene2287	0.55764
sRNA106	Gene2317	0.53793
sRNA123	Gene1208	0.51613
sRNA53	Gene1439	0.5246
sRNA9	Gene2199	0.5556
sRNA275	Gene1317	0.45556
sRNA146	Gene1108	0.51208
sRNA242	Gene1044	0.50427
sRNA83	Gene1970	0.50513
sRNA38	Gene1724	0.59734
sRNA172	Gene889	0.5366
sRNA170	Gene1756	0.51269
sRNA106	Gene1707	0.57043
sRNA239	Gene622	0.50348
sRNA167	Gene2117	0.57476
sRNA207	Gene1822	0.5174
sRNA199	Gene872	0.55104
sRNA33	Gene993	0.51906
sRNA197	Gene544	0.49583
sRNA42	Gene2704	0.56393
sRNA121	Gene393	0.52908
sRNA26	Gene2565	0.49487
sRNA9	Gene893	0.49953
sRNA33	Gene1390	0.49856
sRNA9	Gene1989	0.54346
sRNA162	Gene269	0.56219
sRNA50	Gene645	0.52053
sRNA33	Gene1364	0.51579
sRNA242	Gene1286	0.49022
sRNA199	Gene1170	0.51987
sRNA9	Gene1652	0.53946
sRNA133	Gene2281	0.52083
sRNA124	Gene668	0.53335
sRNA147	Gene716	0.557
sRNA207	Gene822	0.54702
sRNA226	Gene798	0.47361
sRNA127	Gene2175	0.53031
sRNA275	Gene2284	0.46282
sRNA135	Gene73	0.49185
sRNA193	Gene137	0.48653
sRNA285	Gene2566	0.47303
sRNA143	Gene2784	0.53947
sRNA177	Gene763	0.54907
sRNA242	Gene2091	0.48152
sRNA197	Gene2142	0.56101
sRNA116	Gene731	0.54163
sRNA198	Gene972	0.50494
sRNA111	Gene2495	0.55358
sRNA233	Gene1310	0.49614
sRNA227	Gene948	0.59084
sRNA139	Gene1217	0.51339
sRNA169	Gene1225	0.53118
sRNA140	Gene2221	0.53629
sRNA205	Gene2637	0.48799
sRNA223	Gene135	0.58961
sRNA14	Gene868	0.52926
sRNA220	Gene427	0.54812
sRNA89	Gene1885	0.51241
sRNA221	Gene914	0.52991
sRNA150	Gene90	0.58155
sRNA20	Gene2707	0.59378
sRNA277	Gene794	0.49817
sRNA50	Gene1597	0.45449
sRNA9	Gene1738	0.48222
sRNA124	Gene1025	0.52747
sRNA171	Gene1222	0.52761
sRNA239	Gene1113	0.50559
sRNA61	Gene1477	0.55958
sRNA69	Gene2221	0.4569
sRNA50	Gene1083	0.47349
sRNA211	Gene2348	0.53745
sRNA17	Gene1529	0.46695
sRNA40	Gene1753	0.5622
sRNA183	Gene1578	0.49362
sRNA30	Gene1737	0.52085
sRNA169	Gene573	0.52321
sRNA40	Gene1167	0.52057
sRNA52	Gene2330	0.53618
sRNA50	Gene1400	0.50669
sRNA152	Gene377	0.55171
sRNA169	Gene260	0.52237
sRNA38	Gene2664	0.53679
sRNA223	Gene669	0.61553
sRNA201	Gene1887	0.4772
sRNA165	Gene2001	0.46151
sRNA71	Gene1378	0.53303
sRNA106	Gene232	0.56661
sRNA109	Gene1216	0.53414
sRNA176	Gene478	0.57497
sRNA224	Gene2831	0.59013
sRNA226	Gene1202	0.52495
sRNA38	Gene2685	0.56184
sRNA9	Gene2760	0.45111
sRNA142	Gene17	0.51009
sRNA233	Gene830	0.53942
sRNA9	Gene171	0.50302
sRNA6	Gene2134	0.46365
sRNA50	Gene1210	0.48174
sRNA19	Gene958	0.57537
sRNA226	Gene2734	0.59299
sRNA46	Gene1733	0.59096
sRNA9	Gene1934	0.55251
sRNA128	Gene112	0.52038
sRNA279	Gene589	0.46198
sRNA197	Gene6	0.53289
sRNA145	Gene667	0.54056
sRNA108	Gene22	0.5301
sRNA50	Gene408	0.45123
sRNA126	Gene1024	0.50939
sRNA266	Gene1482	0.50628
sRNA200	Gene209	0.46727
sRNA183	Gene1280	0.48757
sRNA9	Gene187	0.59832
sRNA50	Gene1702	0.58898
sRNA247	Gene2771	0.48157
sRNA189	Gene1574	0.51241
sRNA30	Gene1330	0.52227
sRNA279	Gene1152	0.46502
sRNA157	Gene2266	0.5594
sRNA69	Gene1908	0.48333
sRNA71	Gene2050	0.6005
sRNA157	Gene861	0.54929
sRNA153	Gene2460	0.51307
sRNA148	Gene103	0.52889
sRNA148	Gene2431	0.56731
sRNA156	Gene1035	0.50912
sRNA8	Gene294	0.53672
sRNA243	Gene1069	0.54564
sRNA186	Gene1693	0.57238
sRNA101	Gene2231	0.5429
sRNA285	Gene1347	0.45302
sRNA100	Gene1230	0.57311
sRNA136	Gene167	0.52045
sRNA157	Gene2495	0.55134
sRNA220	Gene1053	0.55097
sRNA80	Gene1505	0.48821
sRNA242	Gene1172	0.46137
sRNA9	Gene1651	0.53099
sRNA13	Gene999	0.49949
sRNA152	Gene1880	0.47388
sRNA118	Gene2742	0.55526
sRNA67	Gene2346	0.55272
sRNA109	Gene2557	0.54368
sRNA166	Gene1720	0.57112
sRNA90	Gene1947	0.53073
sRNA53	Gene304	0.52048
sRNA193	Gene2040	0.49901
sRNA128	Gene2166	0.52409
sRNA224	Gene486	0.57784
sRNA249	Gene1601	0.51926
sRNA276	Gene983	0.51477
sRNA105	Gene56	0.51554
sRNA158	Gene939	0.55568
sRNA158	Gene32	0.51937
sRNA29	Gene1085	0.58878
sRNA169	Gene749	0.50026
sRNA267	Gene1112	0.48646
sRNA77	Gene1401	0.5673
sRNA93	Gene830	0.54983
sRNA177	Gene501	0.53403
sRNA209	Gene798	0.54016
sRNA80	Gene2238	0.45848
sRNA48	Gene148	0.496
sRNA14	Gene1370	0.54587
sRNA70	Gene2447	0.53778
sRNA133	Gene2024	0.52483
sRNA87	Gene2248	0.54709
sRNA9	Gene1782	0.58501
sRNA43	Gene130	0.49856
sRNA160	Gene2737	0.50022
sRNA34	Gene1035	0.44914
sRNA17	Gene2418	0.49262
sRNA233	Gene1751	0.55397
sRNA9	Gene979	0.47327
sRNA216	Gene2296	0.48347
sRNA222	Gene1401	0.47417
sRNA225	Gene617	0.5815
sRNA209	Gene939	0.49366
sRNA166	Gene1803	0.47296
sRNA140	Gene704	0.56937
sRNA235	Gene2231	0.58698
sRNA239	Gene1617	0.4898
sRNA278	Gene1070	0.46415
sRNA62	Gene2751	0.49879
sRNA199	Gene876	0.52306
sRNA119	Gene384	0.53467
sRNA25	Gene753	0.50007
sRNA152	Gene832	0.55656
sRNA212	Gene1686	0.54156
sRNA242	Gene1081	0.46243
sRNA112	Gene2028	0.55997
sRNA96	Gene2291	0.50185
sRNA59	Gene2453	0.5612
sRNA9	Gene2549	0.45787
sRNA26	Gene2523	0.4841
sRNA86	Gene640	0.57932
sRNA233	Gene749	0.57676
sRNA149	Gene2279	0.46942
sRNA230	Gene467	0.49393
sRNA33	Gene2803	0.51055
sRNA71	Gene269	0.56027
sRNA267	Gene511	0.45051
sRNA209	Gene2494	0.56433
sRNA97	Gene2607	0.5294
sRNA97	Gene1362	0.52912
sRNA7	Gene2831	0.58067
sRNA238	Gene101	0.4954
sRNA70	Gene2745	0.53706
sRNA30	Gene990	0.52968
sRNA158	Gene1501	0.53064
sRNA71	Gene1700	0.57509
sRNA162	Gene458	0.53878
sRNA235	Gene358	0.5611
sRNA169	Gene2518	0.49217
sRNA113	Gene1096	0.51709
sRNA265	Gene2574	0.50958
sRNA9	Gene672	0.48942
sRNA16	Gene2607	0.55658
sRNA53	Gene1627	0.51997
sRNA219	Gene901	0.52288
sRNA43	Gene2256	0.50673
sRNA181	Gene1453	0.58271
sRNA242	Gene775	0.48856
sRNA176	Gene1255	0.55754
sRNA9	Gene951	0.53612
sRNA128	Gene1569	0.57664
sRNA208	Gene1410	0.50263
sRNA206	Gene120	0.47933
sRNA239	Gene1170	0.50565
sRNA145	Gene1888	0.5198
sRNA132	Gene1233	0.46937
sRNA131	Gene420	0.58589
sRNA47	Gene2580	0.49925
sRNA160	Gene2512	0.58875
sRNA9	Gene691	0.49069
sRNA31	Gene394	0.49566
sRNA90	Gene771	0.5484
sRNA51	Gene1585	0.54268
sRNA151	Gene971	0.5563
sRNA226	Gene1661	0.5384
sRNA72	Gene593	0.5024
sRNA142	Gene1044	0.54615
sRNA87	Gene1391	0.5632
sRNA42	Gene1762	0.54261
sRNA9	Gene2400	0.57021
sRNA2	Gene2688	0.57334
sRNA142	Gene1742	0.54137
sRNA11	Gene905	0.46663
sRNA197	Gene1180	0.54154
sRNA162	Gene860	0.55124
sRNA45	Gene2724	0.51416
sRNA128	Gene2509	0.54355
sRNA142	Gene644	0.53835
sRNA228	Gene2174	0.49556
sRNA234	Gene22	0.55672
sRNA139	Gene310	0.52388
sRNA9	Gene829	0.46324
sRNA213	Gene717	0.52426
sRNA71	Gene488	0.57002
sRNA9	Gene2100	0.53915
sRNA90	Gene2136	0.53073
sRNA3	Gene2320	0.53476
sRNA16	Gene2508	0.5006
sRNA207	Gene974	0.55586
sRNA144	Gene740	0.49747
sRNA243	Gene1951	0.55255
sRNA50	Gene2135	0.57272
sRNA214	Gene1421	0.53596
sRNA169	Gene766	0.54101
sRNA147	Gene146	0.5478
sRNA162	Gene494	0.55406
sRNA86	Gene120	0.56142
sRNA9	Gene1490	0.48059
sRNA182	Gene951	0.51093
sRNA199	Gene334	0.56171
sRNA226	Gene1253	0.56247
sRNA209	Gene697	0.51756
sRNA109	Gene1653	0.53915
sRNA14	Gene328	0.53225
sRNA200	Gene2380	0.49271
sRNA9	Gene1912	0.54001
sRNA9	Gene2118	0.52922
sRNA237	Gene367	0.53226
sRNA92	Gene2516	0.53415
sRNA146	Gene1043	0.58944
sRNA83	Gene629	0.53908
sRNA19	Gene385	0.53744
sRNA231	Gene2405	0.48489
sRNA197	Gene2631	0.54227
sRNA79	Gene588	0.5585
sRNA9	Gene2361	0.54625
sRNA116	Gene2634	0.52356
sRNA9	Gene1406	0.55965
sRNA36	Gene2053	0.51702
sRNA9	Gene1003	0.53755
sRNA9	Gene1839	0.48182
sRNA144	Gene1180	0.55202
sRNA150	Gene2245	0.46519
sRNA9	Gene21	0.57218
sRNA112	Gene48	0.53639
sRNA36	Gene1553	0.51865
sRNA67	Gene1306	0.48211
sRNA56	Gene320	0.47658
sRNA3	Gene117	0.54626
sRNA295	Gene953	0.46522
sRNA1	Gene209	0.47776
sRNA59	Gene384	0.57533
sRNA157	Gene2239	0.54026
sRNA228	Gene920	0.47884
sRNA62	Gene2137	0.53231
sRNA19	Gene178	0.54674
sRNA178	Gene177	0.56138
sRNA97	Gene2648	0.51786
sRNA26	Gene2783	0.50758
sRNA139	Gene670	0.50608
sRNA71	Gene2144	0.55837
sRNA212	Gene643	0.55077
sRNA236	Gene2663	0.55182
sRNA242	Gene1105	0.48879
sRNA136	Gene941	0.55788
sRNA103	Gene578	0.51848
sRNA265	Gene1861	0.50307
sRNA29	Gene1255	0.53578
sRNA50	Gene1685	0.56894
sRNA176	Gene303	0.55847
sRNA221	Gene2017	0.58186
sRNA176	Gene2577	0.56601
sRNA101	Gene584	0.5579
sRNA59	Gene2102	0.55725
sRNA16	Gene2325	0.47208
sRNA68	Gene2204	0.46242
sRNA257	Gene2429	0.47212
sRNA104	Gene710	0.4949
sRNA226	Gene1972	0.54879
sRNA3	Gene1816	0.53364
sRNA9	Gene552	0.55015
sRNA184	Gene623	0.46081
sRNA123	Gene1849	0.51227
sRNA160	Gene18	0.55016
sRNA9	Gene554	0.52698
sRNA72	Gene1664	0.48617
sRNA124	Gene589	0.55382
sRNA45	Gene2572	0.56754
sRNA13	Gene939	0.48594
sRNA119	Gene2151	0.52893
sRNA165	Gene159	0.46744
sRNA249	Gene2732	0.45679
sRNA97	Gene2802	0.49651
sRNA265	Gene137	0.52215
sRNA33	Gene1524	0.50023
sRNA8	Gene636	0.50573
sRNA19	Gene2571	0.55117
sRNA207	Gene8	0.50175
sRNA50	Gene1462	0.5049
sRNA209	Gene1010	0.5171
sRNA160	Gene2204	0.51634
sRNA223	Gene792	0.5112
sRNA179	Gene528	0.53205
sRNA9	Gene538	0.5334
sRNA282	Gene1222	0.48349
sRNA141	Gene248	0.56914
sRNA204	Gene1029	0.47735
sRNA223	Gene247	0.55627
sRNA133	Gene2789	0.56348
sRNA36	Gene213	0.56128
sRNA158	Gene1676	0.56041
sRNA113	Gene279	0.5112
sRNA101	Gene448	0.56585
sRNA38	Gene432	0.5852
sRNA14	Gene2196	0.54164
sRNA33	Gene92	0.51963
sRNA51	Gene1778	0.60438
sRNA169	Gene27	0.53828
sRNA153	Gene1406	0.53856
sRNA9	Gene211	0.46803
sRNA93	Gene1967	0.51308
sRNA50	Gene1936	0.53912
sRNA1	Gene2121	0.4984
sRNA9	Gene2603	0.57506
sRNA9	Gene1951	0.53771
sRNA9	Gene1378	0.48499
sRNA62	Gene2486	0.52715
sRNA42	Gene2112	0.54484
sRNA9	Gene1646	0.50119
sRNA2	Gene2664	0.51997
sRNA28	Gene1254	0.50905
sRNA193	Gene2585	0.54131
sRNA6	Gene350	0.54588
sRNA176	Gene2433	0.52678
sRNA2	Gene1044	0.58789
sRNA166	Gene257	0.45706
sRNA197	Gene787	0.53632
sRNA145	Gene635	0.58373
sRNA79	Gene2381	0.53184
sRNA9	Gene1676	0.57091
sRNA183	Gene2335	0.53411
sRNA7	Gene487	0.60184
sRNA152	Gene1233	0.5238
sRNA143	Gene2114	0.58942
sRNA190	Gene23	0.52598
sRNA76	Gene2479	0.55319
sRNA9	Gene2140	0.54405
sRNA111	Gene135	0.54562
sRNA154	Gene234	0.53654
sRNA113	Gene445	0.52671
sRNA226	Gene871	0.6092
sRNA59	Gene2854	0.51953
sRNA90	Gene597	0.55842
sRNA223	Gene34	0.56846
sRNA225	Gene176	0.59539
sRNA50	Gene464	0.56611
sRNA29	Gene2754	0.53758
sRNA145	Gene362	0.5354
sRNA226	Gene1991	0.57636
sRNA89	Gene430	0.521
sRNA305	Gene1740	0.5236
sRNA165	Gene194	0.45927
sRNA104	Gene675	0.54207
sRNA229	Gene1195	0.52977
sRNA202	Gene351	0.5027
sRNA222	Gene525	0.53311
sRNA225	Gene858	0.52739
sRNA125	Gene2065	0.5193
sRNA200	Gene1951	0.476
sRNA125	Gene2759	0.55277
sRNA123	Gene450	0.4509
sRNA227	Gene1464	0.53903
sRNA9	Gene1946	0.47655
sRNA223	Gene268	0.58117
sRNA245	Gene1774	0.5613
sRNA198	Gene1006	0.44781
sRNA259	Gene1665	0.466
sRNA37	Gene2508	0.57809
sRNA6	Gene156	0.57228
sRNA204	Gene674	0.50283
sRNA172	Gene2720	0.49801
sRNA32	Gene2668	0.48232
sRNA50	Gene2739	0.49644
sRNA58	Gene278	0.51586
sRNA154	Gene211	0.56
sRNA79	Gene1449	0.49635
sRNA26	Gene2665	0.48454
sRNA39	Gene2363	0.58267
sRNA207	Gene2551	0.55485
sRNA70	Gene1123	0.57727
sRNA186	Gene1954	0.51909
sRNA185	Gene394	0.50691
sRNA56	Gene2488	0.47541
sRNA207	Gene939	0.55002
sRNA70	Gene848	0.56702
sRNA156	Gene639	0.56361
sRNA127	Gene488	0.55794
sRNA9	Gene2061	0.46628
sRNA272	Gene832	0.50398
sRNA213	Gene2414	0.51236
sRNA3	Gene1666	0.45046
sRNA185	Gene2576	0.46344
sRNA140	Gene722	0.53713
sRNA142	Gene2482	0.5249
sRNA133	Gene387	0.49169
sRNA153	Gene2692	0.52336
sRNA56	Gene61	0.45549
sRNA176	Gene794	0.5399
sRNA83	Gene500	0.58412
sRNA97	Gene578	0.56386
sRNA235	Gene225	0.55621
sRNA137	Gene1990	0.53497
sRNA152	Gene528	0.53493
sRNA223	Gene790	0.53406
sRNA124	Gene114	0.5451
sRNA194	Gene920	0.5634
sRNA205	Gene2025	0.46477
sRNA97	Gene2650	0.47455
sRNA73	Gene1584	0.45687
sRNA267	Gene1732	0.45784
sRNA1	Gene2631	0.50765
sRNA189	Gene2712	0.5163
sRNA9	Gene1595	0.54333
sRNA50	Gene2498	0.56274
sRNA33	Gene1740	0.50974
sRNA197	Gene226	0.56978
sRNA170	Gene2615	0.51629
sRNA229	Gene376	0.57602
sRNA90	Gene1143	0.53916
sRNA224	Gene2617	0.57484
sRNA265	Gene2452	0.49661
sRNA87	Gene1963	0.57864
sRNA135	Gene571	0.51383
sRNA19	Gene1017	0.55462
sRNA101	Gene1704	0.54421
sRNA27	Gene2680	0.49923
sRNA19	Gene5	0.53352
sRNA238	Gene594	0.5098
sRNA288	Gene971	0.52684
sRNA225	Gene177	0.57441
sRNA90	Gene808	0.53403
sRNA157	Gene2620	0.53545
sRNA233	Gene893	0.59248
sRNA108	Gene1481	0.55889
sRNA3	Gene1476	0.46224
sRNA53	Gene2067	0.52323
sRNA247	Gene1807	0.48042
sRNA161	Gene2540	0.53005
sRNA56	Gene517	0.45807
sRNA57	Gene1290	0.45965
sRNA3	Gene1707	0.49881
sRNA133	Gene2506	0.53226
sRNA109	Gene245	0.54705
sRNA9	Gene673	0.57991
sRNA213	Gene2731	0.49891
sRNA79	Gene1853	0.52345
sRNA153	Gene683	0.47693
sRNA285	Gene1151	0.48895
sRNA264	Gene383	0.47137
sRNA232	Gene2426	0.47098
sRNA217	Gene2126	0.48738
sRNA9	Gene1046	0.55826
sRNA9	Gene225	0.54834
sRNA86	Gene450	0.55873
sRNA97	Gene1378	0.50151
sRNA251	Gene1123	0.45429
sRNA257	Gene446	0.53313
sRNA189	Gene1681	0.51488
sRNA6	Gene955	0.54989
sRNA165	Gene71	0.48235
sRNA33	Gene1520	0.5075
sRNA223	Gene383	0.51821
sRNA85	Gene409	0.52332
sRNA231	Gene240	0.53643
sRNA238	Gene210	0.5317
sRNA128	Gene2391	0.4837
sRNA200	Gene366	0.45702
sRNA153	Gene883	0.54877
sRNA242	Gene2681	0.50378
sRNA9	Gene926	0.46091
sRNA105	Gene667	0.50252
sRNA46	Gene1606	0.56474
sRNA187	Gene393	0.54713
sRNA187	Gene452	0.5095
sRNA163	Gene2803	0.52024
sRNA50	Gene2096	0.46288
sRNA196	Gene1194	0.46768
sRNA77	Gene2658	0.50865
sRNA138	Gene2746	0.47934
sRNA222	Gene2802	0.48334
sRNA202	Gene492	0.51801
sRNA76	Gene1823	0.57003
sRNA210	Gene1747	0.44902
sRNA10	Gene2626	0.59038
sRNA9	Gene535	0.54337
sRNA266	Gene2746	0.48223
sRNA85	Gene1174	0.48469
sRNA109	Gene222	0.57572
sRNA228	Gene1113	0.48832
sRNA242	Gene658	0.47342
sRNA3	Gene2599	0.52237
sRNA97	Gene1703	0.53224
sRNA9	Gene1789	0.59774
sRNA172	Gene1528	0.47479
sRNA53	Gene1026	0.54017
sRNA211	Gene2684	0.4709
sRNA34	Gene2124	0.48024
sRNA70	Gene808	0.5906
sRNA59	Gene203	0.58936
sRNA56	Gene1647	0.47451
sRNA245	Gene1390	0.54097
sRNA126	Gene482	0.49105
sRNA211	Gene726	0.45999
sRNA145	Gene349	0.49239
sRNA187	Gene2336	0.51921
sRNA269	Gene1147	0.4608
sRNA34	Gene27	0.47221
sRNA83	Gene1324	0.53269
sRNA6	Gene2423	0.51402
sRNA29	Gene102	0.49674
sRNA96	Gene1758	0.47948
sRNA168	Gene600	0.46794
sRNA190	Gene1991	0.56382
sRNA180	Gene623	0.51669
sRNA235	Gene960	0.60444
sRNA9	Gene344	0.46085
sRNA24	Gene383	0.48948
sRNA295	Gene482	0.48055
sRNA243	Gene891	0.53881
sRNA82	Gene1608	0.52995
sRNA31	Gene2295	0.47791
sRNA128	Gene2633	0.5441
sRNA200	Gene2722	0.46865
sRNA245	Gene1591	0.54854
sRNA9	Gene974	0.48557
sRNA145	Gene374	0.52165
sRNA145	Gene2511	0.58315
sRNA16	Gene2721	0.52058
sRNA196	Gene1420	0.45424
sRNA95	Gene1848	0.56237
sRNA97	Gene1007	0.56299
sRNA239	Gene866	0.49003
sRNA50	Gene1401	0.50007
sRNA80	Gene1102	0.50843
sRNA97	Gene1707	0.51638
sRNA48	Gene2777	0.53775
sRNA151	Gene329	0.51085
sRNA285	Gene2703	0.47916
sRNA92	Gene327	0.53129
sRNA7	Gene665	0.56812
sRNA285	Gene697	0.45187
sRNA73	Gene206	0.46246
sRNA285	Gene1470	0.46905
sRNA69	Gene134	0.47532
sRNA160	Gene2387	0.53015
sRNA144	Gene856	0.50958
sRNA185	Gene541	0.47561
sRNA124	Gene1555	0.57338
sRNA125	Gene893	0.56228
sRNA142	Gene759	0.52952
sRNA171	Gene301	0.47477
sRNA176	Gene1078	0.53114
sRNA97	Gene1907	0.52375
sRNA63	Gene812	0.52096
sRNA104	Gene472	0.5381
sRNA170	Gene67	0.53502
sRNA199	Gene187	0.51087
sRNA48	Gene2033	0.53076
sRNA72	Gene1634	0.51827
sRNA267	Gene141	0.45948
sRNA232	Gene2577	0.45159
sRNA144	Gene588	0.56464
sRNA81	Gene2165	0.52951
sRNA9	Gene524	0.54451
sRNA19	Gene538	0.54534
sRNA50	Gene1620	0.55743
sRNA125	Gene1765	0.57708
sRNA235	Gene2776	0.50778
sRNA48	Gene2767	0.51447
sRNA74	Gene1178	0.4603
sRNA72	Gene2076	0.52312
sRNA28	Gene1333	0.49114
sRNA237	Gene523	0.49272
sRNA77	Gene19	0.58353
sRNA9	Gene1905	0.50685
sRNA36	Gene1379	0.52054
sRNA97	Gene2242	0.51127
sRNA196	Gene635	0.46834
sRNA157	Gene736	0.55919
sRNA116	Gene2486	0.53251
sRNA185	Gene216	0.47714
sRNA267	Gene1383	0.45244
sRNA153	Gene1667	0.53137
sRNA50	Gene2380	0.60387
sRNA162	Gene26	0.56722
sRNA50	Gene1100	0.51433
sRNA187	Gene126	0.58101
sRNA221	Gene2619	0.58021
sRNA103	Gene2311	0.50246
sRNA25	Gene1292	0.4973
sRNA144	Gene589	0.54875
sRNA147	Gene1555	0.5711
sRNA9	Gene1601	0.48578
sRNA32	Gene2314	0.50938
sRNA127	Gene2321	0.52731
sRNA211	Gene559	0.47031
sRNA9	Gene446	0.47438
sRNA75	Gene2816	0.48732
sRNA74	Gene386	0.53199
sRNA223	Gene2323	0.56685
sRNA226	Gene539	0.50587
sRNA244	Gene1219	0.55646
sRNA267	Gene1943	0.46518
sRNA147	Gene899	0.53599
sRNA243	Gene55	0.52612
sRNA221	Gene2400	0.5449
sRNA9	Gene58	0.53111
sRNA25	Gene1229	0.55661
sRNA151	Gene821	0.57621
sRNA92	Gene571	0.53081
sRNA9	Gene2656	0.53728
sRNA77	Gene2142	0.57699
sRNA278	Gene915	0.5559
sRNA80	Gene1607	0.46084
sRNA35	Gene1500	0.54749
sRNA234	Gene1370	0.57305
sRNA138	Gene898	0.52072
sRNA38	Gene2328	0.55281
sRNA61	Gene1440	0.52156
sRNA160	Gene2293	0.50234
sRNA235	Gene2518	0.53355
sRNA1	Gene1750	0.52539
sRNA47	Gene2426	0.52025
sRNA93	Gene4	0.57603
sRNA190	Gene1420	0.57433
sRNA38	Gene206	0.53562
sRNA9	Gene699	0.57762
sRNA222	Gene555	0.50057
sRNA104	Gene76	0.48023
sRNA97	Gene2217	0.53263
sRNA162	Gene1717	0.55241
sRNA204	Gene1758	0.53206
sRNA224	Gene1779	0.5727
sRNA249	Gene2199	0.50375
sRNA211	Gene949	0.45924
sRNA288	Gene669	0.54318
sRNA59	Gene2333	0.57256
sRNA196	Gene443	0.45632
sRNA62	Gene1003	0.53582
sRNA90	Gene1020	0.53285
sRNA152	Gene42	0.53008
sRNA140	Gene157	0.54138
sRNA242	Gene2619	0.52816
sRNA157	Gene422	0.47278
sRNA43	Gene870	0.48369
sRNA43	Gene1371	0.50452
sRNA211	Gene520	0.47492
sRNA36	Gene982	0.49836
sRNA13	Gene489	0.48042
sRNA16	Gene1285	0.50047
sRNA43	Gene2767	0.47733
sRNA9	Gene2421	0.54232
sRNA173	Gene1647	0.48165
sRNA201	Gene1162	0.50976
sRNA40	Gene2589	0.56236
sRNA71	Gene2320	0.57812
sRNA126	Gene807	0.54817
sRNA171	Gene127	0.47898
sRNA205	Gene119	0.50526
sRNA183	Gene1210	0.50988
sRNA139	Gene643	0.5425
sRNA267	Gene2681	0.49021
sRNA101	Gene1602	0.56855
sRNA50	Gene2774	0.52914
sRNA154	Gene2424	0.56293
sRNA157	Gene539	0.50714
sRNA245	Gene1177	0.54834
sRNA286	Gene2228	0.47556
sRNA126	Gene526	0.49932
sRNA29	Gene710	0.53193
sRNA199	Gene554	0.54134
sRNA2	Gene2696	0.53857
sRNA223	Gene1570	0.60443
sRNA11	Gene2099	0.47325
sRNA79	Gene131	0.53858
sRNA131	Gene1823	0.55003
sRNA13	Gene644	0.4994
sRNA223	Gene2506	0.60369
sRNA32	Gene2155	0.56331
sRNA125	Gene14	0.57792
sRNA9	Gene2200	0.54251
sRNA267	Gene972	0.46533
sRNA280	Gene2529	0.51969
sRNA19	Gene1055	0.53855
sRNA25	Gene524	0.57913
sRNA74	Gene2674	0.51588
sRNA9	Gene1623	0.51961
sRNA6	Gene2321	0.48627
sRNA6	Gene1438	0.48021
sRNA9	Gene2239	0.48389
sRNA147	Gene1984	0.55582
sRNA225	Gene659	0.5947
sRNA227	Gene2680	0.5762
sRNA157	Gene42	0.53876
sRNA18	Gene2390	0.53847
sRNA9	Gene271	0.5399
sRNA45	Gene2683	0.51073
sRNA6	Gene381	0.47938
sRNA259	Gene1045	0.46503
sRNA216	Gene2646	0.53089
sRNA249	Gene2371	0.48609
sRNA6	Gene2768	0.5155
sRNA7	Gene2388	0.58672
sRNA38	Gene1927	0.5851
sRNA9	Gene817	0.57038
sRNA223	Gene960	0.61638
sRNA106	Gene2194	0.51503
sRNA15	Gene1170	0.52386
sRNA56	Gene548	0.48505
sRNA242	Gene1615	0.49637
sRNA36	Gene2238	0.55553
sRNA152	Gene136	0.54709
sRNA210	Gene1072	0.54949
sRNA50	Gene1277	0.52602
sRNA208	Gene455	0.54818
sRNA97	Gene1782	0.59475
sRNA108	Gene173	0.54745
sRNA131	Gene444	0.56431
sRNA9	Gene1721	0.49974
sRNA92	Gene499	0.54192
sRNA127	Gene673	0.58303
sRNA206	Gene2436	0.50847
sRNA53	Gene2725	0.51433
sRNA50	Gene2345	0.56027
sRNA9	Gene2076	0.49206
sRNA50	Gene1565	0.51186
sRNA220	Gene1379	0.58779
sRNA80	Gene903	0.5342
sRNA24	Gene1208	0.46761
sRNA126	Gene895	0.5343
sRNA32	Gene466	0.50723
sRNA124	Gene2166	0.54532
sRNA224	Gene1387	0.56622
sRNA9	Gene2190	0.46183
sRNA234	Gene2680	0.55779
sRNA213	Gene2116	0.52049
sRNA187	Gene2690	0.53439
sRNA49	Gene167	0.56186
sRNA67	Gene1835	0.45956
sRNA234	Gene419	0.56718
sRNA116	Gene28	0.56101
sRNA81	Gene736	0.49452
sRNA16	Gene1874	0.5326
sRNA45	Gene2557	0.54481
sRNA261	Gene455	0.49464
sRNA197	Gene177	0.52376
sRNA103	Gene20	0.55876
sRNA263	Gene1191	0.51778
sRNA190	Gene2814	0.54835
sRNA72	Gene2643	0.51952
sRNA259	Gene1249	0.46017
sRNA59	Gene2369	0.54661
sRNA43	Gene1816	0.50944
sRNA35	Gene2306	0.55889
sRNA168	Gene2660	0.47718
sRNA70	Gene370	0.59306
sRNA245	Gene1821	0.49639
sRNA177	Gene2115	0.53964
sRNA153	Gene1070	0.54725
sRNA53	Gene1769	0.52732
sRNA180	Gene703	0.54781
sRNA34	Gene1868	0.49531
sRNA174	Gene1931	0.49885
sRNA209	Gene150	0.54334
sRNA87	Gene1333	0.5229
sRNA9	Gene470	0.56642
sRNA224	Gene564	0.56906
sRNA7	Gene1584	0.51824
sRNA1	Gene1853	0.49373
sRNA117	Gene1118	0.56847
sRNA207	Gene606	0.54416
sRNA80	Gene1620	0.49197
sRNA9	Gene1178	0.5253
sRNA25	Gene74	0.51804
sRNA37	Gene141	0.59921
sRNA153	Gene795	0.53143
sRNA11	Gene550	0.50515
sRNA34	Gene1742	0.48641
sRNA19	Gene1488	0.52389
sRNA144	Gene458	0.50505
sRNA209	Gene1905	0.50385
sRNA97	Gene76	0.50268
sRNA53	Gene2519	0.52754
sRNA220	Gene1317	0.56278
sRNA64	Gene1782	0.56058
sRNA16	Gene2341	0.52727
sRNA63	Gene998	0.53543
sRNA142	Gene1196	0.56811
sRNA124	Gene896	0.54136
sRNA224	Gene1260	0.57886
sRNA221	Gene460	0.51289
sRNA238	Gene2603	0.53262
sRNA36	Gene1410	0.49558
sRNA80	Gene561	0.49878
sRNA41	Gene2756	0.53682
sRNA265	Gene2244	0.48229
sRNA108	Gene731	0.56012
sRNA221	Gene136	0.48738
sRNA143	Gene2730	0.55783
sRNA24	Gene1764	0.47125
sRNA223	Gene559	0.61463
sRNA199	Gene351	0.5388
sRNA169	Gene687	0.59078
sRNA97	Gene1497	0.5224
sRNA87	Gene1505	0.50547
sRNA95	Gene154	0.52712
sRNA190	Gene571	0.57139
sRNA67	Gene1114	0.48396
sRNA7	Gene260	0.55423
sRNA59	Gene923	0.57516
sRNA152	Gene1267	0.50088
sRNA125	Gene589	0.55612
sRNA133	Gene422	0.56789
sRNA205	Gene2723	0.48725
sRNA187	Gene1794	0.5186
sRNA9	Gene863	0.47608
sRNA167	Gene194	0.54274
sRNA98	Gene1693	0.53957
sRNA224	Gene325	0.59391
sRNA30	Gene1756	0.5089
sRNA60	Gene1705	0.51264
sRNA19	Gene19	0.55508
sRNA71	Gene2363	0.57067
sRNA133	Gene2343	0.54665
sRNA108	Gene518	0.56852
sRNA142	Gene1114	0.53846
sRNA285	Gene2639	0.47152
sRNA157	Gene2153	0.5533
sRNA135	Gene1734	0.54639
sRNA45	Gene1966	0.50039
sRNA9	Gene1796	0.50773
sRNA338	Gene502	0.52916
sRNA139	Gene110	0.55308
sRNA179	Gene486	0.53752
sRNA219	Gene2237	0.50604
sRNA173	Gene126	0.47576
sRNA93	Gene2265	0.55897
sRNA209	Gene144	0.54485
sRNA220	Gene2431	0.51186
sRNA97	Gene1222	0.52884
sRNA47	Gene1352	0.4753
sRNA127	Gene1066	0.53061
sRNA242	Gene474	0.47343
sRNA50	Gene1978	0.54569
sRNA82	Gene524	0.49972
sRNA221	Gene1757	0.5779
sRNA109	Gene423	0.50963
sRNA9	Gene2692	0.50186
sRNA257	Gene2033	0.52707
sRNA96	Gene644	0.51462
sRNA308	Gene1842	0.46946
sRNA72	Gene1272	0.56188
sRNA100	Gene2641	0.54763
sRNA221	Gene101	0.56075
sRNA50	Gene1218	0.53143
sRNA95	Gene1967	0.57132
sRNA36	Gene951	0.56065
sRNA28	Gene2666	0.46148
sRNA197	Gene2147	0.52739
sRNA200	Gene1260	0.468
sRNA183	Gene1519	0.54323
sRNA9	Gene899	0.53784
sRNA258	Gene952	0.48385
sRNA24	Gene2718	0.46563
sRNA151	Gene1122	0.53129
sRNA42	Gene650	0.56308
sRNA264	Gene1937	0.49241
sRNA39	Gene2205	0.61787
sRNA243	Gene2731	0.55282
sRNA157	Gene606	0.50531
sRNA204	Gene293	0.47164
sRNA266	Gene2242	0.45589
sRNA117	Gene2376	0.53227
sRNA233	Gene2738	0.54776
sRNA32	Gene1128	0.5311
sRNA59	Gene2139	0.55705
sRNA172	Gene2023	0.49043
sRNA80	Gene2250	0.52504
sRNA12	Gene2253	0.56923
sRNA11	Gene502	0.49145
sRNA113	Gene517	0.5277
sRNA30	Gene2561	0.49815
sRNA232	Gene1116	0.53496
sRNA97	Gene71	0.5087
sRNA133	Gene1779	0.6254
sRNA223	Gene535	0.52929
sRNA53	Gene1395	0.51219
sRNA51	Gene735	0.6178
sRNA31	Gene2069	0.503
sRNA184	Gene17	0.48755
sRNA199	Gene2504	0.5498
sRNA224	Gene1343	0.57783
sRNA225	Gene941	0.57805
sRNA24	Gene2045	0.4481
sRNA93	Gene1662	0.51377
sRNA150	Gene1369	0.52683
sRNA269	Gene448	0.46204
sRNA9	Gene1578	0.49436
sRNA47	Gene988	0.58715
sRNA108	Gene92	0.51307
sRNA209	Gene1122	0.4668
sRNA206	Gene2348	0.51926
sRNA126	Gene922	0.50433
sRNA9	Gene2628	0.56261
sRNA50	Gene184	0.53267
sRNA245	Gene1418	0.5325
sRNA95	Gene823	0.55165
sRNA90	Gene198	0.51774
sRNA79	Gene1554	0.50082
sRNA223	Gene495	0.57892
sRNA31	Gene743	0.47907
sRNA85	Gene1693	0.52005
sRNA243	Gene728	0.56344
sRNA101	Gene860	0.55598
sRNA190	Gene385	0.58104
sRNA100	Gene950	0.5414
sRNA50	Gene1921	0.56442
sRNA16	Gene2349	0.52989
sRNA245	Gene1220	0.54947
sRNA48	Gene383	0.57607
sRNA3	Gene1344	0.47604
sRNA9	Gene512	0.57389
sRNA104	Gene153	0.55381
sRNA9	Gene175	0.52634
sRNA220	Gene26	0.55756
sRNA143	Gene297	0.54231
sRNA117	Gene402	0.57968
sRNA29	Gene2653	0.50716
sRNA158	Gene1469	0.55243
sRNA267	Gene1317	0.44944
sRNA150	Gene2331	0.47777
sRNA11	Gene2388	0.54025
sRNA17	Gene1250	0.50638
sRNA9	Gene901	0.57103
sRNA320	Gene1334	0.49995
sRNA29	Gene172	0.56118
sRNA87	Gene2136	0.55871
sRNA47	Gene1706	0.4999
sRNA9	Gene2289	0.51102
sRNA9	Gene449	0.5482
sRNA151	Gene887	0.52544
sRNA198	Gene14	0.51056
sRNA125	Gene623	0.5651
sRNA155	Gene821	0.50223
sRNA109	Gene1242	0.53949
sRNA283	Gene702	0.48384
sRNA9	Gene1644	0.53871
sRNA25	Gene806	0.52832
sRNA29	Gene2699	0.52526
sRNA139	Gene972	0.53702
sRNA32	Gene2766	0.53121
sRNA9	Gene2622	0.52819
sRNA48	Gene2365	0.5295
sRNA187	Gene808	0.54344
sRNA47	Gene2739	0.53972
sRNA60	Gene1174	0.515
sRNA153	Gene2647	0.51572
sRNA258	Gene748	0.48301
sRNA214	Gene2557	0.53619
sRNA198	Gene1752	0.45369
sRNA149	Gene1535	0.51472
sRNA72	Gene1406	0.5758
sRNA187	Gene746	0.49778
sRNA101	Gene2854	0.50617
sRNA6	Gene1697	0.50342
sRNA45	Gene926	0.48943
sRNA242	Gene2201	0.46547
sRNA90	Gene2758	0.55072
sRNA9	Gene902	0.55497
sRNA9	Gene2059	0.47137
sRNA170	Gene197	0.56048
sRNA131	Gene1911	0.55066
sRNA25	Gene1587	0.50743
sRNA9	Gene2350	0.54114
sRNA123	Gene162	0.50422
sRNA33	Gene1252	0.51999
sRNA234	Gene297	0.58254
sRNA109	Gene2688	0.54279
sRNA236	Gene193	0.57347
sRNA172	Gene2048	0.4961
sRNA166	Gene1927	0.47663
sRNA130	Gene2472	0.60721
sRNA106	Gene489	0.57017
sRNA40	Gene2192	0.54631
sRNA145	Gene883	0.56628
sRNA3	Gene1648	0.49762
sRNA152	Gene295	0.4993
sRNA60	Gene1671	0.5351
sRNA50	Gene1394	0.55177
sRNA2	Gene2331	0.54352
sRNA75	Gene1009	0.48088
sRNA9	Gene2419	0.53899
sRNA140	Gene1077	0.56471
sRNA16	Gene1589	0.49673
sRNA9	Gene1434	0.51412
sRNA240	Gene48	0.51805
sRNA249	Gene1571	0.51229
sRNA267	Gene2396	0.45739
sRNA148	Gene840	0.52177
sRNA46	Gene2844	0.56074
sRNA201	Gene2760	0.46885
sRNA143	Gene130	0.53709
sRNA113	Gene311	0.49768
sRNA144	Gene97	0.53116
sRNA109	Gene366	0.52889
sRNA3	Gene247	0.54278
sRNA90	Gene2215	0.54862
sRNA200	Gene999	0.45943
sRNA3	Gene130	0.47744
sRNA50	Gene2763	0.50701
sRNA28	Gene2126	0.49749
sRNA9	Gene7	0.48669
sRNA165	Gene2661	0.45296
sRNA58	Gene2531	0.48631
sRNA16	Gene1386	0.52198
sRNA160	Gene979	0.50704
sRNA173	Gene229	0.4778
sRNA169	Gene801	0.48242
sRNA193	Gene939	0.48058
sRNA196	Gene492	0.4538
sRNA159	Gene2233	0.54106
sRNA146	Gene1957	0.4863
sRNA72	Gene1756	0.53334
sRNA34	Gene2720	0.49202
sRNA111	Gene664	0.55397
sRNA9	Gene1935	0.51009
sRNA216	Gene267	0.5246
sRNA179	Gene862	0.50666
sRNA1	Gene2743	0.51877
sRNA84	Gene1778	0.49077
sRNA70	Gene727	0.58099
sRNA23	Gene2124	0.51127
sRNA83	Gene1323	0.53339
sRNA76	Gene1675	0.56245
sRNA18	Gene1279	0.52766
sRNA172	Gene256	0.57513
sRNA24	Gene524	0.48484
sRNA215	Gene114	0.54813
sRNA18	Gene2233	0.54781
sRNA52	Gene2570	0.56381
sRNA50	Gene2533	0.49123
sRNA231	Gene26	0.51857
sRNA9	Gene172	0.47145
sRNA12	Gene10	0.54052
sRNA227	Gene2232	0.55424
sRNA243	Gene1699	0.551
sRNA198	Gene1000	0.47918
sRNA89	Gene138	0.51711
sRNA90	Gene1682	0.53434
sRNA9	Gene2224	0.54491
sRNA56	Gene893	0.48576
sRNA234	Gene508	0.5763
sRNA190	Gene238	0.60773
sRNA64	Gene1798	0.58371
sRNA61	Gene1901	0.53562
sRNA31	Gene2679	0.49996
sRNA145	Gene1097	0.54494
sRNA46	Gene1745	0.56293
sRNA285	Gene469	0.48421
sRNA87	Gene2137	0.57922
sRNA19	Gene1018	0.56297
sRNA117	Gene26	0.55871
sRNA50	Gene1151	0.59527
sRNA141	Gene2499	0.53357
sRNA7	Gene12	0.58685
sRNA185	Gene348	0.49122
sRNA152	Gene1406	0.5201
sRNA16	Gene1206	0.51384
sRNA9	Gene623	0.51328
sRNA106	Gene432	0.55684
sRNA211	Gene728	0.46012
sRNA186	Gene885	0.5736
sRNA196	Gene904	0.46958
sRNA9	Gene1631	0.49737
sRNA152	Gene2025	0.53943
sRNA9	Gene2515	0.45441
sRNA320	Gene2534	0.49249
sRNA97	Gene205	0.53282
sRNA9	Gene106	0.56371
sRNA257	Gene33	0.49065
sRNA29	Gene1528	0.51782
sRNA200	Gene1799	0.4508
sRNA97	Gene2744	0.54317
sRNA221	Gene2497	0.53513
sRNA149	Gene2311	0.51966
sRNA207	Gene1489	0.48842
sRNA50	Gene206	0.48358
sRNA118	Gene311	0.51717
sRNA9	Gene1016	0.51066
sRNA50	Gene1970	0.51097
sRNA9	Gene821	0.52156
sRNA257	Gene2220	0.53987
sRNA86	Gene504	0.54853
sRNA103	Gene1287	0.51026
sRNA86	Gene997	0.58443
sRNA164	Gene2641	0.47874
sRNA42	Gene2744	0.53033
sRNA190	Gene898	0.55544
sRNA40	Gene1676	0.54706
sRNA9	Gene1335	0.5084
sRNA26	Gene1645	0.53687
sRNA150	Gene1685	0.5363
sRNA9	Gene303	0.58931
sRNA97	Gene1883	0.50125
sRNA194	Gene55	0.55988
sRNA18	Gene757	0.57042
sRNA187	Gene964	0.50983
sRNA221	Gene12	0.54484
sRNA162	Gene394	0.51923
sRNA183	Gene914	0.56987
sRNA79	Gene2536	0.52417
sRNA240	Gene1682	0.56123
sRNA19	Gene472	0.58061
sRNA2	Gene2360	0.56709
sRNA154	Gene603	0.56051
sRNA62	Gene173	0.54396
sRNA41	Gene1458	0.55207
sRNA142	Gene1440	0.48338
sRNA17	Gene2207	0.50031
sRNA69	Gene1387	0.47637
sRNA126	Gene2120	0.52859
sRNA131	Gene1818	0.52572
sRNA157	Gene1158	0.53195
sRNA9	Gene2855	0.55043
sRNA50	Gene2616	0.55206
sRNA213	Gene36	0.47751
sRNA81	Gene794	0.55157
sRNA56	Gene1750	0.46572
sRNA1	Gene2326	0.49145
sRNA206	Gene474	0.51979
sRNA23	Gene2695	0.53016
sRNA271	Gene268	0.46958
sRNA12	Gene8	0.53218
sRNA28	Gene2516	0.47159
sRNA9	Gene595	0.5224
sRNA220	Gene8	0.51933
sRNA221	Gene2094	0.49536
sRNA215	Gene1021	0.50093
sRNA97	Gene414	0.47851
sRNA8	Gene1166	0.49637
sRNA32	Gene2361	0.52458
sRNA124	Gene799	0.50187
sRNA28	Gene1387	0.48239
sRNA77	Gene609	0.54782
sRNA202	Gene1011	0.46636
sRNA82	Gene2440	0.52535
sRNA1	Gene2199	0.49172
sRNA142	Gene311	0.49063
sRNA9	Gene493	0.56021
sRNA86	Gene1411	0.5747
sRNA53	Gene2767	0.53393
sRNA53	Gene1428	0.5146
sRNA236	Gene1872	0.57252
sRNA34	Gene1636	0.47904
sRNA9	Gene419	0.5286
sRNA130	Gene2063	0.55117
sRNA187	Gene157	0.54029
sRNA157	Gene774	0.56026
sRNA36	Gene1353	0.52049
sRNA191	Gene1587	0.48146
sRNA226	Gene538	0.53324
sRNA115	Gene609	0.53869
sRNA150	Gene2781	0.56215
sRNA37	Gene2466	0.56869
sRNA220	Gene1845	0.52687
sRNA71	Gene2551	0.5555
sRNA247	Gene1260	0.49152
sRNA87	Gene465	0.59999
sRNA232	Gene2121	0.50699
sRNA282	Gene2361	0.49648
sRNA245	Gene1350	0.51303
sRNA250	Gene478	0.45891
sRNA118	Gene2218	0.53433
sRNA172	Gene2853	0.5771
sRNA79	Gene1781	0.54426
sRNA160	Gene1121	0.51591
sRNA138	Gene522	0.47825
sRNA9	Gene667	0.51279
sRNA105	Gene1201	0.48762
sRNA174	Gene460	0.49735
sRNA79	Gene2467	0.49459
sRNA83	Gene1798	0.50878
sRNA3	Gene1935	0.46705
sRNA71	Gene2798	0.55453
sRNA9	Gene1724	0.53276
sRNA196	Gene272	0.48604
sRNA11	Gene344	0.52388
sRNA209	Gene579	0.54551
sRNA101	Gene14	0.53205
sRNA187	Gene688	0.55383
sRNA194	Gene2482	0.55344
sRNA223	Gene580	0.53039
sRNA143	Gene1026	0.55836
sRNA32	Gene2780	0.51682
sRNA249	Gene104	0.52803
sRNA190	Gene1690	0.56428
sRNA47	Gene2129	0.48707
sRNA93	Gene833	0.55278
sRNA97	Gene2279	0.50555
sRNA71	Gene1397	0.54735
sRNA73	Gene1699	0.46425
sRNA80	Gene122	0.53355
sRNA177	Gene587	0.51706
sRNA46	Gene2249	0.55724
sRNA50	Gene2086	0.57127
sRNA101	Gene2218	0.55088
sRNA9	Gene2781	0.5122
sRNA7	Gene1237	0.5806
sRNA113	Gene499	0.50141
sRNA82	Gene1618	0.49732
sRNA275	Gene1844	0.45985
sRNA9	Gene1070	0.55244
sRNA220	Gene268	0.5359
sRNA2	Gene419	0.56095
sRNA109	Gene2217	0.5582
sRNA196	Gene690	0.47581
sRNA240	Gene832	0.57612
sRNA29	Gene2032	0.51991
sRNA132	Gene2168	0.52175
sRNA152	Gene2273	0.48625
sRNA9	Gene2583	0.54441
sRNA50	Gene1038	0.55369
sRNA205	Gene471	0.48528
sRNA58	Gene1201	0.51445
sRNA222	Gene32	0.4849
sRNA226	Gene771	0.51592
sRNA9	Gene114	0.54546
sRNA67	Gene912	0.48032
sRNA135	Gene327	0.51161
sRNA6	Gene2539	0.51831
sRNA207	Gene2618	0.55554
sRNA233	Gene654	0.56519
sRNA218	Gene1172	0.51788
sRNA9	Gene2410	0.52851
sRNA17	Gene1565	0.49655
sRNA62	Gene2436	0.45322
sRNA9	Gene2472	0.54686
sRNA60	Gene1347	0.52992
sRNA131	Gene195	0.5683
sRNA197	Gene410	0.50594
sRNA221	Gene668	0.51247
sRNA125	Gene437	0.4966
sRNA259	Gene952	0.4584
sRNA272	Gene42	0.5154
sRNA133	Gene2157	0.49966
sRNA136	Gene1350	0.51457
sRNA172	Gene488	0.52845
sRNA38	Gene1200	0.60505
sRNA189	Gene1420	0.52258
sRNA168	Gene2501	0.47484
sRNA83	Gene2635	0.57507
sRNA189	Gene1285	0.50392
sRNA9	Gene2086	0.51358
sRNA95	Gene1694	0.57238
sRNA185	Gene646	0.45728
sRNA9	Gene1436	0.50636
sRNA95	Gene393	0.51917
sRNA266	Gene1241	0.49925
sRNA86	Gene2854	0.59698
sRNA313	Gene2255	0.53433
sRNA81	Gene2380	0.51566
sRNA248	Gene1767	0.45194
sRNA119	Gene1985	0.52608
sRNA34	Gene2299	0.52536
sRNA98	Gene142	0.54441
sRNA204	Gene658	0.50759
sRNA50	Gene196	0.50621
sRNA249	Gene2604	0.48892
sRNA244	Gene1291	0.49458
sRNA131	Gene1956	0.56156
sRNA179	Gene2187	0.4644
sRNA176	Gene949	0.59149
sRNA183	Gene2075	0.56658
sRNA142	Gene260	0.52767
sRNA187	Gene1201	0.59607
sRNA6	Gene2527	0.48257
sRNA20	Gene2563	0.56484
sRNA143	Gene1564	0.54523
sRNA183	Gene2674	0.52966
sRNA106	Gene1798	0.57145
sRNA53	Gene2734	0.50519
sRNA76	Gene2461	0.54116
sRNA36	Gene1220	0.52159
sRNA72	Gene2167	0.56317
sRNA82	Gene2736	0.55096
sRNA245	Gene2196	0.53588
sRNA174	Gene541	0.47499
sRNA50	Gene413	0.44879
sRNA213	Gene2284	0.51229
sRNA170	Gene719	0.4772
sRNA244	Gene1505	0.53974
sRNA157	Gene2040	0.53837
sRNA178	Gene940	0.52489
sRNA204	Gene1225	0.51068
sRNA197	Gene1322	0.49919
sRNA41	Gene1159	0.56548
sRNA50	Gene490	0.51801
sRNA84	Gene177	0.59175
sRNA32	Gene700	0.54883
sRNA130	Gene761	0.57405
sRNA8	Gene78	0.55083
sRNA11	Gene2625	0.53714
sRNA42	Gene1803	0.53714
sRNA133	Gene1917	0.50514
sRNA248	Gene1763	0.4524
sRNA242	Gene253	0.55151
sRNA9	Gene1558	0.56136
sRNA130	Gene2744	0.57869
sRNA108	Gene613	0.55151
sRNA67	Gene1908	0.49615
sRNA113	Gene922	0.51608
sRNA183	Gene2417	0.49783
sRNA80	Gene2742	0.48403
sRNA9	Gene1097	0.52377
sRNA59	Gene1632	0.50026
sRNA196	Gene991	0.47501
sRNA47	Gene1617	0.48213
sRNA79	Gene1333	0.53341
sRNA95	Gene2299	0.53442
sRNA146	Gene471	0.57729
sRNA214	Gene2633	0.51935
sRNA128	Gene1608	0.5625
sRNA58	Gene1957	0.54807
sRNA185	Gene2221	0.45446
sRNA181	Gene79	0.55552
sRNA198	Gene12	0.50337
sRNA166	Gene562	0.55306
sRNA223	Gene277	0.53355
sRNA19	Gene1353	0.56469
sRNA59	Gene2796	0.55837
sRNA25	Gene2622	0.51229
sRNA80	Gene1839	0.4816
sRNA63	Gene937	0.52496
sRNA117	Gene832	0.57243
sRNA51	Gene1436	0.5591
sRNA25	Gene1244	0.52791
sRNA173	Gene2701	0.51702
sRNA187	Gene1559	0.53393
sRNA126	Gene596	0.47252
sRNA275	Gene61	0.45866
sRNA9	Gene2725	0.56584
sRNA53	Gene1559	0.53095
sRNA29	Gene2303	0.59022
sRNA9	Gene1737	0.51962
sRNA70	Gene960	0.58917
sRNA199	Gene1818	0.5803
sRNA130	Gene2221	0.53991
sRNA37	Gene1242	0.5392
sRNA177	Gene1786	0.58447
sRNA242	Gene660	0.47062
sRNA56	Gene1586	0.49242
sRNA204	Gene574	0.49593
sRNA50	Gene425	0.48376
sRNA267	Gene2739	0.47002
sRNA150	Gene167	0.54332
sRNA130	Gene441	0.53415
sRNA63	Gene756	0.5183
sRNA80	Gene132	0.48633
sRNA207	Gene74	0.51526
sRNA31	Gene478	0.4825
sRNA32	Gene2636	0.54925
sRNA108	Gene688	0.4997
sRNA74	Gene1929	0.46659
sRNA152	Gene2412	0.53517
sRNA58	Gene2476	0.53061
sRNA157	Gene1375	0.56762
sRNA92	Gene2736	0.54859
sRNA212	Gene462	0.53745
sRNA40	Gene1343	0.51534
sRNA19	Gene1787	0.53992
sRNA45	Gene1259	0.54106
sRNA9	Gene2494	0.45192
sRNA9	Gene1025	0.53212
sRNA218	Gene453	0.51593
sRNA37	Gene409	0.57683
sRNA53	Gene2792	0.51685
sRNA31	Gene2619	0.4921
sRNA90	Gene464	0.54996
sRNA45	Gene2086	0.51776
sRNA52	Gene1179	0.59885
sRNA198	Gene238	0.49405
sRNA46	Gene1021	0.58083
sRNA13	Gene2315	0.50761
sRNA9	Gene2570	0.47938
sRNA232	Gene736	0.50034
sRNA6	Gene566	0.51771
sRNA107	Gene422	0.50782
sRNA222	Gene2602	0.51586
sRNA267	Gene1267	0.4459
sRNA32	Gene1054	0.4802
sRNA224	Gene433	0.60195
sRNA159	Gene2503	0.54526
sRNA216	Gene1009	0.46074
sRNA213	Gene1181	0.54079
sRNA34	Gene2383	0.49207
sRNA60	Gene1762	0.54471
sRNA128	Gene2341	0.52345
sRNA67	Gene1277	0.48175
sRNA98	Gene1380	0.51601
sRNA232	Gene439	0.50759
sRNA226	Gene633	0.5264
sRNA221	Gene548	0.55314
sRNA176	Gene1152	0.54025
sRNA172	Gene2850	0.51999
sRNA80	Gene1389	0.49207
sRNA67	Gene2350	0.51218
sRNA214	Gene2396	0.55408
sRNA160	Gene1913	0.50584
sRNA177	Gene524	0.51036
sRNA61	Gene2655	0.4621
sRNA163	Gene2385	0.57881
sRNA181	Gene774	0.56716
sRNA152	Gene643	0.55129
sRNA28	Gene2630	0.48267
sRNA36	Gene2174	0.53795
sRNA10	Gene1346	0.49824
sRNA118	Gene380	0.49167
sRNA23	Gene1885	0.50089
sRNA26	Gene1586	0.51109
sRNA11	Gene1065	0.52716
sRNA74	Gene1376	0.55119
sRNA53	Gene2177	0.5243
sRNA29	Gene1529	0.54481
sRNA211	Gene136	0.45041
sRNA3	Gene199	0.5329
sRNA53	Gene551	0.54
sRNA198	Gene1993	0.49321
sRNA5	Gene185	0.51351
sRNA9	Gene1388	0.45176
sRNA76	Gene1599	0.56942
sRNA58	Gene976	0.53964
sRNA67	Gene2854	0.4702
sRNA257	Gene452	0.52406
sRNA9	Gene2717	0.53945
sRNA50	Gene554	0.57472
sRNA9	Gene1684	0.47554
sRNA9	Gene1757	0.5279
sRNA219	Gene767	0.56915
sRNA36	Gene2723	0.56375
sRNA113	Gene103	0.48657
sRNA38	Gene1308	0.51473
sRNA234	Gene1782	0.59332
sRNA136	Gene1017	0.54469
sRNA227	Gene1278	0.46065
sRNA169	Gene360	0.49841
sRNA9	Gene1257	0.45214
sRNA11	Gene851	0.53611
sRNA29	Gene2088	0.48299
sRNA70	Gene720	0.55325
sRNA95	Gene195	0.51204
sRNA220	Gene785	0.56744
sRNA50	Gene832	0.47732
sRNA168	Gene1255	0.44674
sRNA47	Gene1999	0.50492
sRNA157	Gene1686	0.5569
sRNA240	Gene2457	0.51436
sRNA55	Gene960	0.57448
sRNA45	Gene90	0.51424
sRNA9	Gene2221	0.45423
sRNA247	Gene1643	0.47138
sRNA141	Gene724	0.5103
sRNA60	Gene611	0.5172
sRNA79	Gene743	0.51396
sRNA223	Gene33	0.54859
sRNA224	Gene1034	0.58423
sRNA92	Gene268	0.53425
sRNA191	Gene731	0.51303
sRNA31	Gene2576	0.46648
sRNA123	Gene532	0.47643
sRNA123	Gene233	0.51917
sRNA215	Gene39	0.54437
sRNA223	Gene2559	0.49087
sRNA178	Gene261	0.54237
sRNA12	Gene314	0.56869
sRNA36	Gene771	0.53032
sRNA267	Gene2127	0.46173
sRNA2	Gene1971	0.53223
sRNA151	Gene493	0.56825
sRNA98	Gene1620	0.51746
sRNA38	Gene228	0.57415
sRNA109	Gene479	0.45128
sRNA63	Gene30	0.50994
sRNA3	Gene1553	0.47367
sRNA56	Gene2328	0.48288
sRNA17	Gene1684	0.49155
sRNA211	Gene2736	0.50432
sRNA272	Gene1116	0.51323
sRNA16	Gene2661	0.48215
sRNA140	Gene136	0.5348
sRNA87	Gene1328	0.58366
sRNA43	Gene1917	0.48523
sRNA45	Gene918	0.50727
sRNA282	Gene2695	0.51516
sRNA209	Gene481	0.53795
sRNA158	Gene551	0.54646
sRNA36	Gene1861	0.56651
sRNA42	Gene1049	0.53025
sRNA86	Gene564	0.60802
sRNA18	Gene384	0.54433
sRNA70	Gene1682	0.54136
sRNA184	Gene679	0.46445
sRNA102	Gene2255	0.49479
sRNA142	Gene1002	0.5776
sRNA9	Gene22	0.51918
sRNA30	Gene268	0.54228
sRNA249	Gene2335	0.49686
sRNA133	Gene1719	0.52054
sRNA40	Gene385	0.49519
sRNA187	Gene2196	0.51455
sRNA236	Gene1063	0.58391
sRNA151	Gene2503	0.55581
sRNA69	Gene1410	0.48865
sRNA9	Gene1165	0.55958
sRNA83	Gene1152	0.5329
sRNA34	Gene507	0.46973
sRNA176	Gene147	0.53924
sRNA90	Gene272	0.54627
sRNA178	Gene295	0.53764
sRNA259	Gene1381	0.46611
sRNA52	Gene1414	0.57761
sRNA240	Gene854	0.57317
sRNA42	Gene1961	0.57121
sRNA63	Gene1141	0.52984
sRNA102	Gene714	0.44969
sRNA169	Gene852	0.50665
sRNA233	Gene1884	0.63415
sRNA113	Gene419	0.4987
sRNA45	Gene1493	0.49276
sRNA249	Gene2181	0.51425
sRNA53	Gene388	0.51485
sRNA259	Gene2652	0.45535
sRNA16	Gene1827	0.50303
sRNA207	Gene1602	0.53046
sRNA50	Gene843	0.48652
sRNA95	Gene530	0.53701
sRNA214	Gene2027	0.49199
sRNA224	Gene1250	0.60549
sRNA9	Gene2707	0.58105
sRNA213	Gene506	0.51927
sRNA146	Gene145	0.50842
sRNA38	Gene2439	0.57551
sRNA223	Gene470	0.58677
sRNA163	Gene795	0.57593
sRNA50	Gene1011	0.49855
sRNA109	Gene2863	0.46696
sRNA127	Gene2624	0.56872
sRNA76	Gene2110	0.56654
sRNA133	Gene69	0.51071
sRNA201	Gene2717	0.51411
sRNA187	Gene558	0.54365
sRNA62	Gene1920	0.47904
sRNA19	Gene2815	0.57437
sRNA178	Gene199	0.54853
sRNA74	Gene394	0.51077
sRNA9	Gene1476	0.47114
sRNA43	Gene1393	0.47509
sRNA28	Gene2458	0.50856
sRNA242	Gene732	0.50591
sRNA38	Gene2041	0.54652
sRNA23	Gene1519	0.50651
sRNA218	Gene2071	0.56047
sRNA104	Gene589	0.56047
sRNA10	Gene501	0.58942
sRNA32	Gene2566	0.55225
sRNA62	Gene2497	0.58337
sRNA172	Gene503	0.54079
sRNA56	Gene2089	0.4735
sRNA166	Gene957	0.507
sRNA124	Gene1421	0.55393
sRNA9	Gene295	0.52647
sRNA9	Gene1018	0.47251
sRNA53	Gene1351	0.51975
sRNA273	Gene711	0.44896
sRNA246	Gene2456	0.54425
sRNA9	Gene585	0.58776
sRNA151	Gene653	0.55455
sRNA56	Gene2423	0.45294
sRNA151	Gene1711	0.55233
sRNA169	Gene609	0.52029
sRNA267	Gene225	0.45998
sRNA225	Gene1656	0.5539
sRNA182	Gene1387	0.53292
sRNA35	Gene1502	0.53342
sRNA47	Gene450	0.57682
sRNA85	Gene2426	0.5154
sRNA233	Gene718	0.52831
sRNA9	Gene1351	0.48679
sRNA154	Gene57	0.51209
sRNA214	Gene1566	0.56687
sRNA10	Gene537	0.56912
sRNA29	Gene1249	0.54519
sRNA6	Gene2600	0.46504
sRNA56	Gene1684	0.49566
sRNA243	Gene308	0.5413
sRNA109	Gene919	0.49549
sRNA9	Gene681	0.5782
sRNA9	Gene2862	0.49388
sRNA71	Gene2136	0.57566
sRNA33	Gene925	0.51802
sRNA9	Gene429	0.57828
sRNA234	Gene640	0.56009
sRNA1	Gene336	0.51773
sRNA153	Gene951	0.56471
sRNA9	Gene1672	0.47277
sRNA102	Gene1699	0.46689
sRNA90	Gene1296	0.49716
sRNA13	Gene140	0.46536
sRNA96	Gene2551	0.51405
sRNA117	Gene711	0.57837
sRNA28	Gene2357	0.44812
sRNA199	Gene199	0.55243
sRNA221	Gene748	0.50541
sRNA96	Gene2770	0.51283
sRNA89	Gene2466	0.51436
sRNA179	Gene2460	0.46406
sRNA9	Gene1584	0.52936
sRNA300	Gene1482	0.46134
sRNA145	Gene941	0.57783
sRNA45	Gene1558	0.55169
sRNA40	Gene1878	0.47697
sRNA238	Gene479	0.50374
sRNA135	Gene177	0.52216
sRNA97	Gene1592	0.54384
sRNA3	Gene907	0.4703
sRNA35	Gene2604	0.5259
sRNA111	Gene2405	0.52548
sRNA186	Gene2543	0.512
sRNA212	Gene116	0.5134
sRNA147	Gene2167	0.51756
sRNA165	Gene993	0.47756
sRNA28	Gene2749	0.46545
sRNA216	Gene1560	0.53635
sRNA74	Gene1845	0.49871
sRNA218	Gene896	0.51645
sRNA48	Gene1501	0.57567
sRNA224	Gene179	0.57599
sRNA50	Gene2436	0.55216
sRNA267	Gene1848	0.46262
sRNA13	Gene2209	0.50112
sRNA242	Gene2807	0.47482
sRNA200	Gene2075	0.50091
sRNA71	Gene1843	0.58429
sRNA146	Gene1016	0.50287
sRNA79	Gene1445	0.52945
sRNA275	Gene2457	0.46919
sRNA198	Gene191	0.49623
sRNA273	Gene234	0.45203
sRNA11	Gene113	0.52362
sRNA62	Gene2635	0.47082
sRNA125	Gene755	0.57024
sRNA86	Gene2437	0.57304
sRNA12	Gene639	0.59415
sRNA196	Gene615	0.46213
sRNA153	Gene577	0.55975
sRNA217	Gene1885	0.48763
sRNA106	Gene289	0.57127
sRNA163	Gene2429	0.53379
sRNA9	Gene2411	0.52596
sRNA9	Gene1509	0.53034
sRNA135	Gene2631	0.55812
sRNA36	Gene2057	0.53782
sRNA199	Gene2485	0.56988
sRNA13	Gene2503	0.52196
sRNA50	Gene2119	0.54169
sRNA14	Gene587	0.48733
sRNA87	Gene2503	0.5744
sRNA77	Gene2140	0.56332
sRNA37	Gene307	0.551
sRNA101	Gene2663	0.51975
sRNA9	Gene2564	0.53213
sRNA212	Gene117	0.48974
sRNA40	Gene1347	0.49911
sRNA32	Gene1863	0.53354
sRNA150	Gene348	0.52787
sRNA176	Gene2823	0.56415
sRNA50	Gene1223	0.53961
sRNA42	Gene1439	0.54272
sRNA100	Gene2363	0.59538
sRNA247	Gene1755	0.51975
sRNA249	Gene2739	0.49327
sRNA208	Gene524	0.49959
sRNA197	Gene609	0.55929
sRNA3	Gene234	0.55826
sRNA68	Gene2563	0.50116
sRNA3	Gene2253	0.5092
sRNA224	Gene291	0.57554
sRNA227	Gene1679	0.51243
sRNA24	Gene2044	0.46209
sRNA187	Gene375	0.53295
sRNA226	Gene449	0.52314
sRNA10	Gene2196	0.5703
sRNA126	Gene623	0.50835
sRNA9	Gene1264	0.53207
sRNA50	Gene2410	0.57902
sRNA9	Gene2476	0.48686
sRNA119	Gene767	0.54477
sRNA247	Gene2184	0.4959
sRNA19	Gene2441	0.58327
sRNA226	Gene1457	0.54849
sRNA57	Gene1194	0.48618
sRNA177	Gene2404	0.54074
sRNA247	Gene1421	0.47169
sRNA97	Gene1898	0.51466
sRNA71	Gene1766	0.5656
sRNA19	Gene93	0.57744
sRNA96	Gene1799	0.46871
sRNA56	Gene2153	0.48571
sRNA224	Gene1495	0.55888
sRNA222	Gene2597	0.51208
sRNA232	Gene991	0.44885
sRNA128	Gene1476	0.51753
sRNA176	Gene677	0.55909
sRNA86	Gene50	0.57024
sRNA50	Gene287	0.49269
sRNA224	Gene207	0.55672
sRNA9	Gene2542	0.48481
sRNA52	Gene1094	0.58788
sRNA173	Gene724	0.46926
sRNA240	Gene695	0.58048
sRNA164	Gene772	0.49631
sRNA81	Gene615	0.46323
sRNA130	Gene575	0.56491
sRNA59	Gene2571	0.57116
sRNA79	Gene2760	0.54975
sRNA236	Gene2009	0.58107
sRNA60	Gene1622	0.49758
sRNA87	Gene2251	0.56299
sRNA113	Gene122	0.5118
sRNA32	Gene1621	0.48461
sRNA106	Gene2486	0.5365
sRNA50	Gene106	0.52668
sRNA245	Gene2655	0.47824
sRNA208	Gene460	0.50881
sRNA162	Gene846	0.53472
sRNA76	Gene2261	0.48069
sRNA61	Gene1345	0.56868
sRNA242	Gene299	0.50714
sRNA101	Gene2544	0.49154
sRNA232	Gene57	0.47387
sRNA106	Gene1533	0.56774
sRNA53	Gene2016	0.52049
sRNA9	Gene2175	0.48705
sRNA207	Gene1558	0.59086
sRNA50	Gene114	0.59041
sRNA19	Gene835	0.54537
sRNA216	Gene121	0.52948
sRNA11	Gene972	0.50456
sRNA86	Gene57	0.59277
sRNA21	Gene759	0.54321
sRNA29	Gene2467	0.50218
sRNA73	Gene1375	0.47794
sRNA226	Gene865	0.5378
sRNA65	Gene1902	0.50709
sRNA24	Gene188	0.46295
sRNA32	Gene520	0.56239
sRNA86	Gene1247	0.57579
sRNA17	Gene869	0.56726
sRNA277	Gene2315	0.50929
sRNA207	Gene1944	0.55885
sRNA267	Gene2535	0.48263
sRNA190	Gene950	0.53939
sRNA9	Gene1553	0.48318
sRNA31	Gene393	0.4538
sRNA3	Gene1072	0.58725
sRNA7	Gene683	0.52107
sRNA157	Gene330	0.58932
sRNA223	Gene835	0.56285
sRNA38	Gene1526	0.55621
sRNA147	Gene1484	0.57428
sRNA62	Gene2662	0.45148
sRNA164	Gene2771	0.51184
sRNA220	Gene2221	0.52948
sRNA239	Gene101	0.52768
sRNA160	Gene507	0.57449
sRNA36	Gene2624	0.51654
sRNA187	Gene1730	0.53805
sRNA111	Gene952	0.5277
sRNA52	Gene2781	0.57699
sRNA50	Gene1951	0.56717
sRNA71	Gene955	0.59859
sRNA150	Gene382	0.53398
sRNA213	Gene1107	0.53771
sRNA8	Gene1489	0.4794
sRNA204	Gene756	0.54613
sRNA152	Gene379	0.52089
sRNA51	Gene61	0.56714
sRNA218	Gene702	0.52694
sRNA126	Gene756	0.52736
sRNA9	Gene1969	0.49535
sRNA228	Gene500	0.47595
sRNA71	Gene2511	0.57072
sRNA97	Gene2604	0.49035
sRNA226	Gene23	0.49787
sRNA152	Gene539	0.53852
sRNA207	Gene2799	0.56116
sRNA50	Gene857	0.50327
sRNA69	Gene759	0.51682
sRNA115	Gene922	0.52177
sRNA197	Gene349	0.51602
sRNA150	Gene1523	0.50286
sRNA59	Gene186	0.59322
sRNA168	Gene80	0.45293
sRNA12	Gene1863	0.58037
sRNA218	Gene162	0.46893
sRNA189	Gene442	0.49535
sRNA101	Gene1137	0.54956
sRNA9	Gene2722	0.54959
sRNA9	Gene1556	0.52087
sRNA240	Gene767	0.51308
sRNA72	Gene1830	0.53003
sRNA46	Gene2068	0.57537
sRNA43	Gene1665	0.45926
sRNA42	Gene2399	0.54823
sRNA106	Gene549	0.57814
sRNA50	Gene534	0.53156
sRNA135	Gene969	0.5252
sRNA187	Gene2369	0.52848
sRNA150	Gene2777	0.50501
sRNA34	Gene1752	0.46062
sRNA9	Gene1567	0.52919
sRNA73	Gene2296	0.45932
sRNA150	Gene1907	0.53103
sRNA19	Gene291	0.5435
sRNA20	Gene1344	0.54119
sRNA47	Gene2636	0.54509
sRNA17	Gene1253	0.52146
sRNA56	Gene2051	0.49108
sRNA72	Gene2578	0.50499
sRNA107	Gene1937	0.51455
sRNA220	Gene652	0.54444
sRNA113	Gene2739	0.47314
sRNA133	Gene2733	0.5185
sRNA233	Gene284	0.59045
sRNA63	Gene899	0.54221
sRNA50	Gene2661	0.50305
sRNA100	Gene2749	0.57254
sRNA81	Gene213	0.53137
sRNA173	Gene2798	0.4972
sRNA111	Gene2811	0.51102
sRNA128	Gene2399	0.54007
sRNA32	Gene1572	0.50467
sRNA166	Gene2347	0.47109
sRNA90	Gene2604	0.49298
sRNA135	Gene832	0.55306
sRNA97	Gene1507	0.53742
sRNA123	Gene2660	0.46594
sRNA93	Gene2076	0.50374
sRNA223	Gene771	0.61231
sRNA40	Gene1884	0.52745
sRNA151	Gene2747	0.57176
sRNA265	Gene1187	0.52353
sRNA159	Gene1756	0.55693
sRNA211	Gene113	0.52442
sRNA9	Gene489	0.53632
sRNA26	Gene2614	0.51013
sRNA183	Gene2326	0.48852
sRNA225	Gene1753	0.5701
sRNA19	Gene831	0.55774
sRNA48	Gene1101	0.5603
sRNA20	Gene1939	0.5317
sRNA60	Gene777	0.5292
sRNA204	Gene2776	0.49619
sRNA145	Gene2745	0.54903
sRNA236	Gene272	0.54168
sRNA303	Gene1874	0.47877
sRNA153	Gene1557	0.55766
sRNA177	Gene2493	0.5749
sRNA213	Gene1224	0.49429
sRNA160	Gene1940	0.51107
sRNA182	Gene240	0.50194
sRNA64	Gene612	0.61371
sRNA82	Gene2099	0.5126
sRNA151	Gene778	0.53388
sRNA172	Gene832	0.54225
sRNA255	Gene12	0.46355
sRNA34	Gene1620	0.49402
sRNA6	Gene2136	0.53972
sRNA315	Gene2563	0.48807
sRNA9	Gene279	0.53551
sRNA3	Gene2046	0.45977
sRNA50	Gene1327	0.50678
sRNA64	Gene2147	0.57953
sRNA183	Gene562	0.54054
sRNA130	Gene422	0.55858
sRNA89	Gene616	0.51474
sRNA2	Gene289	0.54109
sRNA176	Gene294	0.5492
sRNA33	Gene1368	0.53289
sRNA209	Gene640	0.56748
sRNA150	Gene113	0.56525
sRNA123	Gene590	0.47454
sRNA9	Gene1228	0.54137
sRNA50	Gene2680	0.57906
sRNA196	Gene1041	0.46596
sRNA3	Gene191	0.61445
sRNA285	Gene2562	0.46402
sRNA267	Gene715	0.4781
sRNA33	Gene1940	0.52669
sRNA46	Gene1418	0.54818
sRNA178	Gene2113	0.58378
sRNA264	Gene532	0.52923
sRNA207	Gene1593	0.58432
sRNA193	Gene2024	0.49467
sRNA157	Gene2632	0.55701
sRNA9	Gene1752	0.4987
sRNA37	Gene1259	0.57712
sRNA150	Gene1731	0.50549
sRNA98	Gene2568	0.51652
sRNA31	Gene2204	0.50471
sRNA152	Gene24	0.55149
sRNA50	Gene516	0.53214
sRNA299	Gene795	0.4814
sRNA181	Gene2384	0.54929
sRNA87	Gene1930	0.56288
sRNA218	Gene350	0.57217
sRNA257	Gene2214	0.51965
sRNA50	Gene900	0.51253
sRNA200	Gene835	0.52866
sRNA104	Gene3	0.53815
sRNA108	Gene2193	0.56255
sRNA53	Gene1986	0.51355
sRNA181	Gene2423	0.57077
sRNA32	Gene1390	0.50439
sRNA34	Gene2712	0.47373
sRNA231	Gene587	0.51681
sRNA152	Gene2678	0.51224
sRNA207	Gene1417	0.53145
sRNA50	Gene2142	0.51406
sRNA198	Gene775	0.5057
sRNA108	Gene1297	0.56472
sRNA235	Gene1942	0.55663
sRNA9	Gene280	0.51728
sRNA246	Gene2761	0.5277
sRNA128	Gene519	0.57092
sRNA226	Gene197	0.5045
sRNA72	Gene1775	0.52961
sRNA246	Gene1398	0.52932
sRNA97	Gene965	0.51454
sRNA219	Gene1391	0.46698
sRNA80	Gene709	0.49869
sRNA243	Gene2644	0.55067
sRNA97	Gene2652	0.49335
sRNA209	Gene2530	0.567
sRNA128	Gene2766	0.5324
sRNA152	Gene974	0.52644
sRNA36	Gene2419	0.53188
sRNA259	Gene2070	0.45306
sRNA6	Gene851	0.56761
sRNA240	Gene610	0.5901
sRNA104	Gene653	0.49891
sRNA26	Gene1330	0.47316
sRNA92	Gene1189	0.49786
sRNA26	Gene1810	0.47584
sRNA125	Gene2617	0.60748
sRNA51	Gene2571	0.54853
sRNA50	Gene2204	0.54946
sRNA223	Gene836	0.55167
sRNA164	Gene483	0.47329
sRNA3	Gene197	0.59033
sRNA50	Gene239	0.53745
sRNA87	Gene1719	0.55544
sRNA9	Gene700	0.56465
sRNA93	Gene540	0.54748
sRNA59	Gene1404	0.51116
sRNA131	Gene1179	0.56222
sRNA146	Gene946	0.50866
sRNA57	Gene1707	0.50707
sRNA176	Gene1919	0.55784
sRNA239	Gene2103	0.51544
sRNA43	Gene1670	0.49459
sRNA135	Gene367	0.52725
sRNA62	Gene1567	0.56796
sRNA219	Gene1973	0.44806
sRNA187	Gene802	0.51861
sRNA43	Gene393	0.51743
sRNA131	Gene2501	0.60063
sRNA58	Gene2558	0.49381
sRNA40	Gene2352	0.52895
sRNA131	Gene1372	0.49049
sRNA233	Gene2570	0.52764
sRNA186	Gene1481	0.60422
sRNA245	Gene2768	0.50363
sRNA79	Gene1482	0.53908
sRNA129	Gene2499	0.55872
sRNA113	Gene510	0.5039
sRNA33	Gene2456	0.55909
sRNA87	Gene1057	0.5155
sRNA136	Gene1787	0.54921
sRNA9	Gene1449	0.50811
sRNA67	Gene2860	0.46023
sRNA125	Gene178	0.51966
sRNA101	Gene2074	0.49738
sRNA233	Gene767	0.54828
sRNA184	Gene1160	0.47076
sRNA88	Gene1581	0.49069
sRNA106	Gene660	0.54896
sRNA125	Gene783	0.5798
sRNA235	Gene1017	0.48307
sRNA53	Gene2541	0.50092
sRNA50	Gene1567	0.52629
sRNA89	Gene1283	0.54214
sRNA17	Gene1477	0.527
sRNA1	Gene720	0.50544
sRNA17	Gene1835	0.51235
sRNA118	Gene357	0.52531
sRNA195	Gene195	0.47897
sRNA260	Gene143	0.49316
sRNA229	Gene1224	0.58024
sRNA19	Gene1235	0.56315
sRNA113	Gene530	0.50791
sRNA204	Gene1081	0.5298
sRNA221	Gene220	0.50529
sRNA151	Gene459	0.57052
sRNA160	Gene2369	0.55228
sRNA50	Gene142	0.56223
sRNA33	Gene1320	0.51515
sRNA28	Gene169	0.53836
sRNA28	Gene1697	0.49723
sRNA113	Gene1598	0.52043
sRNA79	Gene2452	0.50469
sRNA9	Gene2490	0.51553
sRNA6	Gene1526	0.49422
sRNA221	Gene2569	0.53468
sRNA340	Gene1702	0.44993
sRNA249	Gene2751	0.52841
sRNA273	Gene2497	0.49767
sRNA101	Gene2444	0.54331
sRNA249	Gene2032	0.50105
sRNA198	Gene83	0.46205
sRNA29	Gene1962	0.5201
sRNA157	Gene897	0.51086
sRNA191	Gene714	0.52323
sRNA142	Gene2022	0.5479
sRNA77	Gene1246	0.54709
sRNA142	Gene137	0.54607
sRNA204	Gene1793	0.50496
sRNA187	Gene794	0.53498
sRNA139	Gene245	0.55619
sRNA65	Gene1865	0.4919
sRNA86	Gene2094	0.59574
sRNA157	Gene1789	0.52609
sRNA2	Gene1575	0.5218
sRNA3	Gene2764	0.48072
sRNA3	Gene648	0.45325
sRNA86	Gene1539	0.54836
sRNA3	Gene2302	0.50308
sRNA162	Gene2758	0.55243
sRNA250	Gene1079	0.50339
sRNA150	Gene541	0.54723
sRNA39	Gene1684	0.56216
sRNA74	Gene2518	0.51535
sRNA8	Gene576	0.53345
sRNA45	Gene1153	0.57539
sRNA31	Gene1985	0.49127
sRNA108	Gene2027	0.55265
sRNA56	Gene1284	0.47403
sRNA164	Gene1219	0.48801
sRNA92	Gene484	0.52339
sRNA50	Gene1675	0.53485
sRNA130	Gene2475	0.54809
sRNA217	Gene1167	0.46371
sRNA184	Gene1724	0.45559
sRNA183	Gene1961	0.54164
sRNA188	Gene876	0.52327
sRNA9	Gene1265	0.5838
sRNA72	Gene832	0.53832
sRNA200	Gene2824	0.45407
sRNA87	Gene1601	0.55053
sRNA29	Gene2046	0.52034
sRNA34	Gene649	0.47345
sRNA177	Gene585	0.53028
sRNA9	Gene14	0.56175
sRNA118	Gene1892	0.52073
sRNA151	Gene1033	0.53936
sRNA111	Gene1223	0.56316
sRNA34	Gene540	0.44945
sRNA50	Gene748	0.56029
sRNA80	Gene1826	0.51396
sRNA50	Gene1810	0.56051
sRNA19	Gene2311	0.57229
sRNA43	Gene2724	0.46806
sRNA230	Gene704	0.47662
sRNA79	Gene1897	0.5272
sRNA218	Gene103	0.54659
sRNA141	Gene59	0.55485
sRNA37	Gene1762	0.58999
sRNA235	Gene1720	0.55797
sRNA28	Gene731	0.50837
sRNA226	Gene995	0.52111
sRNA90	Gene1592	0.53439
sRNA200	Gene2025	0.48513
sRNA162	Gene2212	0.53792
sRNA67	Gene982	0.48747
sRNA190	Gene1561	0.56342
sRNA112	Gene2397	0.57098
sRNA220	Gene166	0.57646
sRNA77	Gene277	0.56516
sRNA56	Gene1396	0.46949
sRNA157	Gene253	0.57616
sRNA214	Gene598	0.51342
sRNA213	Gene549	0.53833
sRNA136	Gene976	0.51945
sRNA133	Gene269	0.56093
sRNA239	Gene1888	0.50922
sRNA64	Gene448	0.5469
sRNA245	Gene2281	0.52646
sRNA50	Gene2742	0.50684
sRNA88	Gene2221	0.54951
sRNA187	Gene493	0.55828
sRNA118	Gene1187	0.52275
sRNA205	Gene301	0.50041
sRNA2	Gene1469	0.5338
sRNA219	Gene1908	0.46533
sRNA38	Gene1079	0.57977
sRNA80	Gene733	0.46067
sRNA90	Gene1721	0.52748
sRNA132	Gene701	0.50517
sRNA308	Gene1267	0.49917
sRNA100	Gene2615	0.57973
sRNA29	Gene2797	0.50685
sRNA197	Gene848	0.55176
sRNA250	Gene321	0.46712
sRNA74	Gene1594	0.53281
sRNA9	Gene205	0.57556
sRNA128	Gene1688	0.51884
sRNA151	Gene614	0.57687
sRNA142	Gene1283	0.5726
sRNA189	Gene725	0.49699
sRNA125	Gene2119	0.58001
sRNA16	Gene1928	0.53926
sRNA249	Gene2582	0.47926
sRNA178	Gene1248	0.53
sRNA180	Gene90	0.55344
sRNA90	Gene2617	0.49015
sRNA171	Gene2533	0.51086
sRNA161	Gene741	0.52246
sRNA159	Gene365	0.53152
sRNA157	Gene377	0.5468
sRNA106	Gene143	0.56042
sRNA243	Gene2550	0.50159
sRNA154	Gene454	0.54095
sRNA37	Gene129	0.6058
sRNA61	Gene2263	0.53369
sRNA269	Gene832	0.46134
sRNA32	Gene1043	0.56082
sRNA199	Gene2771	0.56377
sRNA109	Gene256	0.56769
sRNA24	Gene2344	0.45502
sRNA20	Gene2839	0.57262
sRNA71	Gene1595	0.61479
sRNA162	Gene712	0.52952
sRNA86	Gene117	0.57433
sRNA50	Gene624	0.47559
sRNA194	Gene594	0.57603
sRNA142	Gene2561	0.51876
sRNA46	Gene2639	0.52104
sRNA9	Gene262	0.49909
sRNA82	Gene1622	0.49172
sRNA226	Gene2404	0.58521
sRNA50	Gene808	0.57297
sRNA229	Gene38	0.54847
sRNA3	Gene23	0.56431
sRNA201	Gene1025	0.4856
sRNA34	Gene2028	0.46415
sRNA139	Gene2541	0.51103
sRNA305	Gene379	0.5469
sRNA72	Gene1277	0.55822
sRNA98	Gene2666	0.49695
sRNA36	Gene1030	0.49873
sRNA9	Gene1542	0.53677
sRNA201	Gene1394	0.51131
sRNA16	Gene978	0.47457
sRNA259	Gene331	0.46313
sRNA19	Gene1843	0.53679
sRNA141	Gene1554	0.52158
sRNA172	Gene304	0.54053
sRNA204	Gene667	0.48113
sRNA7	Gene22	0.52588
sRNA200	Gene1268	0.48671
sRNA31	Gene2388	0.52459
sRNA176	Gene2477	0.58861
sRNA231	Gene578	0.51892
sRNA150	Gene868	0.50935
sRNA87	Gene2710	0.51215
sRNA106	Gene468	0.57084
sRNA140	Gene769	0.52454
sRNA59	Gene1888	0.49403
sRNA9	Gene1636	0.55595
sRNA150	Gene256	0.56187
sRNA172	Gene1275	0.55392
sRNA24	Gene2158	0.49394
sRNA96	Gene199	0.5471
sRNA120	Gene1993	0.54218
sRNA164	Gene1234	0.45865
sRNA146	Gene2229	0.5273
sRNA9	Gene776	0.53793
sRNA38	Gene2591	0.53947
sRNA143	Gene1979	0.56327
sRNA140	Gene1455	0.50606
sRNA251	Gene1024	0.45464
sRNA50	Gene679	0.54626
sRNA125	Gene1083	0.51272
sRNA238	Gene1685	0.49709
sRNA2	Gene2131	0.51246
sRNA70	Gene840	0.56559
sRNA48	Gene2840	0.53602
sRNA60	Gene546	0.53201
sRNA9	Gene2647	0.52742
sRNA31	Gene1799	0.46575
sRNA37	Gene2427	0.57512
sRNA28	Gene1174	0.46587
sRNA50	Gene701	0.52467
sRNA68	Gene1579	0.54479
sRNA141	Gene169	0.56107
sRNA213	Gene1336	0.48319
sRNA225	Gene2393	0.54073
sRNA154	Gene1177	0.56315
sRNA40	Gene2265	0.56641
sRNA9	Gene2779	0.50756
sRNA124	Gene2036	0.5256
sRNA53	Gene2705	0.51604
sRNA97	Gene1049	0.52519
sRNA12	Gene805	0.53297
sRNA9	Gene447	0.53308
sRNA236	Gene1023	0.56171
sRNA76	Gene1652	0.58384
sRNA152	Gene1128	0.52282
sRNA111	Gene1265	0.59056
sRNA24	Gene397	0.47668
sRNA157	Gene1379	0.5928
sRNA139	Gene309	0.53252
sRNA159	Gene504	0.53864
sRNA169	Gene1974	0.56513
sRNA152	Gene1653	0.49797
sRNA210	Gene1600	0.50863
sRNA185	Gene2601	0.52019
sRNA152	Gene515	0.47961
sRNA98	Gene2677	0.49662
sRNA136	Gene166	0.57236
sRNA50	Gene1441	0.56842
sRNA224	Gene288	0.58399
sRNA38	Gene175	0.56487
sRNA51	Gene247	0.52431
sRNA255	Gene173	0.49339
sRNA226	Gene242	0.52332
sRNA265	Gene33	0.52975
sRNA221	Gene2237	0.55085
sRNA146	Gene2162	0.51196
sRNA102	Gene2312	0.47707
sRNA40	Gene603	0.55652
sRNA9	Gene2217	0.45883
sRNA132	Gene1175	0.47019
sRNA224	Gene879	0.59768
sRNA36	Gene389	0.56858
sRNA60	Gene2466	0.52997
sRNA6	Gene1444	0.50992
sRNA6	Gene1950	0.52807
sRNA20	Gene2534	0.56304
sRNA227	Gene2843	0.52491
sRNA10	Gene900	0.58135
sRNA238	Gene373	0.46682
sRNA87	Gene2506	0.55431
sRNA36	Gene1202	0.5647
sRNA190	Gene497	0.49154
sRNA223	Gene5	0.57735
sRNA56	Gene1748	0.48396
sRNA36	Gene1418	0.52278
sRNA120	Gene1145	0.55617
sRNA176	Gene1961	0.57337
sRNA159	Gene6	0.53185
sRNA135	Gene908	0.4916
sRNA220	Gene1569	0.56457
sRNA235	Gene2572	0.58796
sRNA251	Gene903	0.46899
sRNA199	Gene840	0.52907
sRNA162	Gene1950	0.53492
sRNA9	Gene1561	0.50346
sRNA149	Gene1969	0.46786
sRNA146	Gene923	0.50689
sRNA129	Gene912	0.569
sRNA38	Gene2437	0.58721
sRNA50	Gene2157	0.47678
sRNA165	Gene701	0.51055
sRNA85	Gene2140	0.5106
sRNA235	Gene2595	0.54988
sRNA63	Gene738	0.54788
sRNA6	Gene228	0.54067
sRNA235	Gene1823	0.54821
sRNA197	Gene1350	0.4828
sRNA9	Gene1921	0.56305
sRNA199	Gene370	0.53518
sRNA227	Gene2761	0.61041
sRNA202	Gene56	0.51857
sRNA198	Gene1137	0.4715
sRNA17	Gene2402	0.53183
sRNA9	Gene1331	0.48932
sRNA25	Gene1755	0.51445
sRNA229	Gene945	0.51679
sRNA9	Gene122	0.58864
sRNA95	Gene439	0.55182
sRNA145	Gene722	0.55164
sRNA198	Gene2153	0.46891
sRNA50	Gene133	0.56998
sRNA13	Gene117	0.49409
sRNA225	Gene1387	0.52518
sRNA50	Gene1157	0.47531
sRNA10	Gene2799	0.55195
sRNA222	Gene764	0.47424
sRNA237	Gene213	0.5147
sRNA124	Gene848	0.55546
sRNA9	Gene2746	0.56063
sRNA213	Gene1066	0.49819
sRNA113	Gene2071	0.5273
sRNA235	Gene538	0.55823
sRNA160	Gene1313	0.5354
sRNA191	Gene73	0.5074
sRNA139	Gene2365	0.51555
sRNA151	Gene327	0.54145
sRNA175	Gene1807	0.49667
sRNA97	Gene1937	0.51028
sRNA145	Gene1588	0.52277
sRNA198	Gene398	0.46537
sRNA187	Gene1172	0.57495
sRNA126	Gene2012	0.52744
sRNA74	Gene1488	0.48443
sRNA75	Gene1601	0.5461
sRNA160	Gene183	0.54149
sRNA112	Gene2076	0.58317
sRNA183	Gene2198	0.52574
sRNA199	Gene1862	0.5245
sRNA228	Gene20	0.50027
sRNA9	Gene2055	0.49375
sRNA206	Gene114	0.55861
sRNA183	Gene766	0.56547
sRNA65	Gene1399	0.54877
sRNA9	Gene1505	0.51518
sRNA98	Gene1917	0.54393
sRNA112	Gene130	0.51649
sRNA86	Gene2022	0.54419
sRNA125	Gene2758	0.54669
sRNA48	Gene1669	0.54761
sRNA73	Gene429	0.5226
sRNA276	Gene1975	0.57354
sRNA11	Gene309	0.55161
sRNA13	Gene2348	0.52535
sRNA30	Gene2225	0.52606
sRNA72	Gene2353	0.51948
sRNA52	Gene2515	0.56554
sRNA183	Gene482	0.51995
sRNA149	Gene2648	0.49402
sRNA246	Gene1826	0.55496
sRNA29	Gene567	0.54269
sRNA1	Gene498	0.50596
sRNA64	Gene368	0.61143
sRNA250	Gene601	0.44935
sRNA9	Gene1503	0.48987
sRNA56	Gene2629	0.51603
sRNA249	Gene807	0.49405
sRNA6	Gene2020	0.5053
sRNA164	Gene1931	0.48225
sRNA34	Gene2837	0.52229
sRNA225	Gene930	0.59687
sRNA240	Gene1991	0.57752
sRNA79	Gene2631	0.53711
sRNA208	Gene1990	0.51232
sRNA200	Gene117	0.44595
sRNA29	Gene1722	0.54203
sRNA16	Gene2121	0.49877
sRNA199	Gene722	0.54452
sRNA165	Gene873	0.47787
sRNA220	Gene1287	0.59279
sRNA109	Gene668	0.49212
sRNA13	Gene978	0.48315
sRNA45	Gene345	0.5022
sRNA58	Gene682	0.45591
sRNA221	Gene1761	0.53167
sRNA104	Gene836	0.52256
sRNA246	Gene100	0.50794
sRNA240	Gene1267	0.56184
sRNA267	Gene1744	0.46008
sRNA101	Gene1877	0.49815
sRNA1	Gene1796	0.50438
sRNA188	Gene1924	0.48497
sRNA106	Gene936	0.55171
sRNA9	Gene663	0.55151
sRNA9	Gene1481	0.46368
sRNA8	Gene1141	0.50902
sRNA185	Gene934	0.53499
sRNA171	Gene371	0.48416
sRNA46	Gene1240	0.58308
sRNA224	Gene940	0.57241
sRNA9	Gene786	0.50812
sRNA18	Gene2734	0.51766
sRNA30	Gene743	0.51684
sRNA25	Gene2694	0.5115
sRNA83	Gene248	0.51593
sRNA221	Gene997	0.51356
sRNA28	Gene1669	0.51335
sRNA60	Gene31	0.55757
sRNA9	Gene307	0.49955
sRNA56	Gene1245	0.49959
sRNA125	Gene830	0.54152
sRNA229	Gene1421	0.49511
sRNA216	Gene1944	0.56229
sRNA220	Gene1476	0.59168
sRNA130	Gene1100	0.57318
sRNA249	Gene1690	0.48914
sRNA34	Gene2764	0.48579
sRNA36	Gene229	0.53248
sRNA111	Gene909	0.49159
sRNA165	Gene1409	0.48248
sRNA81	Gene1077	0.47776
sRNA45	Gene2581	0.56942
sRNA275	Gene6	0.48378
sRNA285	Gene1653	0.44608
sRNA50	Gene181	0.51598
sRNA207	Gene1637	0.53944
sRNA265	Gene1015	0.49095
sRNA47	Gene346	0.47982
sRNA285	Gene2784	0.45933
sRNA50	Gene2663	0.51235
sRNA1	Gene2257	0.51655
sRNA36	Gene1174	0.47345
sRNA202	Gene328	0.49385
sRNA50	Gene1731	0.56452
sRNA9	Gene573	0.45258
sRNA126	Gene488	0.51142
sRNA64	Gene2165	0.55524
sRNA45	Gene2801	0.50551
sRNA160	Gene2104	0.59239
sRNA38	Gene327	0.56802
sRNA9	Gene2734	0.48196
sRNA9	Gene775	0.49642
sRNA25	Gene2399	0.54071
sRNA211	Gene1031	0.47778
sRNA196	Gene1531	0.47149
sRNA135	Gene1135	0.47991
sRNA70	Gene164	0.55985
sRNA19	Gene1649	0.54973
sRNA183	Gene1434	0.57781
sRNA202	Gene692	0.53837
sRNA267	Gene2295	0.46838
sRNA35	Gene2582	0.5462
sRNA148	Gene1990	0.53383
sRNA31	Gene1809	0.46311
sRNA87	Gene2850	0.53327
sRNA243	Gene38	0.5651
sRNA124	Gene1043	0.56777
sRNA165	Gene1085	0.46877
sRNA51	Gene2250	0.54955
sRNA162	Gene639	0.54141
sRNA89	Gene1168	0.48339
sRNA50	Gene2687	0.56093
sRNA60	Gene2799	0.55691
sRNA47	Gene2469	0.49802
sRNA9	Gene1020	0.51053
sRNA143	Gene358	0.54589
sRNA53	Gene1258	0.54016
sRNA245	Gene1902	0.53099
sRNA196	Gene2051	0.46413
sRNA72	Gene2679	0.56716
sRNA185	Gene1281	0.46039
sRNA37	Gene1408	0.57922
sRNA10	Gene9	0.54127
sRNA31	Gene1890	0.46031
sRNA76	Gene1267	0.50795
sRNA76	Gene91	0.57444
sRNA127	Gene1224	0.54584
sRNA76	Gene2629	0.54233
sRNA144	Gene899	0.53877
sRNA157	Gene2222	0.54333
sRNA242	Gene918	0.47771
sRNA196	Gene1583	0.45795
sRNA176	Gene818	0.5462
sRNA117	Gene425	0.53796
sRNA81	Gene140	0.48671
sRNA62	Gene1873	0.46623
sRNA9	Gene2761	0.48352
sRNA8	Gene26	0.50384
sRNA201	Gene2090	0.48031
sRNA9	Gene1528	0.49623
sRNA266	Gene2305	0.45884
sRNA222	Gene396	0.52629
sRNA259	Gene2317	0.45978
sRNA45	Gene1984	0.49705
sRNA115	Gene1200	0.55149
sRNA76	Gene2798	0.53087
sRNA167	Gene2247	0.48355
sRNA264	Gene151	0.51903
sRNA44	Gene360	0.52087
sRNA95	Gene244	0.49953
sRNA214	Gene178	0.56229
sRNA157	Gene851	0.51423
sRNA224	Gene1993	0.58726
sRNA32	Gene878	0.52344
sRNA154	Gene1975	0.57163
sRNA84	Gene196	0.58709
sRNA33	Gene237	0.5215
sRNA228	Gene1188	0.46089
sRNA127	Gene2543	0.52106
sRNA152	Gene1602	0.54416
sRNA75	Gene2767	0.50528
sRNA26	Gene1434	0.51955
sRNA242	Gene2145	0.48222
sRNA242	Gene403	0.54053
sRNA223	Gene1128	0.57699
sRNA212	Gene312	0.54844
sRNA233	Gene2080	0.51255
sRNA112	Gene2006	0.55207
sRNA79	Gene1875	0.51198
sRNA86	Gene1113	0.57117
sRNA243	Gene1082	0.5819
sRNA160	Gene1955	0.51009
sRNA67	Gene292	0.52457
sRNA79	Gene232	0.51519
sRNA187	Gene436	0.51606
sRNA87	Gene557	0.53134
sRNA190	Gene229	0.56434
sRNA9	Gene1594	0.45939
sRNA247	Gene1005	0.46009
sRNA257	Gene1630	0.52449
sRNA213	Gene840	0.47855
sRNA126	Gene240	0.52127
sRNA225	Gene1187	0.61465
sRNA197	Gene310	0.55924
sRNA129	Gene2682	0.55778
sRNA213	Gene184	0.54088
sRNA28	Gene985	0.47242
sRNA143	Gene2637	0.55877
sRNA146	Gene1767	0.51238
sRNA46	Gene2423	0.56675
sRNA210	Gene2489	0.47514
sRNA218	Gene488	0.54109
sRNA187	Gene1126	0.53775
sRNA146	Gene122	0.57253
sRNA169	Gene1617	0.52298
sRNA19	Gene1716	0.56066
sRNA45	Gene2391	0.50154
sRNA36	Gene302	0.54707
sRNA9	Gene782	0.48044
sRNA38	Gene2792	0.54998
sRNA9	Gene306	0.50823
sRNA47	Gene2024	0.47949
sRNA213	Gene28	0.51099
sRNA1	Gene265	0.50072
sRNA216	Gene1224	0.53936
sRNA204	Gene1191	0.48263
sRNA118	Gene939	0.47367
sRNA259	Gene1008	0.50229
sRNA162	Gene2117	0.52833
sRNA176	Gene725	0.59796
sRNA235	Gene367	0.57754
sRNA79	Gene737	0.54068
sRNA18	Gene2563	0.50664
sRNA227	Gene1535	0.51405
sRNA142	Gene1178	0.52128
sRNA50	Gene1541	0.51885
sRNA19	Gene2478	0.56482
sRNA1	Gene1661	0.51994
sRNA26	Gene1471	0.5118
sRNA6	Gene368	0.5197
sRNA92	Gene1852	0.5308
sRNA248	Gene392	0.46769
sRNA87	Gene1390	0.53494
sRNA154	Gene2287	0.58847
sRNA84	Gene2720	0.48669
sRNA150	Gene604	0.52011
sRNA233	Gene821	0.54111
sRNA46	Gene368	0.56811
sRNA128	Gene2215	0.52856
sRNA45	Gene1345	0.52731
sRNA235	Gene574	0.47807
sRNA46	Gene1006	0.56641
sRNA2	Gene1448	0.49286
sRNA218	Gene626	0.52375
sRNA183	Gene1150	0.54196
sRNA166	Gene1093	0.47661
sRNA45	Gene1810	0.48589
sRNA21	Gene2218	0.57778
sRNA160	Gene1007	0.5704
sRNA9	Gene562	0.55406
sRNA112	Gene1824	0.53658
sRNA130	Gene766	0.58509
sRNA285	Gene328	0.44766
sRNA167	Gene351	0.55806
sRNA9	Gene622	0.5497
sRNA60	Gene1333	0.55523
sRNA92	Gene2283	0.49405
sRNA205	Gene241	0.46518
sRNA166	Gene1649	0.49373
sRNA9	Gene297	0.5567
sRNA214	Gene1272	0.54391
sRNA14	Gene2166	0.50735
sRNA26	Gene1337	0.48566
sRNA108	Gene543	0.5398
sRNA59	Gene1045	0.5602
sRNA70	Gene1795	0.4967
sRNA10	Gene1471	0.56068
sRNA3	Gene2720	0.48401
sRNA233	Gene1767	0.56136
sRNA214	Gene1955	0.52864
sRNA31	Gene1392	0.473
sRNA286	Gene1505	0.46534
sRNA92	Gene1849	0.5033
sRNA9	Gene1206	0.55711
sRNA175	Gene217	0.51362
sRNA2	Gene1572	0.54311
sRNA214	Gene2494	0.53423
sRNA265	Gene2765	0.49108
sRNA81	Gene1782	0.49125
sRNA210	Gene325	0.51172
sRNA180	Gene728	0.52575
sRNA52	Gene1000	0.56055
sRNA226	Gene2509	0.57655
sRNA77	Gene1737	0.54767
sRNA101	Gene1780	0.55191
sRNA170	Gene802	0.49611
sRNA36	Gene1957	0.51772
sRNA213	Gene1951	0.52345
sRNA32	Gene123	0.53469
sRNA132	Gene257	0.48451
sRNA103	Gene1630	0.51806
sRNA265	Gene2252	0.48414
sRNA225	Gene974	0.55612
sRNA159	Gene1980	0.51293
sRNA173	Gene1179	0.45962
sRNA86	Gene88	0.59216
sRNA70	Gene1825	0.54653
sRNA71	Gene61	0.58252
sRNA157	Gene120	0.53243
sRNA71	Gene1517	0.5607
sRNA85	Gene798	0.46484
sRNA172	Gene299	0.56139
sRNA195	Gene1555	0.52138
sRNA9	Gene2739	0.58046
sRNA50	Gene2499	0.53019
sRNA29	Gene2410	0.53159
sRNA118	Gene715	0.51688
sRNA158	Gene2098	0.54059
sRNA50	Gene389	0.54145
sRNA26	Gene246	0.5045
sRNA144	Gene1188	0.51377
sRNA214	Gene1161	0.5669
sRNA221	Gene2647	0.57251
sRNA244	Gene2374	0.46196
sRNA98	Gene231	0.53881
sRNA190	Gene1652	0.52913
sRNA124	Gene1751	0.58242
sRNA141	Gene2484	0.52814
sRNA6	Gene2735	0.53563
sRNA50	Gene353	0.56527
sRNA3	Gene1745	0.51403
sRNA69	Gene2437	0.49432
sRNA113	Gene6	0.49264
sRNA188	Gene2440	0.52465
sRNA9	Gene1113	0.46278
sRNA72	Gene1092	0.51319
sRNA187	Gene829	0.50762
sRNA208	Gene2217	0.54553
sRNA232	Gene1584	0.49083
sRNA237	Gene394	0.48449
sRNA282	Gene2086	0.48926
sRNA224	Gene1173	0.56548
sRNA186	Gene1115	0.57567
sRNA140	Gene2648	0.53657
sRNA213	Gene1259	0.54186
sRNA227	Gene27	0.56192
sRNA120	Gene939	0.51963
sRNA118	Gene2095	0.52246
sRNA40	Gene2234	0.57243
sRNA108	Gene606	0.57233
sRNA50	Gene897	0.54954
sRNA237	Gene780	0.4741
sRNA104	Gene2741	0.49517
sRNA183	Gene2446	0.51505
sRNA31	Gene340	0.4949
sRNA157	Gene2103	0.54564
sRNA160	Gene1821	0.51554
sRNA200	Gene2453	0.48714
sRNA9	Gene772	0.5515
sRNA130	Gene693	0.55829
sRNA13	Gene185	0.51771
sRNA62	Gene960	0.4834
sRNA132	Gene1230	0.4885
sRNA169	Gene1099	0.50682
sRNA91	Gene380	0.51496
sRNA9	Gene161	0.55162
sRNA226	Gene776	0.51761
sRNA68	Gene1443	0.48034
sRNA143	Gene1544	0.59705
sRNA79	Gene46	0.49423
sRNA158	Gene326	0.50946
sRNA47	Gene2298	0.51032
sRNA141	Gene1609	0.53412
sRNA9	Gene1914	0.51738
sRNA237	Gene573	0.53486
sRNA244	Gene2186	0.52678
sRNA199	Gene101	0.58723
sRNA187	Gene2358	0.54042
sRNA1	Gene1939	0.52675
sRNA9	Gene322	0.5946
sRNA221	Gene1475	0.56234
sRNA10	Gene907	0.59099
sRNA288	Gene121	0.52584
sRNA248	Gene1734	0.49046
sRNA11	Gene1663	0.49145
sRNA177	Gene2601	0.55278
sRNA168	Gene2651	0.465
sRNA117	Gene1255	0.5393
sRNA272	Gene1630	0.53047
sRNA247	Gene751	0.51933
sRNA140	Gene734	0.56149
sRNA32	Gene1695	0.48625
sRNA33	Gene1753	0.53516
sRNA126	Gene700	0.51347
sRNA154	Gene1165	0.54257
sRNA30	Gene1554	0.5169
sRNA225	Gene1861	0.56353
sRNA224	Gene2221	0.5536
sRNA152	Gene966	0.54226
sRNA72	Gene2327	0.53609
sRNA147	Gene1835	0.58664
sRNA2	Gene1560	0.52652
sRNA129	Gene639	0.59041
sRNA213	Gene2715	0.57239
sRNA38	Gene2607	0.5649
sRNA142	Gene2577	0.50089
sRNA170	Gene2050	0.47619
sRNA17	Gene1306	0.5029
sRNA243	Gene1724	0.53092
sRNA61	Gene2609	0.48086
sRNA224	Gene126	0.56963
sRNA77	Gene1676	0.56574
sRNA239	Gene144	0.52751
sRNA53	Gene2333	0.51858
sRNA165	Gene96	0.46182
sRNA244	Gene525	0.59594
sRNA176	Gene2493	0.52321
sRNA213	Gene2651	0.50946
sRNA113	Gene1972	0.50312
sRNA162	Gene2732	0.52642
sRNA33	Gene910	0.50684
sRNA9	Gene1422	0.55854
sRNA90	Gene498	0.52971
sRNA3	Gene112	0.48603
sRNA255	Gene899	0.45799
sRNA221	Gene894	0.5661
sRNA16	Gene2130	0.50453
sRNA36	Gene1962	0.52396
sRNA53	Gene1319	0.51356
sRNA292	Gene2760	0.50114
sRNA267	Gene2313	0.45369
sRNA9	Gene1429	0.45499
sRNA245	Gene867	0.53575
sRNA239	Gene1809	0.47818
sRNA50	Gene868	0.52289
sRNA233	Gene367	0.53701
sRNA150	Gene2286	0.47549
sRNA32	Gene116	0.54675
sRNA29	Gene2326	0.49201
sRNA9	Gene2460	0.524
sRNA87	Gene112	0.55451
sRNA67	Gene964	0.50856
sRNA120	Gene126	0.57564
sRNA2	Gene2592	0.50526
sRNA171	Gene2225	0.49118
sRNA34	Gene343	0.48607
sRNA43	Gene2207	0.47972
sRNA143	Gene2562	0.58249
sRNA67	Gene1690	0.53438
sRNA50	Gene2426	0.56391
sRNA46	Gene128	0.56982
sRNA128	Gene2467	0.51821
sRNA197	Gene223	0.52395
sRNA71	Gene1313	0.55541
sRNA187	Gene1989	0.55902
sRNA9	Gene248	0.58689
sRNA83	Gene723	0.5468
sRNA112	Gene1483	0.58019
sRNA68	Gene1653	0.48052
sRNA250	Gene2201	0.46534
sRNA30	Gene1882	0.5264
sRNA125	Gene1426	0.58746
sRNA87	Gene1832	0.55153
sRNA231	Gene1463	0.53228
sRNA221	Gene1323	0.56057
sRNA216	Gene349	0.49508
sRNA232	Gene2386	0.48019
sRNA267	Gene222	0.44797
sRNA145	Gene924	0.56604
sRNA265	Gene26	0.44635
sRNA187	Gene724	0.52891
sRNA62	Gene1603	0.45971
sRNA32	Gene1109	0.49687
sRNA113	Gene907	0.49765
sRNA87	Gene2192	0.56208
sRNA151	Gene923	0.56483
sRNA185	Gene1444	0.49412
sRNA12	Gene166	0.54322
sRNA199	Gene832	0.53716
sRNA207	Gene73	0.49402
sRNA219	Gene2027	0.47111
sRNA229	Gene2370	0.53572
sRNA152	Gene969	0.518
sRNA113	Gene695	0.5012
sRNA43	Gene2390	0.47951
sRNA9	Gene802	0.53102
sRNA9	Gene1195	0.5133
sRNA14	Gene1135	0.46327
sRNA236	Gene1158	0.5782
sRNA267	Gene2760	0.44949
sRNA258	Gene521	0.49084
sRNA170	Gene1878	0.48519
sRNA132	Gene2588	0.49875
sRNA220	Gene2629	0.56922
sRNA261	Gene568	0.53154
sRNA231	Gene1480	0.5116
sRNA115	Gene1182	0.54494
sRNA50	Gene1099	0.51342
sRNA165	Gene1720	0.47806
sRNA32	Gene758	0.55741
sRNA157	Gene2255	0.53915
sRNA243	Gene467	0.56578
sRNA147	Gene278	0.53576
sRNA11	Gene1733	0.50594
sRNA79	Gene2371	0.54351
sRNA149	Gene2661	0.46072
sRNA80	Gene1404	0.4929
sRNA1	Gene1588	0.50673
sRNA50	Gene2196	0.51544
sRNA50	Gene2709	0.53815
sRNA105	Gene906	0.49969
sRNA124	Gene2520	0.57709
sRNA19	Gene2359	0.54784
sRNA9	Gene1108	0.57936
sRNA50	Gene1070	0.49636
sRNA67	Gene1907	0.51631
sRNA118	Gene1147	0.55848
sRNA45	Gene1921	0.54243
sRNA206	Gene772	0.51466
sRNA16	Gene2317	0.52909
sRNA162	Gene964	0.55726
sRNA187	Gene1146	0.53606
sRNA43	Gene2530	0.52818
sRNA132	Gene1159	0.53966
sRNA3	Gene422	0.53879
sRNA9	Gene1750	0.52129
sRNA126	Gene301	0.529
sRNA47	Gene1324	0.48012
sRNA170	Gene331	0.53154
sRNA146	Gene204	0.59811
sRNA109	Gene5	0.51395
sRNA248	Gene213	0.51056
sRNA90	Gene1899	0.53905
sRNA139	Gene510	0.54721
sRNA47	Gene708	0.55334
sRNA173	Gene1084	0.4668
sRNA59	Gene1323	0.52528
sRNA151	Gene214	0.54089
sRNA244	Gene2283	0.52333
sRNA213	Gene1016	0.53105
sRNA50	Gene1694	0.57187
sRNA13	Gene2540	0.50646
sRNA72	Gene667	0.49773
sRNA28	Gene1812	0.47232
sRNA43	Gene1315	0.51916
sRNA245	Gene1507	0.53053
sRNA153	Gene2518	0.54241
sRNA20	Gene65	0.53167
sRNA9	Gene2799	0.5421
sRNA187	Gene1145	0.53509
sRNA97	Gene235	0.5343
sRNA180	Gene541	0.5931
sRNA157	Gene111	0.56083
sRNA244	Gene609	0.58592
sRNA48	Gene2199	0.50742
sRNA143	Gene2728	0.56607
sRNA50	Gene2091	0.51006
sRNA331	Gene683	0.55007
sRNA62	Gene2113	0.56202
sRNA123	Gene847	0.50551
sRNA224	Gene2686	0.60377
sRNA213	Gene1162	0.52441
sRNA9	Gene1513	0.57289
sRNA1	Gene2611	0.48036
sRNA216	Gene1127	0.55754
sRNA72	Gene2435	0.50812
sRNA159	Gene1413	0.54087
sRNA164	Gene2527	0.49024
sRNA150	Gene799	0.51383
sRNA155	Gene339	0.46725
sRNA69	Gene1055	0.47852
sRNA202	Gene685	0.49327
sRNA197	Gene93	0.60324
sRNA231	Gene700	0.54416
sRNA51	Gene2648	0.54398
sRNA50	Gene1533	0.50047
sRNA185	Gene1911	0.49473
sRNA3	Gene479	0.49225
sRNA124	Gene22	0.5508
sRNA81	Gene647	0.51159
sRNA162	Gene883	0.51361
sRNA16	Gene1815	0.52026
sRNA218	Gene2014	0.51344
sRNA68	Gene1208	0.55594
sRNA13	Gene2522	0.53086
sRNA198	Gene689	0.47336
sRNA211	Gene2505	0.49283
sRNA183	Gene1974	0.50724
sRNA32	Gene451	0.48019
sRNA178	Gene2089	0.52475
sRNA201	Gene710	0.47304
sRNA198	Gene516	0.48975
sRNA177	Gene1315	0.52843
sRNA117	Gene89	0.56263
sRNA171	Gene225	0.49097
sRNA9	Gene1343	0.47106
sRNA13	Gene277	0.44838
sRNA233	Gene1	0.5802
sRNA9	Gene1739	0.45391
sRNA28	Gene1370	0.47966
sRNA9	Gene1707	0.49187
sRNA75	Gene1588	0.54218
sRNA14	Gene952	0.51962
sRNA233	Gene1660	0.58846
sRNA218	Gene271	0.56288
sRNA79	Gene383	0.49642
sRNA152	Gene1790	0.55779
sRNA9	Gene153	0.53314
sRNA81	Gene624	0.51364
sRNA197	Gene1230	0.52435
sRNA90	Gene618	0.47038
sRNA187	Gene740	0.53605
sRNA19	Gene1400	0.57912
sRNA71	Gene1085	0.60969
sRNA38	Gene1338	0.56091
sRNA221	Gene2587	0.52294
sRNA9	Gene773	0.54331
sRNA72	Gene2822	0.52803
sRNA37	Gene35	0.57615
sRNA9	Gene2498	0.50254
sRNA223	Gene1767	0.60968
sRNA196	Gene667	0.47107
sRNA60	Gene1736	0.51553
sRNA50	Gene1346	0.49281
sRNA313	Gene1387	0.55378
sRNA9	Gene316	0.57179
sRNA89	Gene121	0.50695
sRNA218	Gene460	0.55329
sRNA50	Gene876	0.49642
sRNA249	Gene1843	0.48956
sRNA203	Gene1243	0.46217
sRNA36	Gene1505	0.54794
sRNA175	Gene2395	0.49645
sRNA224	Gene2864	0.55671
sRNA157	Gene1046	0.55306
sRNA97	Gene654	0.49824
sRNA235	Gene957	0.51568
sRNA9	Gene1571	0.48177
sRNA91	Gene1494	0.48878
sRNA77	Gene2114	0.59258
sRNA9	Gene2398	0.55088
sRNA101	Gene1641	0.54366
sRNA145	Gene4	0.54032
sRNA171	Gene65	0.51073
sRNA77	Gene693	0.57977
sRNA9	Gene2179	0.50326
sRNA88	Gene1079	0.52524
sRNA86	Gene1723	0.60287
sRNA116	Gene865	0.54388
sRNA172	Gene1699	0.47414
sRNA204	Gene2091	0.48546
sRNA50	Gene862	0.52433
sRNA185	Gene759	0.48345
sRNA87	Gene1313	0.56186
sRNA87	Gene2142	0.5388
sRNA120	Gene1189	0.53239
sRNA177	Gene1339	0.57681
sRNA7	Gene2208	0.60966
sRNA233	Gene2737	0.57646
sRNA28	Gene2178	0.48847
sRNA211	Gene48	0.55352
sRNA38	Gene2375	0.59192
sRNA213	Gene290	0.49853
sRNA118	Gene1424	0.5227
sRNA9	Gene149	0.55983
sRNA87	Gene703	0.56161
sRNA40	Gene1019	0.55453
sRNA37	Gene2534	0.55836
sRNA234	Gene1661	0.60479
sRNA86	Gene100	0.57906
sRNA170	Gene1146	0.5568
sRNA90	Gene1399	0.51213
sRNA227	Gene2551	0.45535
sRNA257	Gene114	0.53076
sRNA3	Gene645	0.46578
sRNA157	Gene71	0.51747
sRNA165	Gene507	0.49172
sRNA198	Gene889	0.49942
sRNA272	Gene1086	0.50006
sRNA9	Gene1859	0.46805
sRNA177	Gene942	0.53675
sRNA232	Gene2352	0.45905
sRNA131	Gene780	0.55671
sRNA38	Gene592	0.57271
sRNA236	Gene966	0.54379
sRNA32	Gene2351	0.50309
sRNA228	Gene922	0.49064
sRNA157	Gene345	0.53638
sRNA9	Gene2706	0.50222
sRNA106	Gene1636	0.55445
sRNA130	Gene1110	0.47038
sRNA69	Gene321	0.48879
sRNA56	Gene54	0.48659
sRNA79	Gene2617	0.56654
sRNA174	Gene1128	0.48412
sRNA32	Gene1887	0.47509
sRNA210	Gene2076	0.45456
sRNA237	Gene1202	0.48648
sRNA82	Gene1671	0.52846
sRNA2	Gene903	0.51533
sRNA190	Gene2724	0.55117
sRNA240	Gene1127	0.55441
sRNA29	Gene1005	0.52641
sRNA226	Gene935	0.5167
sRNA27	Gene2038	0.47245
sRNA234	Gene1585	0.5805
sRNA131	Gene2268	0.5692
sRNA150	Gene346	0.49688
sRNA81	Gene695	0.49478
sRNA43	Gene519	0.52373
sRNA90	Gene236	0.53653
sRNA166	Gene2700	0.52441
sRNA50	Gene1659	0.54654
sRNA41	Gene101	0.56327
sRNA221	Gene2388	0.60588
sRNA9	Gene265	0.57872
sRNA133	Gene1795	0.50447
sRNA200	Gene2599	0.47821
sRNA2	Gene167	0.57534
sRNA34	Gene2252	0.48944
sRNA9	Gene2428	0.45552
sRNA16	Gene1526	0.51735
sRNA34	Gene1327	0.49835
sRNA227	Gene26	0.56361
sRNA214	Gene2317	0.57765
sRNA194	Gene701	0.54673
sRNA2	Gene2406	0.53996
sRNA158	Gene649	0.5405
sRNA24	Gene2651	0.45997
sRNA12	Gene846	0.54908
sRNA19	Gene2236	0.53986
sRNA30	Gene1503	0.48161
sRNA72	Gene463	0.52883
sRNA32	Gene2289	0.52199
sRNA249	Gene1331	0.50368
sRNA197	Gene786	0.53566
sRNA160	Gene2456	0.56859
sRNA70	Gene304	0.54475
sRNA9	Gene261	0.47965
sRNA20	Gene2632	0.54054
sRNA152	Gene210	0.53869
sRNA56	Gene1318	0.49769
sRNA9	Gene1138	0.56722
sRNA128	Gene1104	0.60406
sRNA104	Gene2190	0.49531
sRNA69	Gene1330	0.521
sRNA128	Gene1603	0.56061
sRNA124	Gene649	0.54766
sRNA197	Gene2239	0.49801
sRNA249	Gene1406	0.49715
sRNA163	Gene186	0.57565
sRNA142	Gene26	0.51313
sRNA165	Gene1317	0.46489
sRNA160	Gene2653	0.51798
sRNA183	Gene2709	0.49944
sRNA249	Gene245	0.45755
sRNA144	Gene474	0.55301
sRNA242	Gene1487	0.48112
sRNA148	Gene610	0.58334
sRNA9	Gene2196	0.48584
sRNA184	Gene1003	0.48029
sRNA48	Gene2575	0.53147
sRNA233	Gene890	0.55549
sRNA28	Gene1659	0.49369
sRNA169	Gene2404	0.5383
sRNA1	Gene137	0.511
sRNA196	Gene453	0.47757
sRNA62	Gene1457	0.48664
sRNA243	Gene2001	0.5602
sRNA29	Gene12	0.56007
sRNA112	Gene199	0.57834
sRNA185	Gene2064	0.46016
sRNA9	Gene567	0.51706
sRNA101	Gene1884	0.48073
sRNA9	Gene1747	0.46632
sRNA4	Gene2221	0.46113
sRNA38	Gene1736	0.56072
sRNA36	Gene684	0.53525
sRNA134	Gene1993	0.55551
sRNA71	Gene594	0.57909
sRNA81	Gene749	0.56401
sRNA150	Gene2602	0.55519
sRNA71	Gene683	0.54043
sRNA266	Gene879	0.48835
sRNA221	Gene1029	0.52501
sRNA154	Gene1107	0.58916
sRNA24	Gene1260	0.48552
sRNA17	Gene420	0.52151
sRNA69	Gene1855	0.49351
sRNA198	Gene1411	0.45391
sRNA22	Gene914	0.52353
sRNA213	Gene347	0.55872
sRNA123	Gene1716	0.47411
sRNA87	Gene2250	0.54423
sRNA70	Gene274	0.59748
sRNA140	Gene1566	0.52587
sRNA69	Gene2394	0.44697
sRNA9	Gene968	0.53062
sRNA197	Gene469	0.54467
sRNA66	Gene1591	0.52212
sRNA70	Gene12	0.54169
sRNA151	Gene1730	0.57042
sRNA13	Gene6	0.50098
sRNA6	Gene125	0.49124
sRNA157	Gene971	0.54333
sRNA131	Gene1052	0.57338
sRNA101	Gene2592	0.53762
sRNA97	Gene2167	0.50316
sRNA56	Gene2771	0.48854
sRNA9	Gene1428	0.56191
sRNA68	Gene749	0.49074
sRNA236	Gene196	0.56495
sRNA222	Gene1240	0.50217
sRNA48	Gene2712	0.56874
sRNA182	Gene1113	0.47935
sRNA63	Gene245	0.54457
sRNA52	Gene1834	0.53863
sRNA74	Gene2276	0.52013
sRNA265	Gene1549	0.46629
sRNA231	Gene1077	0.51083
sRNA92	Gene1809	0.49938
sRNA210	Gene16	0.52437
sRNA209	Gene500	0.55147
sRNA13	Gene1401	0.5041
sRNA20	Gene1248	0.52734
sRNA62	Gene1719	0.47679
sRNA265	Gene962	0.49059
sRNA140	Gene2704	0.55313
sRNA134	Gene1065	0.48709
sRNA9	Gene468	0.49989
sRNA50	Gene470	0.55037
sRNA64	Gene2728	0.54932
sRNA153	Gene772	0.52435
sRNA193	Gene2637	0.49673
sRNA238	Gene1632	0.48969
sRNA106	Gene594	0.56338
sRNA104	Gene74	0.52915
sRNA150	Gene1971	0.49542
sRNA9	Gene340	0.48673
sRNA9	Gene436	0.57391
sRNA65	Gene1686	0.56414
sRNA239	Gene869	0.52933
sRNA125	Gene2812	0.57607
sRNA9	Gene1960	0.47918
sRNA152	Gene743	0.50337
sRNA83	Gene782	0.53004
sRNA1	Gene1267	0.53262
sRNA210	Gene2207	0.4518
sRNA175	Gene15	0.50323
sRNA210	Gene2519	0.49666
sRNA101	Gene1252	0.51882
sRNA135	Gene36	0.51762
sRNA286	Gene1283	0.49351
sRNA140	Gene488	0.56573
sRNA50	Gene2564	0.47321
sRNA258	Gene744	0.48544
sRNA96	Gene542	0.52116
sRNA177	Gene922	0.52973
sRNA86	Gene436	0.57768
sRNA90	Gene1658	0.55375
sRNA118	Gene2546	0.46361
sRNA146	Gene1988	0.55383
sRNA163	Gene2415	0.54498
sRNA36	Gene2796	0.53621
sRNA132	Gene2472	0.46707
sRNA223	Gene710	0.5477
sRNA133	Gene755	0.59425
sRNA152	Gene1438	0.56338
sRNA131	Gene1667	0.55307
sRNA166	Gene502	0.44558
sRNA118	Gene652	0.48895
sRNA102	Gene1426	0.51269
sRNA70	Gene1177	0.56625
sRNA234	Gene658	0.56741
sRNA155	Gene2548	0.50098
sRNA197	Gene2539	0.53545
sRNA162	Gene178	0.51798
sRNA251	Gene394	0.49915
sRNA9	Gene709	0.51732
sRNA11	Gene2401	0.53127
sRNA71	Gene1944	0.58654
sRNA12	Gene2786	0.58707
sRNA208	Gene1006	0.49646
sRNA77	Gene2497	0.56985
sRNA71	Gene2688	0.53482
sRNA29	Gene2101	0.53012
sRNA234	Gene965	0.50906
sRNA250	Gene808	0.48835
sRNA31	Gene287	0.51378
sRNA9	Gene1432	0.50828
sRNA3	Gene1094	0.5871
sRNA158	Gene521	0.54154
sRNA9	Gene2540	0.51249
sRNA9	Gene1400	0.47367
sRNA222	Gene2423	0.48512
sRNA238	Gene2703	0.4943
sRNA232	Gene590	0.46818
sRNA157	Gene514	0.50226
sRNA157	Gene560	0.49584
sRNA9	Gene186	0.56105
sRNA208	Gene1791	0.50071
sRNA40	Gene1472	0.57841
sRNA154	Gene2153	0.57678
sRNA40	Gene1094	0.53648
sRNA83	Gene1507	0.52688
sRNA208	Gene2265	0.48506
sRNA238	Gene1316	0.46637
sRNA36	Gene1402	0.48322
sRNA154	Gene43	0.52189
sRNA111	Gene1215	0.52909
sRNA7	Gene379	0.50985
sRNA47	Gene231	0.52021
sRNA101	Gene648	0.46532
sRNA127	Gene37	0.58215
sRNA97	Gene1373	0.47965
sRNA213	Gene1489	0.49132
sRNA303	Gene1387	0.48762
sRNA166	Gene1373	0.48188
sRNA26	Gene69	0.53847
sRNA186	Gene2106	0.56357
sRNA64	Gene2287	0.57927
sRNA176	Gene917	0.556
sRNA113	Gene2078	0.48932
sRNA242	Gene1583	0.51914
sRNA152	Gene1445	0.52366
sRNA9	Gene2803	0.48938
sRNA79	Gene1871	0.46993
sRNA8	Gene291	0.52173
sRNA125	Gene144	0.5927
sRNA50	Gene2000	0.46883
sRNA201	Gene2320	0.51495
sRNA247	Gene207	0.46961
sRNA14	Gene718	0.52196
sRNA95	Gene941	0.55641
sRNA157	Gene1571	0.56207
sRNA50	Gene309	0.61143
sRNA16	Gene2146	0.52027
sRNA80	Gene145	0.52291
sRNA59	Gene350	0.56876
sRNA223	Gene100	0.57425
sRNA32	Gene291	0.51471
sRNA188	Gene2505	0.51999
sRNA199	Gene1858	0.58215
sRNA50	Gene153	0.60981
sRNA240	Gene211	0.56115
sRNA59	Gene857	0.5952
sRNA159	Gene1799	0.52539
sRNA227	Gene481	0.58074
sRNA127	Gene951	0.58078
sRNA219	Gene1368	0.46411
sRNA35	Gene1271	0.56652
sRNA9	Gene1187	0.50625
sRNA176	Gene2639	0.55532
sRNA187	Gene1266	0.53416
sRNA157	Gene1384	0.53717
sRNA34	Gene1819	0.4875
sRNA50	Gene898	0.5882
sRNA28	Gene923	0.5137
sRNA37	Gene205	0.59554
sRNA50	Gene861	0.51046
sRNA249	Gene546	0.53352
sRNA28	Gene1386	0.47265
sRNA90	Gene1712	0.55181
sRNA53	Gene2277	0.53459
sRNA23	Gene112	0.51427
sRNA133	Gene1061	0.5213
sRNA172	Gene1097	0.55802
sRNA148	Gene1179	0.49194
sRNA90	Gene1163	0.54221
sRNA43	Gene101	0.51576
sRNA78	Gene2207	0.51834
sRNA159	Gene1387	0.52178
sRNA89	Gene2771	0.53025
sRNA245	Gene2792	0.49794
sRNA1	Gene1901	0.47424
sRNA219	Gene259	0.46314
sRNA150	Gene1970	0.52093
sRNA148	Gene1421	0.51881
sRNA11	Gene1762	0.52794
sRNA109	Gene455	0.50194
sRNA262	Gene2660	0.50841
sRNA184	Gene857	0.48522
sRNA228	Gene1079	0.51795
sRNA26	Gene449	0.54774
sRNA226	Gene455	0.54515
sRNA45	Gene1757	0.52865
sRNA73	Gene1297	0.47982
sRNA151	Gene652	0.55416
sRNA3	Gene134	0.45859
sRNA175	Gene2201	0.5
sRNA75	Gene2577	0.4821
sRNA257	Gene1285	0.48624
sRNA52	Gene731	0.5734
sRNA249	Gene806	0.46998
sRNA29	Gene76	0.55229
sRNA221	Gene990	0.57208
sRNA137	Gene422	0.46472
sRNA9	Gene553	0.56543
sRNA153	Gene430	0.53016
sRNA87	Gene2662	0.56072
sRNA74	Gene1505	0.54655
sRNA201	Gene1793	0.47665
sRNA149	Gene441	0.50897
sRNA157	Gene602	0.52912
sRNA9	Gene2264	0.47729
sRNA62	Gene2425	0.54922
sRNA75	Gene1843	0.50988
sRNA165	Gene388	0.49412
sRNA31	Gene1426	0.49971
sRNA153	Gene1177	0.55081
sRNA207	Gene2224	0.56295
sRNA242	Gene978	0.46327
sRNA87	Gene1297	0.57132
sRNA157	Gene2350	0.53345
sRNA165	Gene2299	0.46804
sRNA198	Gene2236	0.4809
sRNA157	Gene1776	0.57515
sRNA9	Gene2504	0.52279
sRNA56	Gene2483	0.50031
sRNA204	Gene484	0.51729
sRNA71	Gene1479	0.55784
sRNA38	Gene1315	0.59548
sRNA157	Gene1248	0.5566
sRNA176	Gene225	0.57722
sRNA35	Gene1439	0.54697
sRNA147	Gene919	0.49913
sRNA172	Gene1068	0.52093
sRNA73	Gene1886	0.46738
sRNA154	Gene854	0.5347
sRNA9	Gene1821	0.5651
sRNA246	Gene2814	0.49175
sRNA90	Gene381	0.5376
sRNA285	Gene1223	0.47551
sRNA14	Gene18	0.49416
sRNA109	Gene628	0.53837
sRNA131	Gene2181	0.5707
sRNA174	Gene2645	0.46738
sRNA231	Gene197	0.53076
sRNA204	Gene1480	0.51057
sRNA249	Gene1497	0.49909
sRNA8	Gene2597	0.50184
sRNA218	Gene2216	0.55041
sRNA64	Gene885	0.55893
sRNA198	Gene1784	0.4933
sRNA282	Gene2687	0.47535
sRNA97	Gene1024	0.59488
sRNA31	Gene2046	0.47383
sRNA50	Gene1614	0.47789
sRNA29	Gene2674	0.55138
sRNA86	Gene1287	0.5787
sRNA172	Gene672	0.55233
sRNA265	Gene1017	0.518
sRNA176	Gene463	0.55514
sRNA9	Gene823	0.48373
sRNA212	Gene1978	0.55005
sRNA9	Gene2672	0.50916
sRNA225	Gene2094	0.5701
sRNA237	Gene1897	0.50402
sRNA213	Gene451	0.53293
sRNA112	Gene68	0.5604
sRNA33	Gene2307	0.51263
sRNA199	Gene1855	0.58743
sRNA30	Gene1566	0.49061
sRNA11	Gene2320	0.50073
sRNA118	Gene2855	0.5432
sRNA86	Gene14	0.59911
sRNA240	Gene606	0.53645
sRNA9	Gene1771	0.57377
sRNA30	Gene1742	0.50536
sRNA222	Gene41	0.51148
sRNA124	Gene367	0.52595
sRNA242	Gene2257	0.47831
sRNA279	Gene55	0.45083
sRNA133	Gene1761	0.50897
sRNA50	Gene169	0.5504
sRNA10	Gene42	0.53219
sRNA108	Gene2563	0.53834
sRNA277	Gene226	0.46425
sRNA257	Gene132	0.4767
sRNA146	Gene1987	0.50394
sRNA141	Gene432	0.54325
sRNA50	Gene1549	0.51592
sRNA125	Gene55	0.56996
sRNA195	Gene1195	0.49872
sRNA125	Gene15	0.56575
sRNA276	Gene2715	0.55416
sRNA98	Gene1592	0.54082
sRNA9	Gene1398	0.5001
sRNA1	Gene2412	0.50903
sRNA80	Gene1136	0.55331
sRNA9	Gene990	0.55636
sRNA180	Gene1623	0.50512
sRNA235	Gene2151	0.53916
sRNA53	Gene2451	0.54416
sRNA122	Gene1715	0.50975
sRNA124	Gene2332	0.56251
sRNA234	Gene622	0.55632
sRNA207	Gene1113	0.55274
sRNA164	Gene133	0.4817
sRNA86	Gene2089	0.56624
sRNA108	Gene742	0.48052
sRNA25	Gene2060	0.4811
sRNA166	Gene3	0.49801
sRNA232	Gene918	0.49329
sRNA59	Gene1451	0.58381
sRNA95	Gene1472	0.53638
sRNA214	Gene2549	0.46646
sRNA88	Gene1180	0.50848
sRNA106	Gene563	0.54838
sRNA142	Gene203	0.52735
sRNA83	Gene536	0.52628
sRNA69	Gene1222	0.48488
sRNA36	Gene1972	0.53697
sRNA265	Gene1676	0.47749
sRNA82	Gene486	0.54171
sRNA59	Gene1963	0.56662
sRNA144	Gene148	0.47739
sRNA140	Gene1745	0.53918
sRNA200	Gene2357	0.46285
sRNA88	Gene2139	0.50689
sRNA68	Gene2086	0.48519
sRNA81	Gene835	0.46574
sRNA207	Gene705	0.55141
sRNA173	Gene485	0.46934
sRNA8	Gene1179	0.50963
sRNA225	Gene2736	0.57217
sRNA2	Gene709	0.55913
sRNA183	Gene2737	0.52102
sRNA51	Gene546	0.54925
sRNA226	Gene2253	0.58373
sRNA86	Gene329	0.59674
sRNA87	Gene1233	0.56472
sRNA248	Gene2839	0.47069
sRNA116	Gene1857	0.53434
sRNA233	Gene2563	0.57964
sRNA19	Gene1861	0.5518
sRNA38	Gene2454	0.58434
sRNA221	Gene2028	0.54711
sRNA11	Gene990	0.53355
sRNA122	Gene447	0.51377
sRNA145	Gene1023	0.5507
sRNA283	Gene129	0.48537
sRNA199	Gene1581	0.56167
sRNA199	Gene543	0.52747
sRNA33	Gene2594	0.51585
sRNA87	Gene1457	0.57476
sRNA229	Gene2509	0.52506
sRNA46	Gene1450	0.53796
sRNA198	Gene1926	0.49559
sRNA233	Gene1906	0.56054
sRNA175	Gene350	0.5194
sRNA34	Gene1569	0.46582
sRNA71	Gene2254	0.56212
sRNA59	Gene2672	0.50257
sRNA148	Gene1784	0.57978
sRNA245	Gene1226	0.53612
sRNA186	Gene1361	0.5592
sRNA187	Gene1858	0.57099
sRNA208	Gene2540	0.53272
sRNA43	Gene1920	0.48251
sRNA216	Gene1986	0.50671
sRNA225	Gene1186	0.60084
sRNA113	Gene1077	0.4832
sRNA182	Gene910	0.52444
sRNA177	Gene365	0.50628
sRNA220	Gene2462	0.57689
sRNA9	Gene1346	0.49491
sRNA226	Gene891	0.52745
sRNA152	Gene2743	0.5489
sRNA50	Gene319	0.57634
sRNA213	Gene416	0.53118
sRNA3	Gene1878	0.46153
sRNA237	Gene181	0.51052
sRNA231	Gene376	0.52991
sRNA9	Gene1043	0.56106
sRNA50	Gene2788	0.51438
sRNA169	Gene331	0.50978
sRNA9	Gene457	0.52309
sRNA19	Gene2667	0.51422
sRNA111	Gene786	0.54797
sRNA9	Gene1777	0.48994
sRNA9	Gene251	0.52531
sRNA127	Gene2007	0.50875
sRNA159	Gene2642	0.5064
sRNA141	Gene2116	0.57337
sRNA257	Gene1401	0.49312
sRNA104	Gene1995	0.50262
sRNA237	Gene829	0.49433
sRNA11	Gene1315	0.47905
sRNA95	Gene2779	0.51873
sRNA152	Gene847	0.53205
sRNA165	Gene1338	0.46395
sRNA43	Gene1284	0.46155
sRNA9	Gene371	0.44828
sRNA2	Gene693	0.52158
sRNA38	Gene631	0.53755
sRNA17	Gene1840	0.47706
sRNA142	Gene2221	0.4555
sRNA242	Gene902	0.50134
sRNA50	Gene2753	0.51339
sRNA191	Gene77	0.5155
sRNA3	Gene1994	0.51157
sRNA43	Gene1831	0.51603
sRNA9	Gene2501	0.51762
sRNA175	Gene514	0.51815
sRNA75	Gene555	0.54744
sRNA76	Gene2722	0.54922
sRNA45	Gene1353	0.51302
sRNA224	Gene1212	0.53969
sRNA11	Gene2490	0.49223
sRNA203	Gene2072	0.52685
sRNA77	Gene2078	0.5665
sRNA166	Gene1319	0.4743
sRNA9	Gene1357	0.50175
sRNA36	Gene1843	0.47285
sRNA222	Gene2604	0.47111
sRNA32	Gene144	0.53102
sRNA28	Gene1060	0.4579
sRNA242	Gene2010	0.48778
sRNA87	Gene1571	0.54615
sRNA232	Gene2494	0.46672
sRNA220	Gene1898	0.55789
sRNA129	Gene1789	0.58948
sRNA185	Gene2046	0.4849
sRNA226	Gene2770	0.52133
sRNA195	Gene1914	0.4978
sRNA45	Gene2390	0.52002
sRNA130	Gene1783	0.57208
sRNA79	Gene562	0.56543
sRNA151	Gene587	0.54364
sRNA174	Gene217	0.49726
sRNA96	Gene2518	0.53763
sRNA123	Gene244	0.48543
sRNA25	Gene214	0.57835
sRNA187	Gene581	0.59134
sRNA176	Gene210	0.56587
sRNA289	Gene587	0.48896
sRNA36	Gene1352	0.51389
sRNA9	Gene2466	0.51536
sRNA9	Gene732	0.54042
sRNA237	Gene133	0.47639
sRNA157	Gene161	0.56859
sRNA33	Gene1601	0.53878
sRNA152	Gene227	0.47011
sRNA204	Gene2645	0.49689
sRNA31	Gene1917	0.47849
sRNA108	Gene1218	0.53977
sRNA50	Gene612	0.53303
sRNA169	Gene2666	0.51975
sRNA255	Gene1513	0.44932
sRNA133	Gene271	0.57507
sRNA38	Gene1007	0.569
sRNA93	Gene2689	0.48781
sRNA130	Gene2476	0.55443
sRNA213	Gene259	0.53049
sRNA32	Gene429	0.56871
sRNA108	Gene1972	0.56606
sRNA180	Gene1041	0.49708
sRNA145	Gene2723	0.60566
sRNA50	Gene2587	0.54655
sRNA152	Gene1403	0.5322
sRNA238	Gene1421	0.48681
sRNA2	Gene166	0.49367
sRNA31	Gene240	0.48442
sRNA9	Gene1472	0.50232
sRNA213	Gene575	0.56112
sRNA10	Gene618	0.54975
sRNA191	Gene2432	0.53549
sRNA38	Gene2120	0.61095
sRNA50	Gene305	0.58169
sRNA60	Gene1644	0.53962
sRNA237	Gene849	0.54639
sRNA9	Gene1055	0.57358
sRNA142	Gene1513	0.5324
sRNA69	Gene1128	0.49384
sRNA225	Gene5	0.59123
sRNA26	Gene183	0.52974
sRNA40	Gene82	0.53245
sRNA92	Gene1900	0.52598
sRNA199	Gene2012	0.55464
sRNA130	Gene942	0.54324
sRNA9	Gene1299	0.51281
sRNA18	Gene176	0.53641
sRNA32	Gene2691	0.52897
sRNA158	Gene2758	0.49852
sRNA9	Gene1032	0.47145
sRNA132	Gene1114	0.45806
sRNA234	Gene2583	0.56942
sRNA75	Gene1105	0.61502
sRNA214	Gene1056	0.60055
sRNA50	Gene2560	0.47773
sRNA242	Gene230	0.4878
sRNA6	Gene100	0.50227
sRNA45	Gene60	0.53404
sRNA101	Gene1423	0.53926
sRNA52	Gene2147	0.58015
sRNA3	Gene1239	0.49851
sRNA227	Gene1175	0.58614
sRNA208	Gene129	0.52335
sRNA123	Gene55	0.46808
sRNA135	Gene2026	0.52073
sRNA134	Gene1672	0.56242
sRNA9	Gene2572	0.54517
sRNA11	Gene1257	0.4817
sRNA104	Gene2113	0.54827
sRNA255	Gene889	0.4764
sRNA31	Gene885	0.50751
sRNA59	Gene189	0.5135
sRNA81	Gene2680	0.51236
sRNA20	Gene1444	0.50707
sRNA53	Gene469	0.50657
sRNA75	Gene2724	0.5416
sRNA86	Gene906	0.58052
sRNA76	Gene438	0.58276
sRNA163	Gene1343	0.57193
sRNA207	Gene1426	0.57286
sRNA20	Gene1956	0.5392
sRNA53	Gene500	0.51056
sRNA9	Gene704	0.49595
sRNA175	Gene969	0.53711
sRNA270	Gene2627	0.46479
sRNA8	Gene392	0.48211
sRNA9	Gene846	0.56208
sRNA111	Gene504	0.51827
sRNA227	Gene40	0.58995
sRNA1	Gene1742	0.50365
sRNA36	Gene1003	0.53477
sRNA211	Gene655	0.48838
sRNA9	Gene1355	0.5069
sRNA185	Gene1750	0.47506
sRNA218	Gene308	0.52649
sRNA239	Gene2716	0.50173
sRNA278	Gene177	0.4789
sRNA67	Gene1646	0.50807
sRNA247	Gene1884	0.47233
sRNA43	Gene1447	0.48071
sRNA79	Gene1558	0.53706
sRNA108	Gene1662	0.52019
sRNA262	Gene1947	0.5337
sRNA177	Gene2249	0.57348
sRNA267	Gene644	0.49268
sRNA157	Gene1174	0.58028
sRNA77	Gene171	0.56256
sRNA205	Gene474	0.53266
sRNA118	Gene1803	0.52629
sRNA58	Gene1342	0.52291
sRNA173	Gene327	0.47996
sRNA260	Gene195	0.49211
sRNA249	Gene441	0.46787
sRNA240	Gene993	0.53596
sRNA38	Gene1909	0.55452
sRNA234	Gene1115	0.56103
sRNA18	Gene1734	0.50353
sRNA122	Gene767	0.52734
sRNA73	Gene2007	0.45407
sRNA257	Gene2439	0.53973
sRNA130	Gene585	0.58479
sRNA150	Gene1750	0.52602
sRNA71	Gene2031	0.55651
sRNA124	Gene1065	0.55882
sRNA9	Gene9	0.52922
sRNA152	Gene1264	0.5351
sRNA245	Gene1160	0.53717
sRNA38	Gene1858	0.56218
sRNA97	Gene659	0.49094
sRNA204	Gene28	0.54724
sRNA200	Gene1790	0.49238
sRNA164	Gene177	0.48764
sRNA232	Gene2346	0.49408
sRNA9	Gene503	0.47659
sRNA108	Gene1789	0.56005
sRNA163	Gene2232	0.54636
sRNA79	Gene2250	0.53993
sRNA101	Gene2079	0.48119
sRNA92	Gene2563	0.52737
sRNA9	Gene2831	0.50819
sRNA242	Gene2518	0.47643
sRNA9	Gene2278	0.51312
sRNA196	Gene621	0.45244
sRNA9	Gene1922	0.52154
sRNA3	Gene1066	0.51174
sRNA147	Gene1435	0.54268
sRNA52	Gene2035	0.5679
sRNA118	Gene646	0.48512
sRNA152	Gene1158	0.55038
sRNA193	Gene1342	0.50453
sRNA232	Gene490	0.50794
sRNA9	Gene1570	0.56691
sRNA145	Gene1125	0.53378
sRNA15	Gene177	0.51082
sRNA285	Gene2456	0.47437
sRNA66	Gene1944	0.49068
sRNA88	Gene2472	0.54086
sRNA16	Gene124	0.48413
sRNA56	Gene505	0.49132
sRNA243	Gene1904	0.57172
sRNA9	Gene1756	0.51609
sRNA157	Gene649	0.54734
sRNA177	Gene2244	0.53835
sRNA176	Gene1836	0.55302
sRNA143	Gene128	0.55417
sRNA224	Gene647	0.5945
sRNA173	Gene1110	0.46386
sRNA93	Gene144	0.57793
sRNA36	Gene1647	0.49569
sRNA137	Gene316	0.4738
sRNA129	Gene509	0.54968
sRNA7	Gene935	0.59389
sRNA98	Gene1624	0.48122
sRNA243	Gene2315	0.54653
sRNA213	Gene472	0.53135
sRNA118	Gene2271	0.51695
sRNA236	Gene216	0.55449
sRNA127	Gene487	0.52831
sRNA128	Gene1597	0.51765
sRNA106	Gene2811	0.49758
sRNA50	Gene2730	0.56114
sRNA152	Gene2187	0.51011
sRNA71	Gene847	0.58217
sRNA208	Gene641	0.48636
sRNA26	Gene1787	0.48127
sRNA233	Gene9	0.52862
sRNA174	Gene973	0.50571
sRNA170	Gene1176	0.50316
sRNA127	Gene1176	0.56617
sRNA227	Gene1406	0.56243
sRNA165	Gene1379	0.47184
sRNA181	Gene485	0.52822
sRNA240	Gene1242	0.54831
sRNA265	Gene482	0.49615
sRNA19	Gene1711	0.57553
sRNA152	Gene29	0.53563
sRNA183	Gene1707	0.54089
sRNA97	Gene2241	0.4987
sRNA205	Gene193	0.4763
sRNA129	Gene1101	0.5523
sRNA214	Gene2739	0.54863
sRNA123	Gene2136	0.49591
sRNA24	Gene1529	0.44739
sRNA9	Gene1741	0.56386
sRNA72	Gene1764	0.5477
sRNA185	Gene2324	0.48246
sRNA212	Gene995	0.55733
sRNA152	Gene1220	0.52046
sRNA9	Gene824	0.49131
sRNA9	Gene1700	0.47784
sRNA197	Gene2643	0.52439
sRNA78	Gene541	0.55994
sRNA244	Gene2534	0.52128
sRNA247	Gene1392	0.50865
sRNA197	Gene141	0.546
sRNA204	Gene1165	0.50653
sRNA227	Gene1893	0.55056
sRNA141	Gene2823	0.49771
sRNA67	Gene1	0.51392
sRNA237	Gene834	0.51669
sRNA9	Gene1133	0.50038
sRNA213	Gene2485	0.54754
sRNA81	Gene1791	0.49681
sRNA18	Gene644	0.53505
sRNA141	Gene2347	0.54791
sRNA133	Gene303	0.56225
sRNA150	Gene1289	0.51429
sRNA177	Gene1117	0.54741
sRNA270	Gene1644	0.4476
sRNA218	Gene469	0.53973
sRNA10	Gene1006	0.58185
sRNA8	Gene193	0.48899
sRNA47	Gene2241	0.47603
sRNA150	Gene2672	0.48572
sRNA26	Gene1356	0.47753
sRNA23	Gene2466	0.49433
sRNA197	Gene1290	0.50026
sRNA174	Gene111	0.45056
sRNA2	Gene2203	0.50949
sRNA103	Gene2604	0.48608
sRNA98	Gene2723	0.55794
sRNA152	Gene2144	0.51447
sRNA32	Gene2239	0.4856
sRNA56	Gene315	0.53259
sRNA50	Gene850	0.50285
sRNA163	Gene1327	0.58893
sRNA35	Gene2563	0.56492
sRNA130	Gene1450	0.51907
sRNA183	Gene124	0.48998
sRNA29	Gene517	0.49218
sRNA24	Gene1564	0.4943
sRNA238	Gene1482	0.51287
sRNA98	Gene2439	0.52534
sRNA179	Gene1293	0.47
sRNA29	Gene2787	0.55235
sRNA83	Gene211	0.51631
sRNA255	Gene2	0.44965
sRNA224	Gene773	0.57605
sRNA178	Gene1938	0.50362
sRNA176	Gene1126	0.55674
sRNA80	Gene2528	0.47714
sRNA164	Gene1930	0.49894
sRNA233	Gene1118	0.57504
sRNA214	Gene1128	0.58821
sRNA222	Gene557	0.53382
sRNA240	Gene726	0.56435
sRNA238	Gene2728	0.48235
sRNA238	Gene189	0.49047
sRNA50	Gene1550	0.50959
sRNA170	Gene481	0.51162
sRNA174	Gene2086	0.5019
sRNA3	Gene369	0.52411
sRNA9	Gene1762	0.55654
sRNA37	Gene885	0.62484
sRNA140	Gene678	0.53503
sRNA42	Gene1461	0.54325
sRNA50	Gene1697	0.54114
sRNA9	Gene647	0.56954
sRNA50	Gene422	0.48696
sRNA243	Gene944	0.57491
sRNA71	Gene686	0.56763
sRNA9	Gene1196	0.52317
sRNA50	Gene560	0.50582
sRNA144	Gene902	0.51919
sRNA86	Gene2058	0.58721
sRNA223	Gene606	0.56334
sRNA225	Gene972	0.5714
sRNA101	Gene1343	0.52445
sRNA3	Gene2735	0.53615
sRNA238	Gene1668	0.49554
sRNA110	Gene473	0.54035
sRNA11	Gene497	0.51841
sRNA17	Gene2569	0.5032
sRNA103	Gene395	0.50386
sRNA40	Gene501	0.52841
sRNA43	Gene1656	0.45305
sRNA251	Gene1004	0.46738
sRNA58	Gene2045	0.52088
sRNA113	Gene106	0.4627
sRNA198	Gene321	0.4789
sRNA181	Gene1121	0.52341
sRNA6	Gene594	0.55338
sRNA181	Gene852	0.53493
sRNA101	Gene1248	0.52199
sRNA9	Gene2075	0.5527
sRNA123	Gene1228	0.4858
sRNA9	Gene1473	0.47508
sRNA7	Gene2451	0.52362
sRNA115	Gene2078	0.55161
sRNA139	Gene1	0.51031
sRNA202	Gene2221	0.51953
sRNA226	Gene121	0.51792
sRNA46	Gene1330	0.56008
sRNA63	Gene1108	0.52102
sRNA50	Gene2258	0.57359
sRNA225	Gene181	0.57755
sRNA201	Gene781	0.4803
sRNA173	Gene1387	0.48974
sRNA1	Gene2719	0.51698
sRNA160	Gene668	0.48928
sRNA170	Gene1765	0.51497
sRNA185	Gene2036	0.47082
sRNA81	Gene1591	0.53734
sRNA238	Gene247	0.5361
sRNA9	Gene456	0.4954
sRNA67	Gene2625	0.55492
sRNA9	Gene887	0.52623
sRNA200	Gene2244	0.44799
sRNA266	Gene1649	0.45829
sRNA62	Gene389	0.53219
sRNA173	Gene1783	0.50449
sRNA70	Gene558	0.5662
sRNA35	Gene2820	0.55438
sRNA240	Gene786	0.51825
sRNA28	Gene748	0.50969
sRNA219	Gene350	0.52028
sRNA9	Gene311	0.57844
sRNA224	Gene2658	0.55015
sRNA193	Gene138	0.46171
sRNA72	Gene893	0.58288
sRNA267	Gene2196	0.49775
sRNA194	Gene979	0.48925
sRNA36	Gene398	0.55992
sRNA18	Gene2369	0.5308
sRNA243	Gene291	0.53734
sRNA50	Gene542	0.51752
sRNA225	Gene516	0.58716
sRNA87	Gene374	0.52334
sRNA9	Gene2205	0.61107
sRNA189	Gene145	0.51266
sRNA141	Gene495	0.54599
sRNA19	Gene1280	0.59031
sRNA9	Gene2480	0.50604
sRNA107	Gene123	0.52944
sRNA2	Gene2094	0.51594
sRNA129	Gene456	0.54035
sRNA38	Gene2444	0.58842
sRNA221	Gene2445	0.46285
sRNA204	Gene2717	0.5
sRNA90	Gene76	0.55275
sRNA58	Gene383	0.51747
sRNA220	Gene1106	0.53874
sRNA194	Gene2402	0.54288
sRNA126	Gene2080	0.45913
sRNA50	Gene130	0.50759
sRNA90	Gene2000	0.49663
sRNA37	Gene1890	0.59655
sRNA97	Gene341	0.51454
sRNA9	Gene345	0.51393
sRNA86	Gene330	0.57879
sRNA25	Gene1395	0.5031
sRNA226	Gene2408	0.59126
sRNA128	Gene1823	0.51466
sRNA132	Gene88	0.47081
sRNA50	Gene1183	0.55827
sRNA61	Gene2024	0.55189
sRNA9	Gene37	0.59583
sRNA202	Gene1117	0.51019
sRNA174	Gene325	0.49021
sRNA249	Gene2457	0.53588
sRNA79	Gene1760	0.51694
sRNA9	Gene267	0.56603
sRNA33	Gene2249	0.5254
sRNA265	Gene1104	0.48595
sRNA257	Gene2131	0.46625
sRNA9	Gene2839	0.48863
sRNA169	Gene1233	0.52564
sRNA200	Gene1424	0.47223
sRNA259	Gene1401	0.45474
sRNA124	Gene2431	0.53658
sRNA211	Gene2116	0.51244
sRNA106	Gene243	0.53302
sRNA93	Gene580	0.47057
sRNA71	Gene1897	0.57115
sRNA3	Gene1464	0.53027
sRNA50	Gene1323	0.51926
sRNA208	Gene1201	0.52686
sRNA127	Gene383	0.55072
sRNA174	Gene495	0.53133
sRNA197	Gene804	0.53724
sRNA222	Gene1807	0.51311
sRNA159	Gene142	0.53149
sRNA273	Gene2540	0.51966
sRNA265	Gene185	0.52129
sRNA50	Gene2118	0.54995
sRNA2	Gene2652	0.49441
sRNA9	Gene353	0.50673
sRNA249	Gene1113	0.51394
sRNA101	Gene1619	0.4971
sRNA55	Gene2796	0.52954
sRNA65	Gene1666	0.48499
sRNA182	Gene674	0.52186
sRNA68	Gene247	0.58064
sRNA59	Gene1161	0.6055
sRNA118	Gene636	0.47776
sRNA184	Gene167	0.51872
sRNA97	Gene94	0.53158
sRNA67	Gene824	0.48979
sRNA145	Gene558	0.53917
sRNA162	Gene1533	0.55994
sRNA218	Gene124	0.5215
sRNA209	Gene2226	0.52831
sRNA177	Gene2168	0.59858
sRNA34	Gene2662	0.49888
sRNA82	Gene1350	0.53887
sRNA130	Gene107	0.55105
sRNA296	Gene334	0.50042
sRNA2	Gene356	0.53584
sRNA225	Gene1369	0.57697
sRNA26	Gene2515	0.48844
sRNA9	Gene292	0.58851
sRNA200	Gene1503	0.46977
sRNA136	Gene2566	0.51322
sRNA172	Gene507	0.54933
sRNA240	Gene116	0.56128
sRNA3	Gene2481	0.5451
sRNA129	Gene851	0.56985
sRNA208	Gene1111	0.49535
sRNA76	Gene1968	0.48622
sRNA106	Gene686	0.55087
sRNA30	Gene1787	0.46498
sRNA202	Gene498	0.48556
sRNA277	Gene1435	0.50155
sRNA108	Gene1606	0.49677
sRNA87	Gene2692	0.54838
sRNA126	Gene145	0.51345
sRNA247	Gene2253	0.51759
sRNA107	Gene857	0.50377
sRNA40	Gene2242	0.56868
sRNA90	Gene44	0.51206
sRNA106	Gene1399	0.56404
sRNA110	Gene692	0.55418
sRNA267	Gene1986	0.48739
sRNA157	Gene1072	0.54705
sRNA229	Gene1959	0.49307
sRNA9	Gene1979	0.56789
sRNA232	Gene2680	0.49106
sRNA9	Gene1764	0.53462
sRNA55	Gene2739	0.5605
sRNA196	Gene2448	0.4457
sRNA177	Gene368	0.54429
sRNA97	Gene668	0.47787
sRNA275	Gene2095	0.48632
sRNA244	Gene634	0.52215
sRNA200	Gene902	0.47323
sRNA264	Gene1237	0.57391
sRNA62	Gene2621	0.51028
sRNA64	Gene847	0.55676
sRNA128	Gene857	0.52443
sRNA213	Gene2389	0.53334
sRNA148	Gene748	0.57451
sRNA176	Gene1930	0.5651
sRNA163	Gene2563	0.55672
sRNA236	Gene2376	0.55516
sRNA6	Gene2457	0.51742
sRNA104	Gene36	0.49287
sRNA92	Gene1421	0.53708
sRNA51	Gene1009	0.54919
sRNA210	Gene568	0.48146
sRNA200	Gene2655	0.46566
sRNA92	Gene469	0.49844
sRNA36	Gene648	0.50393
sRNA126	Gene92	0.47785
sRNA72	Gene776	0.53206
sRNA243	Gene1197	0.49757
sRNA9	Gene1572	0.46038
sRNA29	Gene1489	0.49984
sRNA226	Gene1331	0.59119
sRNA58	Gene2346	0.54193
sRNA92	Gene1997	0.50074
sRNA79	Gene878	0.52754
sRNA206	Gene17	0.51727
sRNA229	Gene1263	0.51562
sRNA9	Gene1902	0.54464
sRNA143	Gene176	0.52175
sRNA207	Gene1479	0.48675
sRNA223	Gene1236	0.5356
sRNA174	Gene772	0.52234
sRNA131	Gene1107	0.56665
sRNA199	Gene92	0.533
sRNA173	Gene862	0.48919
sRNA131	Gene621	0.52517
sRNA56	Gene284	0.44961
sRNA145	Gene573	0.55075
sRNA170	Gene2265	0.53146
sRNA96	Gene269	0.51917
sRNA220	Gene205	0.56756
sRNA61	Gene1175	0.51954
sRNA77	Gene1851	0.52395
sRNA265	Gene974	0.49893
sRNA224	Gene1202	0.56259
sRNA289	Gene2401	0.50518
sRNA11	Gene487	0.53092
sRNA6	Gene1648	0.47118
sRNA183	Gene1641	0.55246
sRNA77	Gene439	0.59331
sRNA212	Gene1873	0.54575
sRNA185	Gene527	0.52396
sRNA38	Gene1396	0.53783
sRNA235	Gene727	0.54661
sRNA25	Gene341	0.54679
sRNA9	Gene1110	0.46362
sRNA34	Gene2738	0.47662
sRNA72	Gene349	0.53276
sRNA77	Gene1097	0.52823
sRNA72	Gene728	0.52003
sRNA25	Gene1428	0.4704
sRNA62	Gene780	0.53956
sRNA140	Gene563	0.56095
sRNA164	Gene2050	0.45689
sRNA162	Gene743	0.51328
sRNA204	Gene1258	0.52763
sRNA232	Gene772	0.52151
sRNA113	Gene690	0.48437
sRNA2	Gene1591	0.54651
sRNA32	Gene248	0.57101
sRNA81	Gene2342	0.51223
sRNA163	Gene1013	0.56291
sRNA28	Gene581	0.47728
sRNA209	Gene1153	0.56284
sRNA276	Gene1371	0.52584
sRNA176	Gene492	0.58873
sRNA168	Gene2598	0.49286
sRNA151	Gene1668	0.50164
sRNA56	Gene670	0.48132
sRNA37	Gene1015	0.57948
sRNA225	Gene2613	0.5838
sRNA29	Gene2765	0.56569
sRNA199	Gene1223	0.57026
sRNA18	Gene1710	0.54677
sRNA175	Gene1367	0.51449
sRNA115	Gene37	0.54824
sRNA30	Gene2744	0.49678
sRNA50	Gene2481	0.55227
sRNA184	Gene704	0.47619
sRNA224	Gene1514	0.58329
sRNA220	Gene1923	0.55442
sRNA50	Gene1303	0.52278
sRNA127	Gene879	0.53952
sRNA229	Gene591	0.52114
sRNA272	Gene953	0.5329
sRNA9	Gene181	0.51348
sRNA7	Gene216	0.52174
sRNA209	Gene674	0.50902
sRNA207	Gene188	0.50553
sRNA101	Gene1990	0.53631
sRNA190	Gene239	0.58598
sRNA233	Gene1105	0.58657
sRNA6	Gene1359	0.47343
sRNA72	Gene2381	0.52287
sRNA218	Gene140	0.5683
sRNA58	Gene2131	0.49342
sRNA104	Gene2686	0.48178
sRNA105	Gene961	0.53431
sRNA176	Gene1285	0.54859
sRNA226	Gene651	0.53126
sRNA9	Gene1956	0.54455
sRNA60	Gene841	0.46099
sRNA178	Gene292	0.51628
sRNA97	Gene2691	0.5362
sRNA219	Gene48	0.58355
sRNA194	Gene559	0.56517
sRNA90	Gene931	0.52507
sRNA3	Gene2692	0.51631
sRNA9	Gene298	0.52914
sRNA142	Gene2426	0.5474
sRNA120	Gene1948	0.52728
sRNA16	Gene1886	0.48962
sRNA226	Gene1407	0.50065
sRNA50	Gene1856	0.52855
sRNA18	Gene1520	0.54808
sRNA3	Gene1421	0.48528
sRNA32	Gene2471	0.47752
sRNA198	Gene2162	0.47772
sRNA24	Gene1749	0.47117
sRNA169	Gene22	0.49788
sRNA36	Gene1888	0.50364
sRNA35	Gene1753	0.54967
sRNA1	Gene464	0.49761
sRNA90	Gene1897	0.54781
sRNA2	Gene562	0.58001
sRNA20	Gene1612	0.5553
sRNA229	Gene492	0.56246
sRNA42	Gene1590	0.51997
sRNA72	Gene359	0.52058
sRNA9	Gene226	0.59927
sRNA285	Gene2417	0.47758
sRNA199	Gene1729	0.55997
sRNA86	Gene741	0.58733
sRNA197	Gene471	0.5038
sRNA9	Gene796	0.56206
sRNA50	Gene1134	0.55532
sRNA175	Gene2736	0.53525
sRNA58	Gene630	0.49787
sRNA232	Gene267	0.50499
sRNA282	Gene1418	0.52909
sRNA1	Gene2386	0.48702
sRNA106	Gene634	0.58304
sRNA47	Gene1173	0.51325
sRNA126	Gene724	0.52595
sRNA132	Gene199	0.51048
sRNA67	Gene1594	0.46206
sRNA9	Gene1392	0.50802
sRNA165	Gene2431	0.50968
sRNA245	Gene556	0.49973
sRNA226	Gene251	0.50658
sRNA204	Gene2756	0.51881
sRNA118	Gene2365	0.5085
sRNA9	Gene1202	0.57133
sRNA61	Gene348	0.52129
sRNA51	Gene2188	0.52847
sRNA48	Gene2178	0.57059
sRNA209	Gene2851	0.54737
sRNA37	Gene2076	0.57165
sRNA58	Gene1337	0.51516
sRNA205	Gene245	0.4804
sRNA169	Gene2573	0.51588
sRNA249	Gene1885	0.47681
sRNA127	Gene1518	0.53986
sRNA199	Gene2697	0.5116
sRNA201	Gene2585	0.49422
sRNA214	Gene21	0.60134
sRNA31	Gene2174	0.49897
sRNA9	Gene2650	0.46607
sRNA38	Gene2542	0.53128
sRNA141	Gene2822	0.52516
sRNA97	Gene1330	0.52726
sRNA124	Gene1623	0.53593
sRNA50	Gene750	0.54763
sRNA106	Gene294	0.56
sRNA151	Gene1955	0.50221
sRNA45	Gene2260	0.45417
sRNA16	Gene1181	0.51173
sRNA35	Gene2649	0.54697
sRNA60	Gene1048	0.50826
sRNA187	Gene1324	0.51618
sRNA236	Gene1431	0.56401
sRNA180	Gene1407	0.48367
sRNA140	Gene1299	0.51054
sRNA166	Gene8	0.46422
sRNA134	Gene1926	0.55573
sRNA186	Gene1272	0.59095
sRNA51	Gene2166	0.56834
sRNA206	Gene1052	0.50885
sRNA53	Gene1329	0.52734
sRNA39	Gene913	0.55432
sRNA152	Gene1187	0.52901
sRNA50	Gene2143	0.52694
sRNA223	Gene2629	0.58636
sRNA9	Gene195	0.51743
sRNA79	Gene2734	0.53213
sRNA187	Gene1018	0.52275
sRNA29	Gene54	0.51091
sRNA215	Gene860	0.48928
sRNA56	Gene2535	0.50943
sRNA265	Gene718	0.47649
sRNA171	Gene2172	0.52103
sRNA9	Gene2265	0.55734
sRNA226	Gene682	0.53974
sRNA266	Gene2433	0.45328
sRNA169	Gene1425	0.54169
sRNA9	Gene1604	0.46682
sRNA45	Gene1866	0.45889
sRNA4	Gene2120	0.47128
sRNA134	Gene772	0.56046
sRNA233	Gene2615	0.54905
sRNA220	Gene597	0.56258
sRNA177	Gene1249	0.57448
sRNA9	Gene644	0.52863
sRNA219	Gene294	0.55708
sRNA197	Gene2140	0.53984
sRNA227	Gene1751	0.56124
sRNA34	Gene1802	0.46436
sRNA151	Gene392	0.50916
sRNA50	Gene2599	0.56921
sRNA199	Gene1771	0.61877
sRNA17	Gene2270	0.48713
sRNA239	Gene541	0.52531
sRNA237	Gene2012	0.47072
sRNA50	Gene1994	0.54561
sRNA82	Gene1154	0.51899
sRNA150	Gene1698	0.45547
sRNA46	Gene1540	0.56324
sRNA86	Gene2676	0.59832
sRNA146	Gene248	0.5664
sRNA9	Gene942	0.51864
sRNA209	Gene449	0.54274
sRNA267	Gene2035	0.46149
sRNA82	Gene239	0.52273
sRNA130	Gene1317	0.52173
sRNA11	Gene1372	0.45933
sRNA139	Gene1131	0.50896
sRNA258	Gene704	0.48562
sRNA135	Gene1440	0.51359
sRNA9	Gene83	0.50277
sRNA134	Gene778	0.50893
sRNA51	Gene894	0.551
sRNA101	Gene1984	0.52335
sRNA9	Gene1242	0.47431
sRNA3	Gene1201	0.60225
sRNA98	Gene1485	0.51634
sRNA135	Gene2837	0.5098
sRNA50	Gene1937	0.51485
sRNA124	Gene1767	0.58275
sRNA130	Gene279	0.54152
sRNA220	Gene447	0.54936
sRNA266	Gene1340	0.45689
sRNA36	Gene2594	0.49523
sRNA189	Gene1470	0.47665
sRNA23	Gene1352	0.50224
sRNA76	Gene2265	0.58391
sRNA193	Gene2613	0.47632
sRNA175	Gene1759	0.52494
sRNA9	Gene1403	0.54204
sRNA265	Gene166	0.513
sRNA157	Gene830	0.5082
sRNA21	Gene2076	0.51246
sRNA206	Gene979	0.51299
sRNA128	Gene2241	0.54168
sRNA269	Gene2518	0.45825
sRNA9	Gene1352	0.53139
sRNA190	Gene1106	0.5295
sRNA36	Gene1725	0.50606
sRNA170	Gene772	0.5277
sRNA224	Gene1348	0.55571
sRNA14	Gene2724	0.5452
sRNA208	Gene1317	0.50561
sRNA239	Gene724	0.48619
sRNA150	Gene626	0.50567
sRNA269	Gene467	0.44571
sRNA51	Gene2248	0.5637
sRNA170	Gene74	0.52688
sRNA71	Gene1343	0.57508
sRNA197	Gene1505	0.55604
sRNA82	Gene2133	0.51982
sRNA133	Gene1844	0.52263
sRNA178	Gene1434	0.59016
sRNA84	Gene167	0.58392
sRNA100	Gene1854	0.54617
sRNA70	Gene470	0.55251
sRNA239	Gene1835	0.52502
sRNA145	Gene1871	0.50974
sRNA152	Gene590	0.53819
sRNA47	Gene2397	0.48915
sRNA146	Gene427	0.51697
sRNA274	Gene2699	0.46315
sRNA97	Gene657	0.499
sRNA238	Gene1207	0.48321
sRNA32	Gene383	0.53687
sRNA163	Gene2254	0.57037
sRNA225	Gene947	0.58562
sRNA29	Gene520	0.54331
sRNA44	Gene1652	0.50216
sRNA9	Gene1552	0.57223
sRNA204	Gene789	0.48249
sRNA9	Gene1345	0.50702
sRNA57	Gene1438	0.47767
sRNA216	Gene1279	0.49399
sRNA9	Gene2006	0.45026
sRNA76	Gene228	0.5801
sRNA275	Gene1912	0.45668
sRNA36	Gene633	0.50474
sRNA133	Gene1195	0.50955
sRNA9	Gene2481	0.5316
sRNA200	Gene2228	0.49727
sRNA36	Gene1419	0.51719
sRNA108	Gene800	0.53408
sRNA138	Gene497	0.49774
sRNA40	Gene1159	0.54344
sRNA232	Gene711	0.44934
sRNA171	Gene1622	0.51179
sRNA50	Gene1240	0.50991
sRNA141	Gene2479	0.50944
sRNA50	Gene188	0.51403
sRNA36	Gene1777	0.49309
sRNA157	Gene2688	0.52736
sRNA24	Gene210	0.47357
sRNA231	Gene1148	0.49301
sRNA183	Gene186	0.54174
sRNA130	Gene1126	0.52336
sRNA159	Gene961	0.53692
sRNA227	Gene2494	0.54432
sRNA160	Gene584	0.48516
sRNA132	Gene2242	0.50744
sRNA226	Gene1618	0.59774
sRNA140	Gene393	0.53787
sRNA176	Gene626	0.55425
sRNA50	Gene282	0.47111
sRNA133	Gene457	0.54903
sRNA239	Gene1720	0.49845
sRNA154	Gene631	0.55943
sRNA17	Gene2241	0.52845
sRNA165	Gene416	0.5033
sRNA214	Gene2811	0.51243
sRNA160	Gene101	0.52259
sRNA142	Gene1240	0.48338
sRNA150	Gene2426	0.56082
sRNA253	Gene899	0.56842
sRNA97	Gene2575	0.48557
sRNA166	Gene658	0.48378
sRNA128	Gene2728	0.49802
sRNA170	Gene2441	0.48001
sRNA11	Gene1471	0.54979
sRNA133	Gene1693	0.50796
sRNA176	Gene1200	0.57986
sRNA193	Gene1513	0.54122
sRNA65	Gene2544	0.50735
sRNA129	Gene2833	0.53728
sRNA207	Gene810	0.55045
sRNA237	Gene240	0.50943
sRNA83	Gene97	0.54022
sRNA177	Gene551	0.51046
sRNA205	Gene153	0.49858
sRNA239	Gene2752	0.50626
sRNA172	Gene294	0.51939
sRNA180	Gene1613	0.52304
sRNA213	Gene593	0.53381
sRNA73	Gene136	0.52717
sRNA101	Gene1757	0.50846
sRNA67	Gene2262	0.47897
sRNA6	Gene1721	0.47828
sRNA158	Gene820	0.5492
sRNA19	Gene1855	0.56233
sRNA97	Gene626	0.49322
sRNA71	Gene451	0.54644
sRNA50	Gene1798	0.58178
sRNA269	Gene1117	0.4559
sRNA191	Gene121	0.49664
sRNA142	Gene1119	0.48394
sRNA98	Gene2150	0.5149
sRNA197	Gene326	0.54844
sRNA118	Gene859	0.53834
sRNA221	Gene1663	0.58107
sRNA222	Gene938	0.51436
sRNA234	Gene2646	0.57407
sRNA3	Gene789	0.47494
sRNA183	Gene1330	0.54147
sRNA130	Gene158	0.50731
sRNA47	Gene2251	0.52308
sRNA140	Gene2280	0.51864
sRNA46	Gene2054	0.51946
sRNA14	Gene2733	0.54884
sRNA32	Gene480	0.54613
sRNA9	Gene191	0.53948
sRNA159	Gene458	0.52844
sRNA176	Gene148	0.55164
sRNA17	Gene804	0.49658
sRNA25	Gene1280	0.4891
sRNA18	Gene2417	0.50719
sRNA190	Gene2568	0.54862
sRNA190	Gene176	0.5533
sRNA34	Gene1209	0.47984
sRNA76	Gene1763	0.54374
sRNA197	Gene411	0.49656
sRNA197	Gene1956	0.56958
sRNA9	Gene1373	0.47649
sRNA269	Gene1970	0.4731
sRNA181	Gene1231	0.55756
sRNA53	Gene615	0.52574
sRNA111	Gene1907	0.53181
sRNA207	Gene125	0.51433
sRNA72	Gene1107	0.51106
sRNA173	Gene1091	0.49407
sRNA224	Gene2568	0.58643
sRNA87	Gene1656	0.58233
sRNA223	Gene817	0.59296
sRNA24	Gene1007	0.51551
sRNA235	Gene18	0.5669
sRNA127	Gene1771	0.56985
sRNA48	Gene2416	0.55318
sRNA236	Gene860	0.54332
sRNA50	Gene1116	0.50589
sRNA180	Gene145	0.49025
sRNA243	Gene781	0.52658
sRNA36	Gene1132	0.49167
sRNA216	Gene964	0.52807
sRNA10	Gene1872	0.51371
sRNA213	Gene1396	0.53811
sRNA227	Gene2367	0.50524
sRNA71	Gene254	0.56686
sRNA162	Gene948	0.54817
sRNA95	Gene2107	0.55952
sRNA127	Gene471	0.50963
sRNA62	Gene2706	0.58471
sRNA141	Gene1170	0.51151
sRNA211	Gene189	0.46879
sRNA50	Gene1324	0.54018
sRNA248	Gene2239	0.46124
sRNA83	Gene2098	0.51111
sRNA208	Gene311	0.51165
sRNA8	Gene972	0.50517
sRNA180	Gene2688	0.54678
sRNA123	Gene1116	0.47153
sRNA26	Gene1339	0.47276
sRNA33	Gene2606	0.52427
sRNA43	Gene339	0.50856
sRNA17	Gene99	0.48638
sRNA32	Gene2194	0.48327
sRNA239	Gene1240	0.53387
sRNA81	Gene2505	0.52002
sRNA77	Gene1786	0.56233
sRNA148	Gene1801	0.52778
sRNA186	Gene1343	0.54599
sRNA9	Gene1532	0.57328
sRNA227	Gene1694	0.5565
sRNA141	Gene1115	0.55065
sRNA263	Gene269	0.48394
sRNA45	Gene2342	0.55503
sRNA139	Gene782	0.55048
sRNA52	Gene1611	0.52036
sRNA214	Gene1058	0.47411
sRNA224	Gene258	0.54088
sRNA70	Gene103	0.58116
sRNA145	Gene31	0.58311
sRNA71	Gene831	0.58425
sRNA233	Gene128	0.54873
sRNA9	Gene2408	0.54264
sRNA127	Gene1110	0.50021
sRNA214	Gene1928	0.51755
sRNA77	Gene948	0.56021
sRNA229	Gene1090	0.53561
sRNA184	Gene351	0.52509
sRNA86	Gene2193	0.56091
sRNA123	Gene2325	0.52059
sRNA53	Gene2605	0.51137
sRNA183	Gene1699	0.50343
sRNA245	Gene2154	0.52778
sRNA89	Gene637	0.54117
sRNA62	Gene1679	0.46356
sRNA16	Gene1431	0.53981
sRNA36	Gene569	0.54913
sRNA38	Gene1987	0.54768
sRNA87	Gene1316	0.54981
sRNA223	Gene1843	0.58506
sRNA106	Gene1389	0.50787
sRNA139	Gene861	0.52052
sRNA288	Gene299	0.52825
sRNA222	Gene112	0.50332
sRNA9	Gene2493	0.48862
sRNA34	Gene852	0.50096
sRNA132	Gene193	0.47918
sRNA283	Gene153	0.50023
sRNA113	Gene515	0.52118
sRNA214	Gene1929	0.47477
sRNA159	Gene878	0.55942
sRNA79	Gene630	0.51918
sRNA143	Gene2684	0.58382
sRNA47	Gene2628	0.51856
sRNA9	Gene1531	0.53995
sRNA219	Gene2343	0.47749
sRNA183	Gene59	0.53862
sRNA123	Gene1472	0.48172
sRNA104	Gene669	0.54578
sRNA32	Gene662	0.47934
sRNA7	Gene2532	0.6071
sRNA159	Gene258	0.53478
sRNA100	Gene2755	0.47541
sRNA209	Gene635	0.56539
sRNA56	Gene1345	0.52408
sRNA174	Gene1102	0.51676
sRNA9	Gene1183	0.51913
sRNA267	Gene1199	0.45366
sRNA42	Gene664	0.5559
sRNA101	Gene1966	0.51278
sRNA160	Gene2229	0.59582
sRNA238	Gene174	0.51474
sRNA199	Gene929	0.5524
sRNA6	Gene930	0.52524
sRNA165	Gene1582	0.51375
sRNA36	Gene2401	0.50585
sRNA213	Gene2759	0.50636
sRNA127	Gene2202	0.57079
sRNA186	Gene133	0.54161
sRNA177	Gene411	0.52622
sRNA158	Gene773	0.4846
sRNA9	Gene2708	0.50332
sRNA109	Gene94	0.54744
sRNA140	Gene1226	0.52698
sRNA70	Gene2078	0.58938
sRNA31	Gene2200	0.47925
sRNA266	Gene2535	0.53288
sRNA201	Gene370	0.45706
sRNA9	Gene1408	0.48121
sRNA80	Gene2719	0.52543
sRNA65	Gene2462	0.523
sRNA150	Gene2062	0.50114
sRNA152	Gene153	0.5493
sRNA83	Gene1585	0.55936
sRNA9	Gene2220	0.54139
sRNA220	Gene164	0.52249
sRNA225	Gene2220	0.54768
sRNA281	Gene530	0.45191
sRNA45	Gene1121	0.57254
sRNA67	Gene2629	0.5104
sRNA108	Gene2761	0.5434
sRNA123	Gene2482	0.47745
sRNA145	Gene1242	0.56342
sRNA191	Gene2449	0.51686
sRNA131	Gene15	0.57413
sRNA51	Gene2617	0.54281
sRNA229	Gene590	0.51954
sRNA3	Gene1856	0.58012
sRNA104	Gene1909	0.47898
sRNA125	Gene1492	0.58355
sRNA62	Gene1943	0.52457
sRNA210	Gene701	0.54021
sRNA90	Gene722	0.56786
sRNA167	Gene357	0.57977
sRNA9	Gene1349	0.5421
sRNA209	Gene907	0.53705
sRNA13	Gene1682	0.50274
sRNA226	Gene1225	0.53763
sRNA82	Gene133	0.50882
sRNA229	Gene409	0.50868
sRNA231	Gene2506	0.51984
sRNA2	Gene2165	0.523
sRNA151	Gene712	0.53908
sRNA71	Gene192	0.58523
sRNA149	Gene2380	0.48994
sRNA57	Gene1368	0.46941
sRNA150	Gene1684	0.52361
sRNA154	Gene269	0.53796
sRNA52	Gene1714	0.56586
sRNA139	Gene887	0.51197
sRNA9	Gene2863	0.5001
sRNA241	Gene1620	0.54795
sRNA158	Gene269	0.53674
sRNA87	Gene918	0.58029
sRNA209	Gene1012	0.5408
sRNA123	Gene297	0.51133
sRNA161	Gene2551	0.54119
sRNA50	Gene1877	0.47142
sRNA72	Gene2814	0.49314
sRNA9	Gene2787	0.50809
sRNA226	Gene1569	0.55122
sRNA80	Gene2138	0.47708
sRNA146	Gene2540	0.54986
sRNA177	Gene2520	0.58872
sRNA221	Gene905	0.51267
sRNA32	Gene519	0.4982
sRNA223	Gene141	0.56936
sRNA108	Gene2762	0.52915
sRNA285	Gene1364	0.44631
sRNA232	Gene1579	0.50913
sRNA127	Gene627	0.54813
sRNA187	Gene672	0.54722
sRNA220	Gene895	0.55476
sRNA43	Gene1514	0.48855
sRNA38	Gene1988	0.60193
sRNA19	Gene2194	0.53369
sRNA62	Gene2720	0.51333
sRNA286	Gene1764	0.44844
sRNA188	Gene308	0.57812
sRNA9	Gene2299	0.50247
sRNA198	Gene1309	0.4528
sRNA76	Gene900	0.58702
sRNA222	Gene1054	0.48284
sRNA222	Gene1897	0.47439
sRNA101	Gene2517	0.56221
sRNA25	Gene244	0.51157
sRNA31	Gene430	0.47452
sRNA198	Gene442	0.47649
sRNA9	Gene572	0.52913
sRNA9	Gene1669	0.52772
sRNA113	Gene1458	0.49627
sRNA51	Gene1742	0.5833
sRNA183	Gene950	0.50378
sRNA132	Gene312	0.47267
sRNA25	Gene1477	0.54653
sRNA38	Gene1081	0.5956
sRNA139	Gene878	0.54525
sRNA79	Gene835	0.56605
sRNA231	Gene926	0.51757
sRNA162	Gene138	0.56618
sRNA9	Gene2545	0.56192
sRNA9	Gene2226	0.54772
sRNA130	Gene42	0.55047
sRNA47	Gene2149	0.46563
sRNA246	Gene1483	0.4823
sRNA226	Gene2603	0.59015
sRNA222	Gene361	0.48126
sRNA47	Gene1357	0.51669
sRNA223	Gene112	0.56636
sRNA269	Gene2265	0.46602
sRNA70	Gene1117	0.56522
sRNA117	Gene2759	0.57105
sRNA111	Gene2453	0.54869
sRNA130	Gene283	0.53576
sRNA165	Gene2448	0.51472
sRNA95	Gene2452	0.58695
sRNA150	Gene911	0.49716
sRNA269	Gene333	0.45013
sRNA9	Gene2513	0.51265
sRNA29	Gene1549	0.54421
sRNA191	Gene384	0.47884
sRNA23	Gene2710	0.50053
sRNA172	Gene1000	0.53827
sRNA2	Gene2780	0.52355
sRNA28	Gene2470	0.50823
sRNA233	Gene145	0.59137
sRNA9	Gene972	0.54946
sRNA165	Gene1286	0.44609
sRNA210	Gene10	0.4627
sRNA187	Gene2153	0.53929
sRNA240	Gene774	0.56668
sRNA48	Gene705	0.53168
sRNA50	Gene1121	0.51269
sRNA170	Gene2780	0.5367
sRNA50	Gene1378	0.50409
sRNA31	Gene1554	0.48154
sRNA61	Gene304	0.5389
sRNA67	Gene28	0.52119
sRNA267	Gene432	0.46147
sRNA10	Gene2259	0.51719
sRNA89	Gene2662	0.51084
sRNA202	Gene509	0.4959
sRNA200	Gene852	0.47956
sRNA56	Gene2639	0.49839
sRNA214	Gene1047	0.54044
sRNA289	Gene123	0.51823
sRNA118	Gene83	0.54877
sRNA182	Gene899	0.51133
sRNA69	Gene1049	0.47343
sRNA34	Gene2477	0.48405
sRNA223	Gene60	0.59415
sRNA113	Gene1132	0.48522
sRNA157	Gene124	0.57366
sRNA79	Gene1755	0.52735
sRNA200	Gene2162	0.49171
sRNA31	Gene376	0.52138
sRNA11	Gene2208	0.56818
sRNA90	Gene2407	0.53137
sRNA227	Gene313	0.6042
sRNA311	Gene403	0.49792
sRNA180	Gene632	0.56634
sRNA74	Gene2757	0.5294
sRNA11	Gene645	0.47142
sRNA104	Gene111	0.54487
sRNA90	Gene1916	0.57397
sRNA109	Gene191	0.54403
sRNA148	Gene582	0.54661
sRNA214	Gene8	0.53833
sRNA176	Gene1498	0.58217
sRNA112	Gene859	0.53368
sRNA288	Gene460	0.52515
sRNA199	Gene2244	0.55337
sRNA148	Gene1935	0.54513
sRNA53	Gene2800	0.50572
sRNA212	Gene1798	0.57904
sRNA7	Gene1281	0.50298
sRNA266	Gene1796	0.46755
sRNA93	Gene1591	0.50799
sRNA257	Gene2098	0.53399
sRNA75	Gene1422	0.54812
sRNA164	Gene2340	0.52058
sRNA255	Gene20	0.49024
sRNA77	Gene2721	0.57942
sRNA52	Gene2234	0.53189
sRNA60	Gene2720	0.54757
sRNA103	Gene576	0.52568
sRNA9	Gene626	0.48128
sRNA165	Gene2100	0.50733
sRNA26	Gene269	0.57605
sRNA10	Gene447	0.58477
sRNA80	Gene821	0.55222
sRNA59	Gene447	0.61995
sRNA34	Gene2256	0.49091
sRNA232	Gene294	0.49169
sRNA50	Gene651	0.4847
sRNA232	Gene196	0.52257
sRNA153	Gene2563	0.54299
sRNA9	Gene117	0.47992
sRNA235	Gene1357	0.56079
sRNA9	Gene597	0.50615
sRNA235	Gene1361	0.55951
sRNA34	Gene1349	0.46736
sRNA50	Gene2412	0.57094
sRNA180	Gene1937	0.51687
sRNA146	Gene1547	0.51984
sRNA126	Gene1722	0.54004
sRNA9	Gene654	0.55053
sRNA63	Gene467	0.51851
sRNA285	Gene1820	0.45265
sRNA21	Gene1329	0.54342
sRNA131	Gene678	0.54783
sRNA127	Gene367	0.57982
sRNA164	Gene786	0.50056
sRNA148	Gene2035	0.48524
sRNA29	Gene1890	0.53992
sRNA165	Gene336	0.46908
sRNA243	Gene2759	0.53055
sRNA157	Gene1516	0.53646
sRNA35	Gene2048	0.57305
sRNA169	Gene1128	0.54703
sRNA28	Gene128	0.46673
sRNA45	Gene211	0.5059
sRNA216	Gene848	0.55041
sRNA95	Gene1257	0.53687
sRNA104	Gene85	0.52918
sRNA1	Gene2622	0.50411
sRNA36	Gene623	0.5021
sRNA100	Gene851	0.60586
sRNA248	Gene2172	0.45921
sRNA78	Gene357	0.51079
sRNA96	Gene2855	0.51029
sRNA239	Gene934	0.52839
sRNA142	Gene282	0.478
sRNA34	Gene2363	0.48587
sRNA3	Gene736	0.59481
sRNA157	Gene845	0.54157
sRNA181	Gene205	0.56114
sRNA244	Gene1071	0.59976
sRNA30	Gene67	0.51325
sRNA7	Gene248	0.55601
sRNA36	Gene2770	0.51105
sRNA152	Gene342	0.51563
sRNA207	Gene2263	0.54274
sRNA90	Gene1439	0.51063
sRNA222	Gene1594	0.49211
sRNA50	Gene2746	0.5766
sRNA79	Gene554	0.52523
sRNA223	Gene1722	0.54928
sRNA14	Gene799	0.48346
sRNA131	Gene91	0.56063
sRNA48	Gene765	0.51581
sRNA51	Gene1330	0.53865
sRNA234	Gene915	0.56796
sRNA45	Gene1320	0.50736
sRNA9	Gene1936	0.56077
sRNA142	Gene1215	0.55374
sRNA152	Gene1867	0.50857
sRNA244	Gene322	0.59453
sRNA201	Gene2632	0.4703
sRNA28	Gene1666	0.46331
sRNA161	Gene2023	0.55419
sRNA166	Gene306	0.4837
sRNA213	Gene1997	0.49155
sRNA90	Gene2392	0.53363
sRNA87	Gene804	0.54365
sRNA50	Gene1605	0.5083
sRNA50	Gene1754	0.58196
sRNA174	Gene1206	0.52471
sRNA244	Gene374	0.54917
sRNA96	Gene2360	0.54903
sRNA159	Gene614	0.54077
sRNA154	Gene653	0.52796
sRNA187	Gene920	0.55502
sRNA219	Gene1909	0.46017
sRNA9	Gene1058	0.51721
sRNA16	Gene2702	0.49202
sRNA50	Gene1853	0.484
sRNA50	Gene1672	0.54664
sRNA11	Gene2178	0.54698
sRNA89	Gene78	0.50741
sRNA86	Gene1837	0.55046
sRNA107	Gene2840	0.50538
sRNA72	Gene2230	0.50222
sRNA221	Gene928	0.4821
sRNA50	Gene2484	0.53863
sRNA203	Gene358	0.53132
sRNA9	Gene947	0.5732
sRNA5	Gene1436	0.50632
sRNA166	Gene2185	0.48167
sRNA113	Gene2738	0.49291
sRNA220	Gene2367	0.57313
sRNA97	Gene1629	0.49882
sRNA31	Gene882	0.52497
sRNA9	Gene2527	0.56791
sRNA181	Gene431	0.55612
sRNA133	Gene1166	0.54967
sRNA118	Gene91	0.45309
sRNA9	Gene1617	0.48091
sRNA101	Gene1372	0.49908
sRNA208	Gene2144	0.50008
sRNA55	Gene2422	0.59921
sRNA14	Gene2203	0.48911
sRNA50	Gene228	0.50621
sRNA9	Gene1151	0.55263
sRNA183	Gene826	0.51829
sRNA101	Gene876	0.5561
sRNA65	Gene2218	0.58228
sRNA71	Gene947	0.59561
sRNA184	Gene47	0.4654
sRNA242	Gene944	0.47581
sRNA147	Gene1207	0.53615
sRNA147	Gene2252	0.55381
sRNA195	Gene560	0.51916
sRNA38	Gene1812	0.58108
sRNA43	Gene2022	0.48328
sRNA87	Gene517	0.5538
sRNA203	Gene1566	0.5293
sRNA185	Gene1303	0.44775
sRNA218	Gene1443	0.52098
sRNA207	Gene789	0.5127
sRNA78	Gene2035	0.51042
sRNA60	Gene1011	0.49619
sRNA228	Gene2863	0.44936
sRNA26	Gene40	0.52917
sRNA196	Gene2761	0.46276
sRNA23	Gene1700	0.47785
sRNA2	Gene2030	0.52323
sRNA150	Gene1179	0.51455
sRNA177	Gene1236	0.5296
sRNA36	Gene1597	0.49023
sRNA19	Gene147	0.56756
sRNA182	Gene329	0.53828
sRNA236	Gene449	0.56373
sRNA160	Gene1123	0.56121
sRNA185	Gene992	0.46977
sRNA239	Gene380	0.52529
sRNA3	Gene1250	0.52149
sRNA257	Gene1868	0.47869
sRNA199	Gene2760	0.55515
sRNA123	Gene637	0.51877
sRNA118	Gene2622	0.52664
sRNA226	Gene214	0.53036
sRNA19	Gene779	0.47248
sRNA153	Gene48	0.55874
sRNA9	Gene1727	0.48539
sRNA124	Gene1225	0.57673
sRNA4	Gene1254	0.47377
sRNA207	Gene1583	0.54792
sRNA188	Gene48	0.53969
sRNA51	Gene995	0.57259
sRNA59	Gene2253	0.54525
sRNA191	Gene2833	0.51672
sRNA125	Gene666	0.57711
sRNA86	Gene2475	0.58814
sRNA6	Gene2486	0.50583
sRNA89	Gene350	0.5278
sRNA244	Gene699	0.53613
sRNA87	Gene2719	0.55661
sRNA18	Gene167	0.56442
sRNA24	Gene2229	0.49153
sRNA11	Gene2502	0.54482
sRNA166	Gene1993	0.48242
sRNA191	Gene1138	0.52536
sRNA117	Gene439	0.55141
sRNA71	Gene661	0.56655
sRNA72	Gene2804	0.5164
sRNA106	Gene2303	0.53042
sRNA64	Gene2348	0.57192
sRNA97	Gene632	0.56941
sRNA200	Gene1758	0.49293
sRNA40	Gene1090	0.54802
sRNA87	Gene1649	0.56616
sRNA247	Gene2172	0.48668
sRNA152	Gene2648	0.51432
sRNA177	Gene2583	0.52524
sRNA9	Gene2505	0.57573
sRNA120	Gene5	0.5448
sRNA249	Gene138	0.46522
sRNA104	Gene2546	0.48659
sRNA86	Gene479	0.61347
sRNA221	Gene628	0.54752
sRNA77	Gene1600	0.56579
sRNA35	Gene2368	0.51601
sRNA218	Gene586	0.54508
sRNA239	Gene2036	0.4682
sRNA75	Gene2184	0.55516
sRNA90	Gene365	0.53177
sRNA204	Gene1036	0.47928
sRNA95	Gene2744	0.53253
sRNA87	Gene2154	0.55153
sRNA2	Gene2450	0.53229
sRNA106	Gene1868	0.50345
sRNA126	Gene152	0.51841
sRNA14	Gene2428	0.55862
sRNA10	Gene2650	0.49765
sRNA260	Gene536	0.5153
sRNA14	Gene48	0.48713
sRNA119	Gene165	0.53181
sRNA234	Gene1497	0.58449
sRNA59	Gene219	0.49911
sRNA39	Gene2458	0.54298
sRNA34	Gene2474	0.46896
sRNA159	Gene2746	0.54202
sRNA135	Gene849	0.53921
sRNA227	Gene1653	0.53403
sRNA247	Gene1917	0.46999
sRNA9	Gene1427	0.52461
sRNA257	Gene2187	0.52547
sRNA126	Gene660	0.49268
sRNA127	Gene596	0.59999
sRNA267	Gene1391	0.46292
sRNA150	Gene7	0.55611
sRNA263	Gene768	0.50978
sRNA90	Gene1272	0.56237
sRNA162	Gene1454	0.56954
sRNA256	Gene1180	0.46035
sRNA204	Gene2451	0.52424
sRNA216	Gene2071	0.55817
sRNA160	Gene705	0.54443
sRNA141	Gene898	0.53505
sRNA77	Gene1755	0.57318
sRNA154	Gene2597	0.55387
sRNA9	Gene228	0.53455
sRNA221	Gene248	0.58286
sRNA236	Gene736	0.59224
sRNA88	Gene561	0.53998
sRNA169	Gene1575	0.52392
sRNA59	Gene129	0.59212
sRNA126	Gene150	0.51447
sRNA14	Gene2703	0.52186
sRNA152	Gene1349	0.51518
sRNA37	Gene2731	0.59456
sRNA58	Gene2357	0.52506
sRNA106	Gene2466	0.50146
sRNA9	Gene89	0.50377
sRNA249	Gene304	0.48232
sRNA36	Gene1258	0.54519
sRNA242	Gene494	0.44846
sRNA183	Gene1015	0.51385
sRNA9	Gene2303	0.45051
sRNA246	Gene1627	0.52793
sRNA313	Gene581	0.52692
sRNA227	Gene2430	0.49137
sRNA25	Gene1330	0.53132
sRNA218	Gene1226	0.55552
sRNA205	Gene294	0.4723
sRNA164	Gene979	0.49536
sRNA164	Gene2181	0.48749
sRNA109	Gene195	0.52365
sRNA73	Gene1731	0.46006
sRNA51	Gene392	0.4559
sRNA141	Gene1933	0.54722
sRNA249	Gene2060	0.48347
sRNA79	Gene2764	0.50024
sRNA15	Gene969	0.54135
sRNA200	Gene2828	0.45681
sRNA162	Gene1202	0.56452
sRNA4	Gene692	0.44996
sRNA212	Gene359	0.51207
sRNA157	Gene565	0.5393
sRNA9	Gene1793	0.49074
sRNA128	Gene966	0.60548
sRNA162	Gene430	0.5717
sRNA210	Gene173	0.52619
sRNA86	Gene1477	0.57476
sRNA9	Gene437	0.49102
sRNA138	Gene487	0.52231
sRNA185	Gene993	0.46816
sRNA173	Gene508	0.46845
sRNA87	Gene2699	0.54137
sRNA10	Gene2273	0.53998
sRNA31	Gene2643	0.48537
sRNA16	Gene2490	0.51792
sRNA167	Gene787	0.55006
sRNA130	Gene1161	0.58949
sRNA194	Gene686	0.58001
sRNA257	Gene1124	0.4924
sRNA200	Gene863	0.47847
sRNA257	Gene1473	0.51753
sRNA26	Gene2771	0.49926
sRNA50	Gene118	0.51203
sRNA224	Gene2436	0.59073
sRNA224	Gene2165	0.60017
sRNA9	Gene207	0.55622
sRNA125	Gene2667	0.59793
sRNA157	Gene1660	0.54675
sRNA13	Gene576	0.4849
sRNA211	Gene659	0.45148
sRNA265	Gene1240	0.472
sRNA100	Gene2724	0.53744
sRNA150	Gene2779	0.48294
sRNA28	Gene606	0.51936
sRNA249	Gene2628	0.48232
sRNA123	Gene2667	0.49389
sRNA197	Gene1971	0.48018
sRNA250	Gene1572	0.47391
sRNA9	Gene930	0.55282
sRNA220	Gene996	0.56836
sRNA180	Gene456	0.51955
sRNA35	Gene509	0.49557
sRNA207	Gene2208	0.55243
sRNA133	Gene1858	0.497
sRNA82	Gene1409	0.54995
sRNA28	Gene1648	0.48178
sRNA234	Gene214	0.55915
sRNA9	Gene2667	0.56422
sRNA9	Gene379	0.49783
sRNA169	Gene1214	0.488
sRNA90	Gene1578	0.54166
sRNA269	Gene109	0.48563
sRNA9	Gene904	0.54282
sRNA204	Gene766	0.54209
sRNA3	Gene1810	0.54233
sRNA153	Gene2159	0.52065
sRNA172	Gene1224	0.50981
sRNA53	Gene2813	0.4827
sRNA132	Gene1584	0.4531
sRNA111	Gene2431	0.55428
sRNA112	Gene1314	0.58737
sRNA177	Gene2448	0.56051
sRNA48	Gene1769	0.52052
sRNA205	Gene1745	0.46908
sRNA165	Gene286	0.49798
sRNA234	Gene2815	0.59932
sRNA98	Gene797	0.51483
sRNA9	Gene431	0.53725
sRNA144	Gene101	0.54476
sRNA43	Gene2682	0.47236
sRNA50	Gene2048	0.51984
sRNA122	Gene2006	0.52278
sRNA16	Gene339	0.53035
sRNA204	Gene1034	0.52049
sRNA59	Gene1936	0.55924
sRNA62	Gene702	0.47367
sRNA219	Gene2327	0.48086
sRNA64	Gene2280	0.58403
sRNA169	Gene2231	0.51096
sRNA245	Gene2419	0.54179
sRNA41	Gene2614	0.53302
sRNA225	Gene1837	0.56632
sRNA150	Gene423	0.51805
sRNA162	Gene2492	0.56263
sRNA202	Gene2258	0.51004
sRNA135	Gene1643	0.50487
sRNA226	Gene1797	0.5542
sRNA187	Gene2195	0.56423
sRNA32	Gene2106	0.53152
sRNA97	Gene1712	0.46219
sRNA50	Gene1289	0.51786
sRNA160	Gene2540	0.54316
sRNA50	Gene795	0.4676
sRNA64	Gene1207	0.56898
sRNA24	Gene2086	0.49165
sRNA33	Gene1129	0.5225
sRNA86	Gene769	0.57381
sRNA79	Gene968	0.52115
sRNA97	Gene2602	0.55335
sRNA87	Gene723	0.54916
sRNA15	Gene244	0.52232
sRNA199	Gene2193	0.54041
sRNA197	Gene1102	0.61011
sRNA117	Gene1906	0.558
sRNA106	Gene2833	0.52182
sRNA9	Gene2050	0.46028
sRNA213	Gene1707	0.54293
sRNA160	Gene2362	0.50304
sRNA3	Gene812	0.52642
sRNA50	Gene1573	0.56698
sRNA96	Gene91	0.49754
sRNA245	Gene2410	0.53251
sRNA106	Gene510	0.5631
sRNA113	Gene1242	0.52199
sRNA132	Gene141	0.4764
sRNA159	Gene487	0.55882
sRNA10	Gene210	0.59174
sRNA130	Gene2277	0.53142
sRNA199	Gene677	0.55536
sRNA283	Gene2431	0.48316
sRNA3	Gene2384	0.54576
sRNA40	Gene1264	0.57185
sRNA106	Gene216	0.54363
sRNA140	Gene1965	0.56745
sRNA150	Gene2723	0.57861
sRNA146	Gene1850	0.53457
sRNA118	Gene2406	0.55285
sRNA170	Gene140	0.5114
sRNA150	Gene2716	0.48786
sRNA234	Gene1216	0.56125
sRNA31	Gene235	0.48781
sRNA98	Gene1971	0.51742
sRNA71	Gene2134	0.55039
sRNA177	Gene1139	0.50317
sRNA150	Gene231	0.54543
sRNA9	Gene1115	0.55122
sRNA206	Gene940	0.5104
sRNA165	Gene948	0.51579
sRNA151	Gene1296	0.46262
sRNA19	Gene162	0.57329
sRNA285	Gene1748	0.48577
sRNA3	Gene631	0.50922
sRNA170	Gene626	0.5136
sRNA50	Gene1647	0.51795
sRNA79	Gene553	0.53369
sRNA134	Gene494	0.53331
sRNA9	Gene2081	0.4573
sRNA104	Gene299	0.58399
sRNA146	Gene908	0.47405
sRNA81	Gene307	0.515
sRNA221	Gene1044	0.53974
sRNA50	Gene386	0.47634
sRNA30	Gene686	0.54153
sRNA12	Gene525	0.5303
sRNA9	Gene2276	0.51195
sRNA146	Gene1078	0.54023
sRNA76	Gene2434	0.55297
sRNA19	Gene1864	0.55952
sRNA233	Gene740	0.54208
sRNA157	Gene1449	0.56704
sRNA35	Gene2679	0.54447
sRNA125	Gene1645	0.55827
sRNA79	Gene2204	0.52346
sRNA70	Gene1457	0.60031
sRNA171	Gene1567	0.46227
sRNA267	Gene1525	0.47467
sRNA185	Gene1751	0.49006
sRNA206	Gene930	0.4953
sRNA23	Gene2267	0.51765
sRNA86	Gene1208	0.61819
sRNA183	Gene565	0.52987
sRNA124	Gene1124	0.56174
sRNA77	Gene1805	0.57989
sRNA7	Gene109	0.56759
sRNA23	Gene2742	0.5353
sRNA34	Gene2007	0.45722
sRNA164	Gene319	0.47762
sRNA221	Gene1438	0.5474
sRNA247	Gene1431	0.46547
sRNA50	Gene1091	0.54804
sRNA68	Gene701	0.5341
sRNA257	Gene1816	0.52666
sRNA150	Gene1504	0.54668
sRNA7	Gene2320	0.54082
sRNA143	Gene596	0.54156
sRNA123	Gene2628	0.55623
sRNA233	Gene2812	0.54312
sRNA2	Gene401	0.51166
sRNA23	Gene2640	0.51328
sRNA50	Gene2325	0.5984
sRNA16	Gene2314	0.51011
sRNA154	Gene2584	0.55524
sRNA141	Gene946	0.52098
sRNA169	Gene1567	0.53488
sRNA223	Gene58	0.54722
sRNA178	Gene787	0.5733
sRNA9	Gene2364	0.48807
sRNA139	Gene2733	0.53107
sRNA249	Gene1582	0.5204
sRNA153	Gene1729	0.56887
sRNA43	Gene2412	0.4747
sRNA80	Gene1309	0.45507
sRNA240	Gene172	0.5204
sRNA81	Gene930	0.46109
sRNA124	Gene845	0.55485
sRNA9	Gene72	0.47352
sRNA107	Gene881	0.49728
sRNA180	Gene778	0.5436
sRNA239	Gene1220	0.49169
sRNA245	Gene1451	0.54766
sRNA133	Gene1419	0.55268
sRNA169	Gene1430	0.56097
sRNA87	Gene1974	0.54142
sRNA119	Gene192	0.5527
sRNA9	Gene1162	0.5513
sRNA275	Gene805	0.49509
sRNA210	Gene1839	0.44717
sRNA17	Gene430	0.56203
sRNA144	Gene1449	0.50334
sRNA142	Gene1237	0.49741
sRNA9	Gene1169	0.48867
sRNA4	Gene1000	0.47894
sRNA18	Gene2066	0.45717
sRNA152	Gene1227	0.55123
sRNA257	Gene1745	0.54719
sRNA34	Gene1094	0.51396
sRNA96	Gene1176	0.50597
sRNA194	Gene787	0.56769
sRNA9	Gene845	0.60192
sRNA157	Gene83	0.59326
sRNA10	Gene1494	0.56017
sRNA9	Gene330	0.51377
sRNA77	Gene2558	0.55801
sRNA123	Gene2534	0.46397
sRNA289	Gene1715	0.53996
sRNA9	Gene1916	0.51114
sRNA156	Gene159	0.56029
sRNA225	Gene629	0.5412
sRNA127	Gene1084	0.5436
sRNA80	Gene964	0.48468
sRNA169	Gene474	0.44705
sRNA6	Gene1695	0.49511
sRNA62	Gene294	0.48927
sRNA223	Gene2786	0.55551
sRNA87	Gene866	0.5803
sRNA157	Gene961	0.55971
sRNA45	Gene1178	0.48331
sRNA229	Gene516	0.55868
sRNA68	Gene194	0.50136
sRNA173	Gene13	0.53442
sRNA235	Gene1741	0.58819
sRNA11	Gene2642	0.50376
sRNA125	Gene485	0.54572
sRNA64	Gene2144	0.58671
sRNA141	Gene257	0.56087
sRNA51	Gene1354	0.55454
sRNA92	Gene2162	0.53051
sRNA183	Gene2463	0.54189
sRNA236	Gene2395	0.55557
sRNA211	Gene772	0.50814
sRNA32	Gene1691	0.49138
sRNA216	Gene2446	0.49571
sRNA9	Gene2126	0.50655
sRNA147	Gene554	0.55486
sRNA78	Gene167	0.56395
sRNA91	Gene2861	0.45927
sRNA174	Gene2074	0.46363
sRNA123	Gene772	0.49569
sRNA45	Gene1313	0.53213
sRNA195	Gene1948	0.51096
sRNA171	Gene1349	0.49437
sRNA80	Gene1642	0.49849
sRNA77	Gene2644	0.5696
sRNA98	Gene393	0.51946
sRNA111	Gene2208	0.58132
sRNA27	Gene572	0.45017
sRNA257	Gene2102	0.52907
sRNA124	Gene1997	0.54921
sRNA200	Gene1611	0.48177
sRNA136	Gene2563	0.56279
sRNA174	Gene80	0.51373
sRNA103	Gene1014	0.47865
sRNA63	Gene232	0.50723
sRNA234	Gene2638	0.56819
sRNA223	Gene1882	0.53735
sRNA183	Gene601	0.55846
sRNA62	Gene1341	0.44945
sRNA31	Gene1606	0.45862
sRNA50	Gene404	0.55496
sRNA177	Gene1972	0.56195
sRNA1	Gene1179	0.47746
sRNA3	Gene1174	0.532
sRNA189	Gene1215	0.47273
sRNA152	Gene1665	0.47574
sRNA50	Gene2396	0.52667
sRNA213	Gene1313	0.53563
sRNA91	Gene2209	0.48388
sRNA43	Gene1526	0.50051
sRNA216	Gene874	0.57738
sRNA50	Gene1742	0.5749
sRNA221	Gene793	0.49602
sRNA114	Gene2635	0.53461
sRNA58	Gene1759	0.49656
sRNA79	Gene183	0.54567
sRNA73	Gene1271	0.47513
sRNA146	Gene2179	0.57293
sRNA275	Gene930	0.46448
sRNA211	Gene669	0.53478
sRNA211	Gene939	0.45165
sRNA265	Gene2785	0.46076
sRNA237	Gene969	0.50749
sRNA174	Gene123	0.52067
sRNA225	Gene148	0.57935
sRNA150	Gene21	0.58193
sRNA249	Gene2338	0.48676
sRNA140	Gene984	0.49883
sRNA276	Gene562	0.51906
sRNA77	Gene1410	0.53043
sRNA70	Gene487	0.5894
sRNA9	Gene640	0.56111
sRNA170	Gene1127	0.47973
sRNA141	Gene441	0.5813
sRNA222	Gene1833	0.48629
sRNA242	Gene48	0.51109
sRNA166	Gene535	0.51542
sRNA9	Gene2292	0.52534
sRNA46	Gene2789	0.54144
sRNA3	Gene4	0.57096
sRNA225	Gene1000	0.59379
sRNA301	Gene1997	0.45667
sRNA119	Gene2815	0.52299
sRNA50	Gene2458	0.53778
sRNA41	Gene109	0.56253
sRNA66	Gene2599	0.46548
sRNA90	Gene2426	0.54731
sRNA225	Gene8	0.56283
sRNA61	Gene1683	0.53874
sRNA124	Gene482	0.55298
sRNA112	Gene2149	0.58095
sRNA9	Gene763	0.48379
sRNA17	Gene2798	0.52962
sRNA38	Gene2698	0.57445
sRNA111	Gene465	0.53874
sRNA17	Gene1757	0.52626
sRNA224	Gene1601	0.59976
sRNA265	Gene354	0.47183
sRNA9	Gene2861	0.49357
sRNA50	Gene447	0.50568
sRNA12	Gene2703	0.55168
sRNA32	Gene310	0.55098
sRNA71	Gene1361	0.53662
sRNA9	Gene1327	0.49113
sRNA184	Gene2692	0.47075
sRNA111	Gene1115	0.55556
sRNA234	Gene1430	0.56368
sRNA207	Gene1626	0.54743
sRNA45	Gene63	0.53001
sRNA139	Gene1016	0.52421
sRNA139	Gene107	0.5535
sRNA50	Gene278	0.52107
sRNA133	Gene16	0.57335
sRNA68	Gene238	0.54596
sRNA28	Gene202	0.51175
sRNA164	Gene585	0.49001
sRNA9	Gene952	0.46625
sRNA144	Gene1876	0.51747
sRNA38	Gene2200	0.52906
sRNA154	Gene765	0.54151
sRNA9	Gene32	0.50579
sRNA50	Gene259	0.59756
sRNA32	Gene1857	0.56023
sRNA68	Gene2534	0.4718
sRNA127	Gene906	0.52414
sRNA216	Gene1550	0.53984
sRNA163	Gene2304	0.49401
sRNA140	Gene901	0.55871
sRNA9	Gene986	0.56854
sRNA37	Gene895	0.61265
sRNA88	Gene1645	0.53666
sRNA214	Gene1861	0.56416
sRNA242	Gene2335	0.5772
sRNA166	Gene1127	0.50854
sRNA125	Gene1761	0.59183
sRNA196	Gene938	0.47832
sRNA9	Gene2823	0.5368
sRNA9	Gene2156	0.56008
sRNA187	Gene1211	0.57693
sRNA223	Gene1725	0.61301
sRNA128	Gene2853	0.53597
sRNA24	Gene2000	0.44802
sRNA9	Gene2390	0.55953
sRNA112	Gene2790	0.55294
sRNA2	Gene2619	0.52822
sRNA64	Gene293	0.6077
sRNA141	Gene796	0.54778
sRNA152	Gene2646	0.54608
sRNA65	Gene2513	0.53569
sRNA69	Gene486	0.52882
sRNA140	Gene225	0.59357
sRNA247	Gene1849	0.48926
sRNA168	Gene1212	0.48444
sRNA103	Gene2412	0.52977
sRNA257	Gene2534	0.48145
sRNA11	Gene1283	0.57291
sRNA71	Gene212	0.56894
sRNA169	Gene945	0.51517
sRNA106	Gene862	0.57865
sRNA147	Gene225	0.53913
sRNA111	Gene462	0.54692
sRNA239	Gene662	0.51414
sRNA9	Gene2595	0.55563
sRNA47	Gene787	0.58729
sRNA3	Gene1750	0.49889
sRNA267	Gene1292	0.45218
sRNA29	Gene1252	0.55143
sRNA244	Gene1394	0.54453
sRNA165	Gene2190	0.47974
sRNA161	Gene560	0.55176
sRNA19	Gene2283	0.52393
sRNA187	Gene1686	0.57812
sRNA259	Gene647	0.46765
sRNA208	Gene153	0.54673
sRNA149	Gene2734	0.48075
sRNA95	Gene728	0.50331
sRNA152	Gene2647	0.5194
sRNA100	Gene1584	0.52326
sRNA158	Gene1876	0.48187
sRNA275	Gene2369	0.45644
sRNA19	Gene1542	0.52246
sRNA88	Gene176	0.52296
sRNA43	Gene269	0.52302
sRNA160	Gene972	0.55503
sRNA15	Gene423	0.4745
sRNA280	Gene552	0.49436
sRNA190	Gene1038	0.57454
sRNA112	Gene1950	0.5789
sRNA3	Gene232	0.55742
sRNA209	Gene192	0.5221
sRNA208	Gene1333	0.52834
sRNA200	Gene404	0.45706
sRNA189	Gene222	0.50365
sRNA77	Gene1662	0.53172
sRNA256	Gene111	0.50807
sRNA274	Gene1675	0.4717
sRNA9	Gene1197	0.46394
sRNA258	Gene98	0.49593
sRNA9	Gene2463	0.55184
sRNA9	Gene19	0.58395
sRNA3	Gene1362	0.49186
sRNA9	Gene2102	0.54854
sRNA287	Gene1823	0.49972
sRNA9	Gene611	0.55086
sRNA5	Gene1648	0.46656
sRNA59	Gene2033	0.53253
sRNA77	Gene2606	0.58227
sRNA163	Gene2463	0.58724
sRNA170	Gene1648	0.54621
sRNA177	Gene1324	0.55444
sRNA34	Gene1826	0.47525
sRNA83	Gene1925	0.58095
sRNA79	Gene356	0.54551
sRNA213	Gene1444	0.54593
sRNA184	Gene529	0.47085
sRNA287	Gene845	0.51637
sRNA62	Gene297	0.55142
sRNA56	Gene2342	0.45614
sRNA85	Gene245	0.465
sRNA217	Gene1600	0.5046
sRNA172	Gene2165	0.47319
sRNA185	Gene2724	0.47432
sRNA240	Gene201	0.53919
sRNA125	Gene2712	0.56255
sRNA127	Gene2486	0.52738
sRNA58	Gene2441	0.45632
sRNA215	Gene1343	0.49964
sRNA169	Gene2166	0.52552
sRNA96	Gene1563	0.49842
sRNA108	Gene513	0.52611
sRNA276	Gene1395	0.55907
sRNA249	Gene329	0.51463
sRNA100	Gene519	0.56867
sRNA113	Gene1925	0.48721
sRNA168	Gene86	0.5001
sRNA79	Gene2461	0.50861
sRNA203	Gene148	0.51115
sRNA2	Gene2509	0.53984
sRNA237	Gene1780	0.52394
sRNA108	Gene138	0.52273
sRNA43	Gene2386	0.52236
sRNA227	Gene2513	0.56102
sRNA244	Gene786	0.54587
sRNA58	Gene2515	0.45201
sRNA52	Gene1015	0.57907
sRNA243	Gene1718	0.53944
sRNA195	Gene1955	0.505
sRNA78	Gene91	0.51282
sRNA150	Gene990	0.57284
sRNA162	Gene678	0.53492
sRNA166	Gene1774	0.47651
sRNA72	Gene518	0.54896
sRNA267	Gene455	0.52118
sRNA53	Gene1239	0.53882
sRNA142	Gene1222	0.54488
sRNA9	Gene1683	0.45472
sRNA64	Gene260	0.57233
sRNA75	Gene2233	0.52544
sRNA141	Gene295	0.54057
sRNA123	Gene2680	0.54243
sRNA225	Gene1272	0.57327
sRNA33	Gene1678	0.54705
sRNA107	Gene2095	0.53044
sRNA216	Gene1481	0.49518
sRNA184	Gene953	0.48239
sRNA247	Gene742	0.45595
sRNA3	Gene1054	0.45193
sRNA178	Gene2312	0.53232
sRNA89	Gene976	0.50097
sRNA208	Gene1953	0.487
sRNA79	Gene2605	0.54623
sRNA257	Gene1438	0.52693
sRNA35	Gene1373	0.53204
sRNA158	Gene2133	0.56512
sRNA9	Gene366	0.51729
sRNA38	Gene1158	0.61129
sRNA104	Gene319	0.53193
sRNA181	Gene2118	0.54115
sRNA169	Gene2562	0.50662
sRNA235	Gene968	0.56032
sRNA179	Gene1806	0.44818
sRNA50	Gene1974	0.55215
sRNA57	Gene1968	0.47603
sRNA10	Gene1019	0.53223
sRNA102	Gene2687	0.48869
sRNA9	Gene1891	0.48638
sRNA20	Gene440	0.55333
sRNA236	Gene1682	0.55925
sRNA220	Gene1554	0.49411
sRNA233	Gene1627	0.56839
sRNA95	Gene770	0.53429
sRNA197	Gene1288	0.54792
sRNA158	Gene2063	0.52621
sRNA87	Gene1280	0.55392
sRNA44	Gene2	0.4999
sRNA33	Gene461	0.51154
sRNA204	Gene474	0.49651
sRNA174	Gene2713	0.51236
sRNA222	Gene661	0.50233
sRNA56	Gene404	0.50537
sRNA90	Gene2386	0.51041
sRNA69	Gene64	0.49373
sRNA193	Gene1609	0.48759
sRNA139	Gene952	0.52162
sRNA115	Gene672	0.53909
sRNA60	Gene297	0.54434
sRNA152	Gene725	0.54871
sRNA187	Gene2628	0.53938
sRNA72	Gene339	0.55769
sRNA28	Gene351	0.55463
sRNA236	Gene162	0.53767
sRNA157	Gene1049	0.55514
sRNA157	Gene444	0.51826
sRNA72	Gene1888	0.54006
sRNA165	Gene2421	0.46114
sRNA227	Gene697	0.51645
sRNA2	Gene2503	0.50588
sRNA165	Gene145	0.4756
sRNA2	Gene2602	0.53889
sRNA9	Gene757	0.57445
sRNA198	Gene201	0.45959
sRNA9	Gene1051	0.53362
sRNA186	Gene97	0.54445
sRNA77	Gene1760	0.54685
sRNA19	Gene992	0.56454
sRNA9	Gene1678	0.53417
sRNA9	Gene856	0.55972
sRNA220	Gene1025	0.52399
sRNA193	Gene1982	0.50541
sRNA48	Gene816	0.59584
sRNA209	Gene142	0.56397
sRNA48	Gene833	0.57392
sRNA65	Gene2570	0.53214
sRNA157	Gene987	0.51351
sRNA9	Gene1203	0.54268
sRNA244	Gene1788	0.49674
sRNA84	Gene1321	0.58047
sRNA141	Gene639	0.5402
sRNA224	Gene768	0.60467
sRNA113	Gene900	0.51821
sRNA126	Gene574	0.52454
sRNA135	Gene2524	0.51252
sRNA113	Gene693	0.52716
sRNA65	Gene1004	0.57649
sRNA144	Gene991	0.49609
sRNA9	Gene2098	0.52616
sRNA201	Gene1627	0.46946
sRNA198	Gene1934	0.46451
sRNA161	Gene1096	0.49681
sRNA197	Gene1420	0.53712
sRNA218	Gene2340	0.56201
sRNA9	Gene237	0.54049
sRNA77	Gene2761	0.57117
sRNA223	Gene924	0.57555
sRNA9	Gene1136	0.56124
sRNA29	Gene324	0.552
sRNA213	Gene1838	0.52522
sRNA23	Gene458	0.51944
sRNA202	Gene487	0.52532
sRNA143	Gene1153	0.55749
sRNA87	Gene1439	0.5257
sRNA235	Gene2743	0.56095
sRNA285	Gene2448	0.486
sRNA39	Gene2475	0.52865
sRNA68	Gene2713	0.51786
sRNA212	Gene131	0.54124
sRNA247	Gene1097	0.48165
sRNA9	Gene1420	0.54478
sRNA109	Gene2252	0.55809
sRNA255	Gene774	0.45283
sRNA19	Gene1387	0.5328
sRNA129	Gene2643	0.54178
sRNA9	Gene2709	0.48696
sRNA239	Gene2632	0.51179
sRNA52	Gene658	0.6026
sRNA233	Gene85	0.58921
sRNA56	Gene2675	0.51473
sRNA100	Gene2636	0.52827
sRNA9	Gene1222	0.5592
sRNA225	Gene1032	0.55965
sRNA106	Gene1372	0.50459
sRNA189	Gene2100	0.52586
sRNA80	Gene1592	0.55999
sRNA126	Gene857	0.49504
sRNA6	Gene2814	0.48525
sRNA173	Gene945	0.51122
sRNA9	Gene230	0.55431
sRNA32	Gene1097	0.49254
sRNA150	Gene2335	0.57043
sRNA56	Gene1376	0.48393
sRNA196	Gene1371	0.44628
sRNA50	Gene1360	0.47115
sRNA8	Gene692	0.51202
sRNA76	Gene2280	0.55408
sRNA181	Gene653	0.52035
sRNA257	Gene2146	0.48527
sRNA124	Gene1586	0.53513
sRNA50	Gene2518	0.55224
sRNA113	Gene1786	0.52573
sRNA71	Gene353	0.57218
sRNA79	Gene219	0.53741
sRNA101	Gene242	0.54549
sRNA208	Gene40	0.44989
sRNA49	Gene2053	0.55403
sRNA86	Gene1505	0.59042
sRNA148	Gene1165	0.56183
sRNA41	Gene2438	0.53272
sRNA3	Gene182	0.55364
sRNA196	Gene2242	0.45102
sRNA128	Gene1394	0.53093
sRNA50	Gene786	0.58053
sRNA135	Gene862	0.52286
sRNA136	Gene1225	0.51871
sRNA187	Gene540	0.54425
sRNA50	Gene647	0.50671
sRNA32	Gene1710	0.5156
sRNA264	Gene1189	0.52167
sRNA151	Gene658	0.56803
sRNA237	Gene2488	0.50386
sRNA227	Gene2672	0.49472
sRNA160	Gene949	0.54823
sRNA187	Gene2114	0.56333
sRNA50	Gene697	0.45999
sRNA9	Gene550	0.48695
sRNA91	Gene2462	0.4985
sRNA87	Gene1884	0.54922
sRNA166	Gene28	0.50269
sRNA136	Gene85	0.55658
sRNA209	Gene1057	0.50723
sRNA275	Gene373	0.47195
sRNA289	Gene1115	0.51153
sRNA9	Gene2605	0.49106
sRNA31	Gene2475	0.47432
sRNA76	Gene657	0.57263
sRNA109	Gene1887	0.53521
sRNA220	Gene703	0.549
sRNA9	Gene1855	0.50709
sRNA227	Gene343	0.55661
sRNA46	Gene2109	0.54194
sRNA168	Gene1564	0.46259
sRNA131	Gene770	0.51015
sRNA104	Gene2527	0.48195
sRNA42	Gene2491	0.57993
sRNA265	Gene750	0.49583
sRNA133	Gene1539	0.47789
sRNA8	Gene11	0.50869
sRNA28	Gene2841	0.4747
sRNA172	Gene2831	0.4731
sRNA65	Gene1599	0.53879
sRNA72	Gene499	0.50258
sRNA72	Gene1140	0.52739
sRNA81	Gene1374	0.51178
sRNA165	Gene2801	0.46063
sRNA232	Gene1807	0.46298
sRNA175	Gene479	0.46006
sRNA147	Gene512	0.5304
sRNA4	Gene2593	0.45273
sRNA220	Gene2617	0.58263
sRNA20	Gene2199	0.55108
sRNA162	Gene2799	0.49146
sRNA51	Gene1451	0.55877
sRNA12	Gene1115	0.5728
sRNA162	Gene974	0.53058
sRNA62	Gene1104	0.55581
sRNA151	Gene900	0.57666
sRNA9	Gene2703	0.55926
sRNA90	Gene2453	0.54136
sRNA180	Gene352	0.51558
sRNA267	Gene156	0.47162
sRNA260	Gene611	0.49917
sRNA140	Gene1352	0.51121
sRNA44	Gene951	0.51029
sRNA28	Gene2191	0.49251
sRNA59	Gene118	0.57004
sRNA151	Gene2813	0.54599
sRNA113	Gene475	0.47842
sRNA150	Gene1573	0.52313
sRNA89	Gene1707	0.53452
sRNA95	Gene96	0.49919
sRNA57	Gene1623	0.49636
sRNA241	Gene770	0.54846
sRNA220	Gene1453	0.60995
sRNA209	Gene2394	0.52411
sRNA26	Gene235	0.54106
sRNA50	Gene2563	0.55819
sRNA19	Gene2254	0.55864
sRNA233	Gene1281	0.53032
sRNA176	Gene2122	0.48496
sRNA50	Gene234	0.57034
sRNA9	Gene2510	0.48868
sRNA47	Gene1685	0.51277
sRNA145	Gene2590	0.50008
sRNA9	Gene2711	0.50847
sRNA158	Gene894	0.56209
sRNA29	Gene103	0.56407
sRNA199	Gene1158	0.55173
sRNA129	Gene724	0.55396
sRNA3	Gene278	0.50832
sRNA32	Gene490	0.56324
sRNA32	Gene935	0.55583
sRNA196	Gene519	0.45314
sRNA170	Gene2570	0.51904
sRNA9	Gene374	0.49255
sRNA98	Gene97	0.56499
sRNA173	Gene1217	0.5052
sRNA92	Gene167	0.53815
sRNA173	Gene1359	0.53005
sRNA83	Gene2360	0.56193
sRNA41	Gene1251	0.53938
sRNA117	Gene1350	0.56352
sRNA113	Gene336	0.52289
sRNA194	Gene2441	0.55942
sRNA9	Gene1809	0.51045
sRNA240	Gene794	0.56335
sRNA147	Gene1516	0.52501
sRNA92	Gene1606	0.48403
sRNA3	Gene467	0.57291
sRNA32	Gene1102	0.55832
sRNA70	Gene483	0.56159
sRNA141	Gene233	0.53303
sRNA140	Gene615	0.56685
sRNA33	Gene967	0.52773
sRNA123	Gene2470	0.45011
sRNA244	Gene1753	0.51841
sRNA79	Gene2063	0.49747
sRNA9	Gene813	0.48822
sRNA69	Gene1653	0.44575
sRNA145	Gene2348	0.53696
sRNA29	Gene2163	0.47765
sRNA6	Gene2146	0.46842
sRNA32	Gene2777	0.5161
sRNA242	Gene2406	0.53534
sRNA68	Gene1569	0.54085
sRNA165	Gene457	0.53159
sRNA176	Gene2798	0.53092
sRNA9	Gene1254	0.56973
sRNA59	Gene2507	0.54799
sRNA101	Gene1257	0.5297
sRNA108	Gene1360	0.52272
sRNA103	Gene915	0.55394
sRNA50	Gene809	0.55257
sRNA200	Gene885	0.49608
sRNA90	Gene1690	0.51289
sRNA122	Gene245	0.52517
sRNA245	Gene1207	0.52774
sRNA9	Gene1742	0.47252
sRNA50	Gene1330	0.57608
sRNA135	Gene1426	0.55581
sRNA65	Gene1594	0.51699
sRNA46	Gene2080	0.5396
sRNA183	Gene1687	0.45851
sRNA9	Gene2413	0.51439
sRNA88	Gene41	0.48725
sRNA185	Gene2100	0.51681
sRNA131	Gene333	0.55329
sRNA36	Gene1651	0.49884
sRNA124	Gene1685	0.5835
sRNA131	Gene1816	0.57864
sRNA9	Gene1784	0.50218
sRNA40	Gene2611	0.48173
sRNA112	Gene23	0.54695
sRNA164	Gene911	0.46881
sRNA243	Gene1984	0.54995
sRNA201	Gene2673	0.52495
sRNA174	Gene616	0.52615
sRNA79	Gene1535	0.50521
sRNA205	Gene1005	0.45201
sRNA132	Gene2484	0.52822
sRNA178	Gene376	0.54812
sRNA170	Gene2566	0.51014
sRNA131	Gene2765	0.538
sRNA52	Gene655	0.58888
sRNA180	Gene74	0.50209
sRNA150	Gene2699	0.5969
sRNA50	Gene2192	0.53183
sRNA189	Gene970	0.51649
sRNA67	Gene763	0.50631
sRNA146	Gene2570	0.53939
sRNA230	Gene565	0.50258
sRNA108	Gene210	0.51815
sRNA157	Gene1246	0.56432
sRNA234	Gene1648	0.57954
sRNA39	Gene2314	0.56878
sRNA239	Gene1748	0.49084
sRNA107	Gene1264	0.51131
sRNA50	Gene203	0.52876
sRNA227	Gene292	0.55235
sRNA218	Gene574	0.52972
sRNA191	Gene941	0.51422
sRNA68	Gene2304	0.45398
sRNA7	Gene1812	0.5542
sRNA155	Gene2752	0.49128
sRNA122	Gene1605	0.50109
sRNA185	Gene748	0.48503
sRNA249	Gene1734	0.50634
sRNA7	Gene2536	0.56066
sRNA12	Gene856	0.54745
sRNA191	Gene2723	0.56012
sRNA150	Gene2260	0.44847
sRNA138	Gene1930	0.4981
sRNA11	Gene573	0.51328
sRNA231	Gene2404	0.52939
sRNA163	Gene2139	0.54958
sRNA162	Gene1409	0.50886
sRNA176	Gene752	0.54414
sRNA165	Gene1130	0.47286
sRNA8	Gene2744	0.47074
sRNA160	Gene558	0.56438
sRNA39	Gene111	0.60176
sRNA24	Gene1292	0.47546
sRNA235	Gene882	0.57125
sRNA113	Gene2530	0.46654
sRNA240	Gene2092	0.52722
sRNA109	Gene2158	0.53741
sRNA113	Gene1186	0.50412
sRNA210	Gene1221	0.48547
sRNA176	Gene2368	0.55698
sRNA160	Gene872	0.57316
sRNA93	Gene1798	0.54863
sRNA32	Gene2772	0.53039
sRNA47	Gene2752	0.49448
sRNA177	Gene214	0.49295
sRNA108	Gene2714	0.51599
sRNA266	Gene1517	0.47018
sRNA147	Gene559	0.54411
sRNA135	Gene1196	0.53905
sRNA196	Gene2269	0.45462
sRNA204	Gene1161	0.51054
sRNA160	Gene516	0.5605
sRNA140	Gene807	0.51
sRNA224	Gene812	0.57707
sRNA20	Gene1601	0.53706
sRNA9	Gene1396	0.48649
sRNA62	Gene2273	0.48485
sRNA194	Gene2571	0.54567
sRNA196	Gene720	0.46978
sRNA132	Gene295	0.5271
sRNA153	Gene146	0.51487
sRNA112	Gene797	0.56001
sRNA164	Gene2399	0.49344
sRNA123	Gene2586	0.54818
sRNA150	Gene2527	0.53683
sRNA33	Gene1595	0.53369
sRNA9	Gene1650	0.48868
sRNA235	Gene904	0.49908
sRNA9	Gene1751	0.47525
sRNA87	Gene2845	0.53642
sRNA242	Gene1252	0.51437
sRNA205	Gene651	0.51066
sRNA132	Gene2739	0.51047
sRNA52	Gene1965	0.62156
sRNA148	Gene906	0.56544
sRNA53	Gene1531	0.51142
sRNA40	Gene1495	0.47084
sRNA48	Gene1334	0.53096
sRNA84	Gene1189	0.56256
sRNA108	Gene494	0.50082
sRNA133	Gene1729	0.48972
sRNA67	Gene2691	0.49031
sRNA166	Gene295	0.48056
sRNA160	Gene1823	0.53283
sRNA92	Gene1126	0.51242
sRNA108	Gene1900	0.53675
sRNA32	Gene793	0.53008
sRNA111	Gene1324	0.51687
sRNA187	Gene1883	0.52042
sRNA124	Gene452	0.52592
sRNA48	Gene1968	0.49572
sRNA265	Gene1172	0.5101
sRNA125	Gene2551	0.54264
sRNA50	Gene609	0.55666
sRNA111	Gene531	0.57018
sRNA172	Gene1920	0.50274
sRNA87	Gene462	0.58244
sRNA38	Gene1720	0.59465
sRNA89	Gene1741	0.53332
sRNA90	Gene830	0.56639
sRNA147	Gene1669	0.54575
sRNA72	Gene1752	0.5517
sRNA87	Gene756	0.57946
sRNA76	Gene1450	0.54363
sRNA47	Gene1646	0.50006
sRNA134	Gene255	0.47979
sRNA35	Gene1573	0.57198
sRNA265	Gene2738	0.47215
sRNA162	Gene2506	0.55285
sRNA85	Gene2851	0.48646
sRNA207	Gene302	0.55805
sRNA112	Gene449	0.59158
sRNA265	Gene316	0.53193
sRNA198	Gene669	0.53719
sRNA235	Gene588	0.50482
sRNA38	Gene1973	0.55375
sRNA257	Gene1371	0.46007
sRNA191	Gene1176	0.49772
sRNA276	Gene2202	0.48107
sRNA9	Gene2740	0.46916
sRNA62	Gene364	0.46328
sRNA106	Gene2243	0.54398
sRNA215	Gene295	0.53329
sRNA244	Gene2494	0.51349
sRNA16	Gene926	0.49808
sRNA151	Gene1821	0.52109
sRNA42	Gene520	0.52345
sRNA131	Gene2081	0.49774
sRNA166	Gene2727	0.47703
sRNA40	Gene1506	0.50667
sRNA152	Gene2746	0.53223
sRNA41	Gene92	0.56221
sRNA141	Gene387	0.49408
sRNA9	Gene2702	0.54446
sRNA232	Gene256	0.53037
sRNA5	Gene253	0.54759
sRNA9	Gene2415	0.55955
sRNA44	Gene1675	0.50521
sRNA38	Gene1409	0.54911
sRNA249	Gene2560	0.47529
sRNA223	Gene843	0.61809
sRNA164	Gene1993	0.49022
sRNA26	Gene2855	0.53015
sRNA71	Gene2723	0.5529
sRNA226	Gene2083	0.50378
sRNA207	Gene1782	0.54497
sRNA173	Gene1106	0.46644
sRNA50	Gene2703	0.5573
sRNA261	Gene2112	0.5239
sRNA277	Gene1728	0.48848
sRNA31	Gene2516	0.46966
sRNA210	Gene2800	0.49643
sRNA204	Gene257	0.504
sRNA9	Gene1653	0.48729
sRNA143	Gene570	0.56504
sRNA65	Gene2522	0.54651
sRNA162	Gene313	0.50327
sRNA35	Gene2628	0.54967
sRNA242	Gene1969	0.51948
sRNA179	Gene1123	0.51473
sRNA237	Gene460	0.55861
sRNA119	Gene268	0.50261
sRNA9	Gene2	0.58089
sRNA141	Gene414	0.54604
sRNA111	Gene2583	0.50509
sRNA205	Gene393	0.50795
sRNA96	Gene1151	0.51861
sRNA47	Gene1488	0.51303
sRNA239	Gene2787	0.51888
sRNA222	Gene1755	0.52733
sRNA197	Gene2661	0.47861
sRNA14	Gene361	0.52375
sRNA65	Gene505	0.58156
sRNA267	Gene833	0.45657
sRNA93	Gene2031	0.52042
sRNA98	Gene582	0.53572
sRNA63	Gene319	0.52894
sRNA159	Gene1264	0.54454
sRNA125	Gene2146	0.57483
sRNA197	Gene859	0.53305
sRNA234	Gene418	0.59094
sRNA257	Gene1025	0.51703
sRNA220	Gene632	0.57705
sRNA133	Gene223	0.58378
sRNA227	Gene1572	0.52685
sRNA158	Gene911	0.50371
sRNA60	Gene1905	0.47282
sRNA53	Gene2309	0.51422
sRNA260	Gene1094	0.50675
sRNA9	Gene377	0.56972
sRNA267	Gene1707	0.45116
sRNA220	Gene1213	0.53951
sRNA1	Gene2830	0.49544
sRNA167	Gene215	0.55567
sRNA112	Gene1944	0.57539
sRNA124	Gene328	0.54289
sRNA241	Gene2796	0.538
sRNA158	Gene2713	0.54359
sRNA9	Gene2600	0.49581
sRNA155	Gene322	0.5544
sRNA240	Gene2061	0.57234
sRNA147	Gene403	0.51236
sRNA101	Gene2537	0.55139
sRNA231	Gene2516	0.48168
sRNA74	Gene1150	0.51685
sRNA9	Gene529	0.46422
sRNA116	Gene516	0.54778
sRNA139	Gene909	0.5241
sRNA229	Gene966	0.54994
sRNA194	Gene772	0.53857
sRNA53	Gene2769	0.51257
sRNA173	Gene14	0.49608
sRNA50	Gene520	0.52963
sRNA168	Gene915	0.50718
sRNA141	Gene1222	0.53428
sRNA141	Gene51	0.46109
sRNA197	Gene2637	0.5643
sRNA97	Gene2094	0.49473
sRNA269	Gene2364	0.46148
sRNA98	Gene2343	0.52339
sRNA259	Gene2687	0.45821
sRNA97	Gene2704	0.51996
sRNA201	Gene2234	0.49944
sRNA233	Gene2498	0.53889
sRNA135	Gene529	0.5421
sRNA130	Gene1061	0.53314
sRNA220	Gene573	0.5905
sRNA111	Gene1117	0.56065
sRNA83	Gene1255	0.56965
sRNA98	Gene2843	0.53236
sRNA86	Gene1757	0.56869
sRNA69	Gene1130	0.48675
sRNA229	Gene860	0.537
sRNA129	Gene908	0.56282
sRNA197	Gene334	0.56541
sRNA147	Gene1938	0.56282
sRNA48	Gene2855	0.51913
sRNA213	Gene412	0.56224
sRNA82	Gene1018	0.53017
sRNA48	Gene1313	0.52995
sRNA170	Gene2248	0.52395
sRNA85	Gene167	0.48547
sRNA177	Gene1645	0.57057
sRNA93	Gene1891	0.47883
sRNA177	Gene2251	0.53566
sRNA78	Gene509	0.56679
sRNA14	Gene1617	0.50678
sRNA9	Gene574	0.56462
sRNA19	Gene1554	0.53695
sRNA3	Gene1617	0.49816
sRNA116	Gene379	0.48868
sRNA50	Gene1172	0.55778
sRNA245	Gene1412	0.52018
sRNA116	Gene2104	0.53684
sRNA160	Gene2568	0.50526
sRNA37	Gene1658	0.55831
sRNA87	Gene66	0.54655
sRNA9	Gene589	0.55473
sRNA9	Gene1615	0.46869
sRNA90	Gene2226	0.55591
sRNA50	Gene2015	0.47415
sRNA234	Gene1369	0.57527
sRNA224	Gene354	0.57453
sRNA160	Gene353	0.5294
sRNA139	Gene2571	0.52779
sRNA31	Gene779	0.49671
sRNA80	Gene294	0.55268
sRNA61	Gene2181	0.57905
sRNA146	Gene514	0.51459
sRNA157	Gene1047	0.57291
sRNA60	Gene1367	0.53593
sRNA59	Gene1192	0.57726
sRNA130	Gene743	0.51677
sRNA46	Gene1696	0.58832
sRNA30	Gene2304	0.48357
sRNA50	Gene1234	0.50612
sRNA67	Gene1587	0.50036
sRNA174	Gene1015	0.47957
sRNA224	Gene522	0.55198
sRNA87	Gene2616	0.55798
sRNA24	Gene2831	0.46918
sRNA115	Gene1202	0.5415
sRNA220	Gene1625	0.60113
sRNA71	Gene739	0.5892
sRNA152	Gene1489	0.50195
sRNA84	Gene1501	0.54092
sRNA214	Gene2245	0.46529
sRNA9	Gene1234	0.56272
sRNA258	Gene622	0.49602
sRNA140	Gene2102	0.53045
sRNA245	Gene243	0.5604
sRNA205	Gene1505	0.49589
sRNA1	Gene902	0.52194
sRNA9	Gene635	0.54562
sRNA46	Gene194	0.56171
sRNA148	Gene1207	0.48058
sRNA19	Gene1786	0.54718
sRNA50	Gene2744	0.55799
sRNA126	Gene2769	0.48143
sRNA255	Gene226	0.4585
sRNA52	Gene457	0.59324
sRNA95	Gene229	0.50856
sRNA150	Gene2799	0.53607
sRNA19	Gene2172	0.54799
sRNA170	Gene1152	0.50502
sRNA210	Gene1948	0.48156
sRNA50	Gene2352	0.6065
sRNA186	Gene2124	0.52712
sRNA180	Gene2745	0.52581
sRNA17	Gene1720	0.52004
sRNA247	Gene2250	0.49479
sRNA234	Gene1682	0.54542
sRNA214	Gene71	0.52688
sRNA40	Gene1828	0.54095
sRNA108	Gene1439	0.54195
sRNA247	Gene1217	0.48692
sRNA43	Gene1751	0.47325
sRNA9	Gene176	0.49724
sRNA97	Gene47	0.50248
sRNA74	Gene93	0.53593
sRNA168	Gene2427	0.49227
sRNA10	Gene383	0.57902
sRNA9	Gene1769	0.54818
sRNA97	Gene2594	0.48709
sRNA179	Gene1516	0.46123
sRNA50	Gene478	0.56246
sRNA97	Gene1250	0.47793
sRNA53	Gene2098	0.52537
sRNA186	Gene799	0.53338
sRNA125	Gene1128	0.53304
sRNA159	Gene2724	0.53917
sRNA47	Gene2515	0.50009
sRNA125	Gene597	0.59409
sRNA103	Gene1065	0.49207
sRNA9	Gene658	0.4558
sRNA48	Gene1659	0.51928
sRNA236	Gene1946	0.5637
sRNA189	Gene1379	0.48503
sRNA140	Gene578	0.56088
sRNA9	Gene2768	0.48553
sRNA191	Gene2349	0.50883
sRNA10	Gene1349	0.55304
sRNA190	Gene140	0.55181
sRNA232	Gene2779	0.47644
sRNA232	Gene1654	0.47974
sRNA209	Gene184	0.55992
sRNA174	Gene2758	0.47432
sRNA19	Gene2725	0.56797
sRNA245	Gene2505	0.5717
sRNA153	Gene1185	0.55021
sRNA140	Gene558	0.56
sRNA197	Gene957	0.52057
sRNA9	Gene1369	0.51366
sRNA40	Gene1023	0.48962
sRNA257	Gene1130	0.53122
sRNA16	Gene2541	0.49671
sRNA176	Gene2361	0.54442
sRNA211	Gene417	0.45173
sRNA6	Gene22	0.60599
sRNA111	Gene2571	0.58582
sRNA243	Gene1582	0.58118
sRNA282	Gene1580	0.49101
sRNA157	Gene1680	0.56357
sRNA190	Gene735	0.58816
sRNA158	Gene6	0.552
sRNA291	Gene2680	0.49135
sRNA9	Gene820	0.51122
sRNA32	Gene2493	0.46252
sRNA83	Gene920	0.52389
sRNA160	Gene1320	0.54037
sRNA216	Gene607	0.50737
sRNA285	Gene2458	0.48364
sRNA131	Gene178	0.57054
sRNA9	Gene1831	0.48095
sRNA31	Gene2564	0.47334
sRNA173	Gene2606	0.51194
sRNA97	Gene589	0.59411
sRNA171	Gene2658	0.49079
sRNA237	Gene456	0.50777
sRNA28	Gene1503	0.49213
sRNA62	Gene2225	0.47425
sRNA226	Gene1294	0.54943
sRNA187	Gene319	0.54491
sRNA208	Gene616	0.45222
sRNA188	Gene1889	0.52345
sRNA73	Gene848	0.49279
sRNA142	Gene757	0.53576
sRNA41	Gene661	0.54301
sRNA95	Gene1745	0.56958
sRNA227	Gene885	0.56358
sRNA9	Gene688	0.53359
sRNA124	Gene531	0.53713
sRNA9	Gene1820	0.56584
sRNA19	Gene1310	0.52289
sRNA146	Gene1576	0.53309
sRNA214	Gene1843	0.52057
sRNA234	Gene749	0.55225
sRNA92	Gene312	0.52636
sRNA181	Gene2607	0.56707
sRNA37	Gene1077	0.56915
sRNA9	Gene1778	0.50659
sRNA25	Gene892	0.50393
sRNA90	Gene667	0.54829
sRNA58	Gene2332	0.46682
sRNA244	Gene2513	0.53687
sRNA250	Gene1089	0.46642
sRNA11	Gene2506	0.53287
sRNA97	Gene263	0.4968
sRNA131	Gene1243	0.51118
sRNA169	Gene439	0.53282
sRNA87	Gene546	0.54328
sRNA47	Gene2381	0.55675
sRNA154	Gene2168	0.56978
sRNA44	Gene697	0.45222
sRNA151	Gene1017	0.5535
sRNA93	Gene382	0.50945
sRNA11	Gene957	0.50247
sRNA11	Gene404	0.53198
sRNA204	Gene1438	0.51542
sRNA139	Gene912	0.46546
sRNA162	Gene1206	0.57179
sRNA210	Gene40	0.46261
sRNA183	Gene507	0.5532
sRNA227	Gene2824	0.49729
sRNA184	Gene251	0.48209
sRNA156	Gene608	0.4959
sRNA278	Gene324	0.53482
sRNA101	Gene682	0.48948
sRNA197	Gene1093	0.54011
sRNA153	Gene1495	0.50956
sRNA9	Gene2351	0.53661
sRNA65	Gene2649	0.53146
sRNA163	Gene1478	0.54656
sRNA164	Gene1647	0.48298
sRNA97	Gene2319	0.48266
sRNA176	Gene1789	0.55365
sRNA236	Gene1371	0.57579
sRNA221	Gene2224	0.52866
sRNA258	Gene2551	0.47057
sRNA80	Gene648	0.50844
sRNA129	Gene601	0.56245
sRNA198	Gene1502	0.45098
sRNA204	Gene1869	0.49093
sRNA194	Gene1113	0.52638
sRNA9	Gene1799	0.49733
sRNA9	Gene918	0.47055
sRNA199	Gene364	0.54875
sRNA113	Gene705	0.52874
sRNA7	Gene1415	0.51244
sRNA112	Gene2532	0.53771
sRNA221	Gene1195	0.50226
sRNA64	Gene668	0.5609
sRNA34	Gene289	0.46757
sRNA170	Gene2086	0.53807
sRNA118	Gene2822	0.56457
sRNA43	Gene1591	0.49958
sRNA130	Gene1333	0.55034
sRNA190	Gene846	0.56385
sRNA9	Gene2777	0.58946
sRNA118	Gene1203	0.49492
sRNA202	Gene943	0.52952
sRNA51	Gene108	0.53555
sRNA37	Gene1960	0.55202
sRNA116	Gene1028	0.53861
sRNA176	Gene1384	0.5284
sRNA242	Gene1863	0.49213
sRNA149	Gene2340	0.48142
sRNA119	Gene269	0.54777
sRNA176	Gene437	0.48669
sRNA101	Gene2596	0.52681
sRNA31	Gene1860	0.49456
sRNA86	Gene2472	0.59007
sRNA101	Gene2717	0.54633
sRNA137	Gene872	0.4794
sRNA162	Gene2050	0.53368
sRNA43	Gene1958	0.47377
sRNA128	Gene1053	0.57766
sRNA80	Gene1398	0.48547
sRNA82	Gene746	0.4706
sRNA160	Gene720	0.55848
sRNA209	Gene821	0.524
sRNA50	Gene1955	0.55673
sRNA126	Gene1043	0.51946
sRNA311	Gene2563	0.57349
sRNA245	Gene80	0.53335
sRNA127	Gene2221	0.50785
sRNA10	Gene2489	0.53936
sRNA104	Gene121	0.53536
sRNA185	Gene1223	0.48462
sRNA148	Gene617	0.51867
sRNA83	Gene1638	0.51744
sRNA13	Gene690	0.46601
sRNA118	Gene456	0.54551
sRNA9	Gene2468	0.54173
sRNA222	Gene262	0.44576
sRNA124	Gene1684	0.5763
sRNA243	Gene834	0.53559
sRNA152	Gene2815	0.54945
sRNA263	Gene766	0.52912
sRNA79	Gene2588	0.51141
sRNA15	Gene531	0.52401
sRNA9	Gene1320	0.55804
sRNA199	Gene2206	0.54346
sRNA19	Gene2106	0.59307
sRNA37	Gene198	0.56748
sRNA74	Gene2294	0.5207
sRNA23	Gene2206	0.52582
sRNA126	Gene1225	0.50922
sRNA267	Gene587	0.46734
sRNA153	Gene2691	0.50055
sRNA201	Gene1775	0.52201
sRNA76	Gene2651	0.52037
sRNA172	Gene1055	0.53966
sRNA207	Gene2521	0.54999
sRNA224	Gene2535	0.59149
sRNA25	Gene2575	0.4552
sRNA172	Gene1630	0.51816
sRNA6	Gene1424	0.49582
sRNA224	Gene1188	0.5809
sRNA101	Gene1126	0.53111
sRNA38	Gene123	0.58855
sRNA218	Gene2441	0.55529
sRNA55	Gene857	0.60382
sRNA170	Gene573	0.52591
sRNA47	Gene1020	0.48943
sRNA50	Gene914	0.53624
sRNA9	Gene892	0.51498
sRNA25	Gene481	0.6127
sRNA39	Gene449	0.58632
sRNA213	Gene2231	0.51052
sRNA108	Gene847	0.50617
sRNA236	Gene2001	0.55305
sRNA201	Gene312	0.50778
sRNA3	Gene2453	0.5621
sRNA153	Gene2854	0.52686
sRNA36	Gene421	0.56364
sRNA126	Gene268	0.52617
sRNA9	Gene1004	0.5691
sRNA176	Gene1287	0.57224
sRNA240	Gene2035	0.54565
sRNA249	Gene2814	0.47139
sRNA139	Gene1483	0.52144
sRNA7	Gene2685	0.5876
sRNA164	Gene1111	0.50564
sRNA226	Gene1072	0.55591
sRNA117	Gene658	0.57967
sRNA209	Gene505	0.53643
sRNA224	Gene2148	0.55865
sRNA71	Gene775	0.61517
sRNA54	Gene455	0.45368
sRNA153	Gene1323	0.51759
sRNA169	Gene1093	0.52481
sRNA34	Gene49	0.53855
sRNA129	Gene615	0.52996
sRNA50	Gene2291	0.50487
sRNA158	Gene2449	0.50244
sRNA206	Gene2224	0.5159
sRNA186	Gene975	0.55226
sRNA212	Gene1216	0.5447
sRNA124	Gene2196	0.55683
sRNA120	Gene1188	0.55457
sRNA32	Gene630	0.51917
sRNA213	Gene2082	0.49109
sRNA9	Gene2036	0.5025
sRNA196	Gene2864	0.46188
sRNA283	Gene636	0.47261
sRNA283	Gene1753	0.45482
sRNA223	Gene661	0.59996
sRNA18	Gene426	0.55569
sRNA33	Gene2489	0.51376
sRNA64	Gene383	0.60175
sRNA111	Gene2651	0.52269
sRNA144	Gene453	0.46787
sRNA147	Gene2447	0.55911
sRNA211	Gene560	0.51975
sRNA157	Gene807	0.54802
sRNA33	Gene1001	0.50232
sRNA133	Gene1832	0.49543
sRNA165	Gene503	0.51535
sRNA242	Gene1473	0.51662
sRNA50	Gene2668	0.53157
sRNA53	Gene13	0.51791
sRNA95	Gene327	0.50168
sRNA149	Gene1599	0.51247
sRNA26	Gene1248	0.50911
sRNA9	Gene1667	0.50631
sRNA9	Gene935	0.55785
sRNA19	Gene2193	0.53605
sRNA23	Gene2078	0.46998
sRNA20	Gene2561	0.57306
sRNA238	Gene1338	0.5146
sRNA68	Gene2815	0.51521
sRNA52	Gene1860	0.54255
sRNA46	Gene2730	0.54662
sRNA249	Gene1512	0.49194
sRNA36	Gene2139	0.52676
sRNA258	Gene1422	0.50938
sRNA186	Gene298	0.56688
sRNA240	Gene1323	0.57652
sRNA125	Gene1690	0.5572
sRNA92	Gene1025	0.53313
sRNA61	Gene743	0.50159
sRNA64	Gene552	0.61061
sRNA234	Gene1471	0.57223
sRNA38	Gene1560	0.60556
sRNA287	Gene567	0.51765
sRNA86	Gene344	0.57136
sRNA140	Gene624	0.51075
sRNA119	Gene890	0.49971
sRNA229	Gene1114	0.49568
sRNA160	Gene2206	0.59366
sRNA24	Gene59	0.47997
sRNA160	Gene1225	0.54583
sRNA166	Gene765	0.49357
sRNA17	Gene1690	0.51692
sRNA226	Gene636	0.48912
sRNA159	Gene2442	0.53944
sRNA82	Gene1025	0.54689
sRNA163	Gene2323	0.56444
sRNA186	Gene985	0.55187
sRNA164	Gene685	0.4782
sRNA249	Gene922	0.47249
sRNA220	Gene1768	0.54597
sRNA9	Gene1260	0.49512
sRNA208	Gene2428	0.49235
sRNA52	Gene1681	0.5629
sRNA165	Gene6	0.53332
sRNA50	Gene918	0.52762
sRNA77	Gene771	0.59697
sRNA49	Gene2423	0.54214
sRNA68	Gene1942	0.55856
sRNA22	Gene1002	0.52558
sRNA109	Gene1622	0.55067
sRNA133	Gene2466	0.50888
sRNA24	Gene2576	0.46737
sRNA180	Gene1395	0.53125
sRNA143	Gene1178	0.57013
sRNA9	Gene1185	0.58222
sRNA47	Gene2167	0.47579
sRNA83	Gene1220	0.51762
sRNA50	Gene1656	0.57975
sRNA37	Gene450	0.58258
sRNA213	Gene1793	0.56011
sRNA163	Gene1375	0.57421
sRNA164	Gene784	0.45665
sRNA142	Gene477	0.45587
sRNA37	Gene1158	0.61939
sRNA87	Gene2529	0.5409
sRNA216	Gene2811	0.54365
sRNA208	Gene240	0.50772
sRNA124	Gene1620	0.5923
sRNA174	Gene1137	0.524
sRNA187	Gene2527	0.53721
sRNA169	Gene1327	0.53874
sRNA288	Gene1202	0.55006
sRNA159	Gene226	0.51828
sRNA193	Gene1957	0.51697
sRNA86	Gene507	0.59007
sRNA249	Gene300	0.49588
sRNA9	Gene998	0.47474
sRNA269	Gene1812	0.46705
sRNA130	Gene256	0.54252
sRNA153	Gene423	0.5514
sRNA135	Gene493	0.50824
sRNA277	Gene623	0.45885
sRNA211	Gene1138	0.49902
sRNA18	Gene1623	0.47801
sRNA232	Gene27	0.46291
sRNA66	Gene1583	0.44833
sRNA26	Gene480	0.53872
sRNA267	Gene2696	0.4577
sRNA144	Gene1795	0.5361
sRNA169	Gene289	0.53634
sRNA153	Gene1742	0.52032
sRNA118	Gene318	0.47436
sRNA180	Gene199	0.50922
sRNA90	Gene915	0.52566
sRNA295	Gene1003	0.47813
sRNA209	Gene153	0.57218
sRNA224	Gene60	0.59152
sRNA87	Gene1289	0.56448
sRNA126	Gene606	0.52055
sRNA33	Gene891	0.56049
sRNA9	Gene1038	0.55464
sRNA131	Gene1934	0.53785
sRNA9	Gene1235	0.56677
sRNA68	Gene1585	0.5067
sRNA224	Gene39	0.59804
sRNA116	Gene1694	0.54564
sRNA189	Gene196	0.4766
sRNA233	Gene1564	0.53761
sRNA152	Gene354	0.54253
sRNA46	Gene1827	0.55852
sRNA274	Gene1984	0.46004
sRNA109	Gene963	0.48879
sRNA48	Gene2104	0.60168
sRNA91	Gene2550	0.46905
sRNA71	Gene474	0.5999
sRNA70	Gene2388	0.56829
sRNA65	Gene631	0.51872
sRNA224	Gene97	0.58255
sRNA227	Gene407	0.53548
sRNA106	Gene738	0.5128
sRNA9	Gene1188	0.54187
sRNA139	Gene1229	0.51521
sRNA238	Gene1817	0.47756
sRNA244	Gene1544	0.53596
sRNA182	Gene2119	0.51324
sRNA40	Gene2580	0.50023
sRNA212	Gene310	0.51106
sRNA208	Gene542	0.51457
sRNA175	Gene498	0.50651
sRNA181	Gene2613	0.55847
sRNA50	Gene2185	0.53758
sRNA235	Gene1404	0.51457
sRNA198	Gene2706	0.48048
sRNA77	Gene1448	0.57128
sRNA163	Gene1681	0.58384
sRNA65	Gene1678	0.54085
sRNA26	Gene342	0.49272
sRNA264	Gene922	0.54406
sRNA50	Gene875	0.55689
sRNA62	Gene49	0.56732
sRNA209	Gene2481	0.51128
sRNA50	Gene431	0.55208
sRNA105	Gene1108	0.50683
sRNA111	Gene2809	0.53544
sRNA155	Gene1376	0.45288
sRNA152	Gene2727	0.44708
sRNA212	Gene794	0.5152
sRNA231	Gene1561	0.53646
sRNA56	Gene444	0.49773
sRNA109	Gene216	0.55697
sRNA272	Gene705	0.51876
sRNA215	Gene927	0.49389
sRNA50	Gene2097	0.56208
sRNA50	Gene1068	0.49012
sRNA163	Gene1823	0.56351
sRNA9	Gene1107	0.56554
sRNA90	Gene2636	0.54587
sRNA77	Gene907	0.58968
sRNA229	Gene2285	0.47569
sRNA117	Gene786	0.54189
sRNA4	Gene1338	0.45854
sRNA148	Gene693	0.5512
sRNA5	Gene1733	0.50913
sRNA154	Gene2094	0.57838
sRNA9	Gene1593	0.47984
sRNA54	Gene934	0.48852
sRNA9	Gene278	0.47316
sRNA174	Gene1084	0.46695
sRNA71	Gene782	0.55886
sRNA50	Gene2565	0.56927
sRNA153	Gene750	0.58106
sRNA193	Gene1448	0.50992
sRNA79	Gene249	0.47944
sRNA242	Gene216	0.50108
sRNA236	Gene2000	0.56096
sRNA214	Gene985	0.51336
sRNA59	Gene1501	0.57738
sRNA220	Gene330	0.55529
sRNA106	Gene1034	0.55542
sRNA162	Gene1046	0.53441
sRNA183	Gene2609	0.56073
sRNA234	Gene1898	0.57132
sRNA126	Gene1686	0.49745
sRNA92	Gene196	0.5068
sRNA90	Gene136	0.54251
sRNA228	Gene755	0.50574
sRNA65	Gene454	0.53935
sRNA97	Gene1839	0.49965
sRNA216	Gene1874	0.50231
sRNA9	Gene525	0.54846
sRNA131	Gene125	0.50296
sRNA223	Gene1249	0.58183
sRNA46	Gene94	0.56519
sRNA96	Gene1441	0.48931
sRNA60	Gene1594	0.52446
sRNA193	Gene714	0.53273
sRNA165	Gene1428	0.4609
sRNA52	Gene1154	0.61401
sRNA119	Gene28	0.54695
sRNA169	Gene486	0.50403
sRNA220	Gene2562	0.55124
sRNA164	Gene1392	0.47525
sRNA205	Gene438	0.46639
sRNA199	Gene1624	0.58221
sRNA51	Gene571	0.57516
sRNA118	Gene1845	0.50417
sRNA71	Gene1601	0.59294
sRNA50	Gene1695	0.52186
sRNA226	Gene1908	0.53382
sRNA44	Gene73	0.50599
sRNA183	Gene966	0.56276
sRNA53	Gene2078	0.5184
sRNA70	Gene1005	0.56935
sRNA176	Gene98	0.56607
sRNA224	Gene865	0.60304
sRNA104	Gene1703	0.48342
sRNA9	Gene66	0.49525
sRNA274	Gene2817	0.49159
sRNA255	Gene260	0.45141
sRNA199	Gene2699	0.55845
sRNA9	Gene1783	0.5409
sRNA144	Gene1360	0.52311
sRNA172	Gene627	0.47807
sRNA78	Gene194	0.57732
sRNA51	Gene1665	0.58799
sRNA164	Gene1565	0.45017
sRNA97	Gene2646	0.55737
sRNA198	Gene787	0.51056
sRNA236	Gene802	0.55179
sRNA9	Gene3	0.53809
sRNA12	Gene1069	0.55557
sRNA132	Gene1215	0.48056
sRNA77	Gene1102	0.59696
sRNA233	Gene2236	0.57091
sRNA283	Gene1591	0.46825
sRNA26	Gene2699	0.5075
sRNA14	Gene1780	0.47787
sRNA134	Gene793	0.53744
sRNA2	Gene1405	0.52616
sRNA30	Gene320	0.48464
sRNA31	Gene2739	0.51749
sRNA166	Gene1370	0.49114
sRNA250	Gene817	0.45688
sRNA90	Gene740	0.51798
sRNA197	Gene298	0.49362
sRNA166	Gene1850	0.49108
sRNA43	Gene2504	0.4741
sRNA145	Gene2372	0.50798
sRNA108	Gene1607	0.5297
sRNA97	Gene757	0.57416
sRNA83	Gene2236	0.55461
sRNA176	Gene452	0.50834
sRNA3	Gene440	0.46567
sRNA134	Gene145	0.5424
sRNA52	Gene272	0.5407
sRNA205	Gene2294	0.47837
sRNA4	Gene1759	0.46161
sRNA123	Gene2292	0.49167
sRNA218	Gene2731	0.57044
sRNA3	Gene2153	0.51829
sRNA220	Gene862	0.54529
sRNA185	Gene584	0.48247
sRNA26	Gene595	0.5126
sRNA213	Gene2270	0.49232
sRNA11	Gene2724	0.50902
sRNA125	Gene816	0.55446
sRNA59	Gene2265	0.60683
sRNA139	Gene642	0.52076
sRNA283	Gene183	0.4757
sRNA174	Gene1145	0.53007
sRNA76	Gene1975	0.54883
sRNA9	Gene487	0.5694
sRNA20	Gene1035	0.52718
sRNA130	Gene1410	0.57429
sRNA24	Gene2116	0.46265
sRNA191	Gene563	0.48283
sRNA214	Gene1600	0.55755
sRNA32	Gene681	0.51139
sRNA68	Gene2269	0.49951
sRNA167	Gene764	0.53262
sRNA196	Gene1128	0.46088
sRNA95	Gene2214	0.55608
sRNA129	Gene2767	0.56991
sRNA134	Gene906	0.54728
sRNA48	Gene2337	0.56741
sRNA124	Gene2843	0.53793
sRNA247	Gene1227	0.48503
sRNA75	Gene2423	0.57411
sRNA108	Gene1643	0.53416
sRNA175	Gene71	0.52631
sRNA54	Gene1418	0.46477
sRNA159	Gene930	0.52358
sRNA133	Gene832	0.56611
sRNA231	Gene2545	0.52575
sRNA224	Gene2590	0.59585
sRNA209	Gene529	0.56777
sRNA90	Gene1443	0.55888
sRNA111	Gene1177	0.50201
sRNA18	Gene421	0.53302
sRNA142	Gene1039	0.50415
sRNA195	Gene1997	0.50187
sRNA183	Gene2076	0.47804
sRNA18	Gene2714	0.50455
sRNA227	Gene1484	0.48904
sRNA160	Gene2328	0.54734
sRNA141	Gene1582	0.55079
sRNA43	Gene1485	0.48731
sRNA239	Gene1104	0.52326
sRNA101	Gene1953	0.49572
sRNA129	Gene2519	0.56227
sRNA146	Gene2848	0.52367
sRNA236	Gene2725	0.54699
sRNA199	Gene2254	0.5749
sRNA50	Gene1796	0.53261
sRNA165	Gene2518	0.50373
sRNA101	Gene1533	0.53865
sRNA164	Gene654	0.48188
sRNA9	Gene1128	0.49993
sRNA32	Gene2398	0.48869
sRNA251	Gene524	0.46337
sRNA30	Gene2631	0.48516
sRNA29	Gene297	0.57043
sRNA229	Gene1203	0.53375
sRNA236	Gene640	0.56965
sRNA151	Gene2576	0.48097
sRNA75	Gene67	0.50541
sRNA96	Gene2228	0.48598
sRNA51	Gene1086	0.59786
sRNA209	Gene1431	0.53478
sRNA127	Gene2499	0.52673
sRNA158	Gene1611	0.51752
sRNA9	Gene1338	0.44669
sRNA28	Gene1113	0.53543
sRNA116	Gene485	0.55226
sRNA109	Gene427	0.51572
sRNA166	Gene1922	0.48065
sRNA35	Gene1979	0.51977
sRNA124	Gene2439	0.57301
sRNA50	Gene2722	0.48785
sRNA76	Gene2481	0.5658
sRNA50	Gene2057	0.49912
sRNA9	Gene927	0.51065
sRNA223	Gene1710	0.58014
sRNA245	Gene1969	0.54369
sRNA68	Gene1234	0.48053
sRNA278	Gene133	0.47274
sRNA50	Gene1516	0.58884
sRNA129	Gene1369	0.56894
sRNA233	Gene1134	0.52638
sRNA213	Gene2550	0.52136
sRNA70	Gene1974	0.53694
sRNA20	Gene1970	0.56205
sRNA31	Gene1780	0.49749
sRNA50	Gene1287	0.50318
sRNA55	Gene2267	0.56055
sRNA229	Gene2484	0.53473
sRNA127	Gene2566	0.50454
sRNA50	Gene715	0.49139
sRNA136	Gene921	0.50506
sRNA75	Gene2636	0.48889
sRNA213	Gene32	0.52731
sRNA201	Gene560	0.49238
sRNA40	Gene1423	0.49745
sRNA69	Gene2712	0.47415
sRNA109	Gene2236	0.54633
sRNA166	Gene2416	0.49755
sRNA1	Gene1997	0.50078
sRNA142	Gene626	0.53661
sRNA101	Gene563	0.56192
sRNA52	Gene2589	0.56351
sRNA32	Gene576	0.55121
sRNA9	Gene2660	0.48823
sRNA317	Gene2509	0.45368
sRNA68	Gene1752	0.45802
sRNA184	Gene320	0.46934
sRNA70	Gene601	0.57526
sRNA34	Gene1227	0.50003
sRNA60	Gene1593	0.4888
sRNA135	Gene654	0.52709
sRNA200	Gene1632	0.48482
sRNA73	Gene2168	0.49791
sRNA9	Gene676	0.46886
sRNA68	Gene246	0.48782
sRNA25	Gene1595	0.53122
sRNA208	Gene1146	0.4861
sRNA170	Gene1052	0.48792
sRNA117	Gene1228	0.53067
sRNA25	Gene2465	0.52421
sRNA226	Gene170	0.54224
sRNA117	Gene203	0.56858
sRNA38	Gene2568	0.54959
sRNA160	Gene1482	0.547
sRNA180	Gene1591	0.50342
sRNA240	Gene1975	0.55878
sRNA247	Gene1694	0.49129
sRNA78	Gene2456	0.54573
sRNA127	Gene1192	0.55393
sRNA62	Gene961	0.50948
sRNA9	Gene1874	0.56165
sRNA16	Gene1811	0.49615
sRNA131	Gene267	0.58448
sRNA146	Gene500	0.54262
sRNA65	Gene442	0.59494
sRNA64	Gene2702	0.58494
sRNA76	Gene1118	0.57366
sRNA95	Gene1148	0.51239
sRNA175	Gene1293	0.49855
sRNA154	Gene552	0.59863
sRNA111	Gene2310	0.54259
sRNA149	Gene325	0.49803
sRNA276	Gene566	0.53026
sRNA16	Gene1050	0.52608
sRNA240	Gene2787	0.55327
sRNA164	Gene1206	0.51572
sRNA67	Gene1045	0.45996
sRNA198	Gene286	0.51754
sRNA9	Gene104	0.47891
sRNA246	Gene1898	0.53054
sRNA245	Gene231	0.53739
sRNA123	Gene2561	0.49167
sRNA291	Gene1355	0.48458
sRNA101	Gene2000	0.50722
sRNA236	Gene504	0.54108
sRNA86	Gene2383	0.57305
sRNA177	Gene1158	0.5317
sRNA233	Gene1641	0.5764
sRNA48	Gene460	0.57946
sRNA226	Gene2274	0.47496
sRNA95	Gene2133	0.54849
sRNA42	Gene1142	0.54992
sRNA232	Gene1028	0.46997
sRNA183	Gene692	0.50837
sRNA9	Gene2270	0.54867
sRNA71	Gene1645	0.53159
sRNA115	Gene376	0.56045
sRNA62	Gene1140	0.47218
sRNA50	Gene1107	0.52172
sRNA108	Gene1930	0.57404
sRNA9	Gene2331	0.53889
sRNA9	Gene1370	0.47941
sRNA147	Gene707	0.55913
sRNA9	Gene1835	0.57438
sRNA79	Gene684	0.54934
sRNA88	Gene2671	0.51714
sRNA173	Gene321	0.50669
sRNA206	Gene2820	0.51187
sRNA151	Gene1120	0.56041
sRNA76	Gene346	0.53578
sRNA9	Gene2383	0.55934
sRNA72	Gene2552	0.50641
sRNA17	Gene1584	0.52163
sRNA207	Gene226	0.56163
sRNA9	Gene417	0.54632
sRNA59	Gene1556	0.58773
sRNA189	Gene2081	0.48391
sRNA89	Gene2396	0.50801
sRNA224	Gene1362	0.55949
sRNA170	Gene1863	0.53599
sRNA245	Gene1051	0.55042
sRNA9	Gene912	0.56899
sRNA233	Gene168	0.52201
sRNA106	Gene559	0.53948
sRNA103	Gene2554	0.52508
sRNA178	Gene761	0.54189
sRNA33	Gene2319	0.50614
sRNA155	Gene201	0.51078
sRNA276	Gene2534	0.55932
sRNA146	Gene319	0.53109
sRNA77	Gene470	0.58039
sRNA159	Gene393	0.53226
sRNA245	Gene1109	0.55372
sRNA87	Gene777	0.56187
sRNA153	Gene341	0.50653
sRNA221	Gene1884	0.55432
sRNA86	Gene508	0.57973
sRNA75	Gene2094	0.53061
sRNA224	Gene1147	0.57171
sRNA9	Gene1421	0.49434
sRNA181	Gene1657	0.57255
sRNA45	Gene2361	0.53258
sRNA199	Gene1343	0.56121
sRNA155	Gene1797	0.46851
sRNA264	Gene2713	0.51588
sRNA150	Gene1127	0.53793
sRNA154	Gene339	0.60363
sRNA145	Gene644	0.52435
sRNA82	Gene573	0.5436
sRNA24	Gene108	0.45312
sRNA3	Gene2256	0.48248
sRNA34	Gene2176	0.5104
sRNA180	Gene1716	0.51865
sRNA259	Gene2814	0.45936
sRNA68	Gene725	0.54518
sRNA14	Gene1124	0.53475
sRNA75	Gene2250	0.51502
sRNA95	Gene106	0.54553
sRNA185	Gene2372	0.46238
sRNA168	Gene1089	0.46959
sRNA148	Gene2704	0.56676
sRNA141	Gene2008	0.55546
sRNA176	Gene2745	0.57163
sRNA98	Gene2351	0.48436
sRNA50	Gene2756	0.55999
sRNA48	Gene1579	0.54919
sRNA9	Gene1143	0.53502
sRNA209	Gene1535	0.52824
sRNA9	Gene1754	0.4613
sRNA66	Gene2393	0.49842
sRNA158	Gene1471	0.56969
sRNA90	Gene427	0.53585
sRNA255	Gene2078	0.4791
sRNA81	Gene2744	0.49698
sRNA128	Gene1858	0.52807
sRNA130	Gene1865	0.54547
sRNA37	Gene2360	0.6086
sRNA220	Gene2399	0.56076
sRNA46	Gene1664	0.58717
sRNA56	Gene2429	0.45961
sRNA112	Gene865	0.56413
sRNA207	Gene1425	0.54683
sRNA48	Gene1009	0.48402
sRNA90	Gene2605	0.47831
sRNA224	Gene1727	0.60177
sRNA187	Gene1320	0.51695
sRNA237	Gene117	0.49999
sRNA65	Gene870	0.58119
sRNA160	Gene1918	0.52364
sRNA6	Gene1298	0.45848
sRNA105	Gene361	0.53759
sRNA138	Gene2817	0.46979
sRNA152	Gene687	0.53622
sRNA46	Gene484	0.53403
sRNA56	Gene777	0.46263
sRNA196	Gene2619	0.46161
sRNA139	Gene8	0.52211
sRNA135	Gene1702	0.53805
sRNA126	Gene192	0.52059
sRNA10	Gene2347	0.59905
sRNA101	Gene591	0.54866
sRNA152	Gene301	0.50957
sRNA9	Gene492	0.52986
sRNA206	Gene186	0.538
sRNA157	Gene2107	0.57498
sRNA142	Gene969	0.53225
sRNA50	Gene2055	0.48639
sRNA162	Gene2244	0.56785
sRNA127	Gene2323	0.53388
sRNA117	Gene193	0.54679
sRNA38	Gene355	0.57379
sRNA150	Gene527	0.54803
sRNA45	Gene474	0.55634
sRNA191	Gene2168	0.5653
sRNA24	Gene2411	0.4646
sRNA222	Gene1900	0.50528
sRNA214	Gene1933	0.55192
sRNA132	Gene1732	0.47851
sRNA69	Gene1361	0.45939
sRNA208	Gene605	0.48436
sRNA173	Gene274	0.49442
sRNA213	Gene1670	0.51999
sRNA186	Gene2335	0.54886
sRNA202	Gene409	0.49205
sRNA9	Gene35	0.51655
sRNA9	Gene339	0.52688
sRNA9	Gene731	0.53871
sRNA157	Gene1205	0.51988
sRNA110	Gene874	0.52957
sRNA87	Gene2396	0.55719
sRNA123	Gene552	0.52305
sRNA183	Gene2113	0.54881
sRNA68	Gene979	0.47956
sRNA170	Gene619	0.48042
sRNA47	Gene1329	0.48329
sRNA35	Gene249	0.4891
sRNA113	Gene2311	0.49249
sRNA149	Gene795	0.46665
sRNA245	Gene1618	0.47798
sRNA45	Gene2719	0.52486
sRNA19	Gene691	0.57089
sRNA1	Gene2718	0.50521
sRNA279	Gene234	0.44927
sRNA235	Gene253	0.56812
sRNA178	Gene966	0.53728
sRNA166	Gene2193	0.45534
sRNA140	Gene882	0.54036
sRNA233	Gene928	0.56686
sRNA240	Gene2385	0.54645
sRNA143	Gene867	0.53981
sRNA237	Gene2745	0.5537
sRNA7	Gene1951	0.55358
sRNA12	Gene2405	0.54732
sRNA79	Gene1586	0.53529
sRNA51	Gene90	0.54765
sRNA177	Gene1785	0.57918
sRNA133	Gene111	0.59737
sRNA216	Gene2032	0.45689
sRNA106	Gene1848	0.49059
sRNA166	Gene195	0.47556
sRNA174	Gene290	0.4797
sRNA9	Gene448	0.49755
sRNA227	Gene1044	0.58278
sRNA51	Gene2712	0.54964
sRNA172	Gene2220	0.5203
sRNA208	Gene2503	0.54399
sRNA101	Gene395	0.53449
sRNA202	Gene114	0.5141
sRNA86	Gene73	0.55766
sRNA183	Gene328	0.54344
sRNA147	Gene2518	0.50941
sRNA51	Gene1876	0.54105
sRNA176	Gene1739	0.50113
sRNA276	Gene1722	0.57979
sRNA93	Gene1097	0.53308
sRNA172	Gene1207	0.51012
sRNA172	Gene1625	0.49444
sRNA68	Gene2510	0.53677
sRNA40	Gene2391	0.5072
sRNA220	Gene1475	0.57286
sRNA131	Gene2484	0.54083
sRNA38	Gene796	0.59701
sRNA83	Gene564	0.56983
sRNA197	Gene658	0.56526
sRNA9	Gene2325	0.47305
sRNA162	Gene2116	0.55079
sRNA59	Gene793	0.5721
sRNA223	Gene1486	0.56934
sRNA48	Gene1903	0.57912
sRNA214	Gene2121	0.58421
sRNA177	Gene717	0.53477
sRNA176	Gene525	0.55708
sRNA11	Gene982	0.48599
sRNA36	Gene1626	0.50999
sRNA36	Gene1827	0.46565
sRNA214	Gene1069	0.54467
sRNA140	Gene9	0.57025
sRNA88	Gene2088	0.54122
sRNA257	Gene2206	0.47334
sRNA243	Gene239	0.57045
sRNA212	Gene157	0.53941
sRNA9	Gene407	0.50523
sRNA145	Gene2228	0.53809
sRNA3	Gene1988	0.54229
sRNA9	Gene1119	0.53305
sRNA155	Gene1136	0.4878
sRNA166	Gene1099	0.48399
sRNA178	Gene1912	0.5124
sRNA72	Gene384	0.52102
sRNA180	Gene647	0.52913
sRNA93	Gene1401	0.49699
sRNA177	Gene1401	0.5588
sRNA32	Gene2220	0.53575
sRNA233	Gene469	0.53415
sRNA214	Gene1003	0.57723
sRNA33	Gene588	0.55412
sRNA50	Gene1577	0.5251
sRNA257	Gene676	0.51977
sRNA84	Gene2237	0.59854
sRNA10	Gene862	0.55092
sRNA3	Gene746	0.49574
sRNA163	Gene1854	0.56165
sRNA141	Gene1997	0.52143
sRNA11	Gene58	0.48734
sRNA30	Gene2586	0.50991
sRNA9	Gene2427	0.5559
sRNA169	Gene792	0.49202
sRNA169	Gene2621	0.59711
sRNA176	Gene77	0.54624
sRNA220	Gene2033	0.54391
sRNA191	Gene819	0.50134
sRNA9	Gene1712	0.56171
sRNA26	Gene1733	0.52305
sRNA210	Gene523	0.50032
sRNA135	Gene2461	0.54914
sRNA177	Gene2575	0.52744
sRNA162	Gene55	0.5665
sRNA118	Gene118	0.47777
sRNA3	Gene1660	0.46313
sRNA49	Gene1070	0.53554
sRNA72	Gene61	0.5557
sRNA183	Gene1626	0.5255
sRNA162	Gene2173	0.56031
sRNA45	Gene1672	0.514
sRNA221	Gene2182	0.58066
sRNA80	Gene1740	0.50537
sRNA132	Gene920	0.48244
sRNA257	Gene1406	0.50689
sRNA163	Gene437	0.45673
sRNA24	Gene289	0.47018
sRNA86	Gene1225	0.58108
sRNA3	Gene1216	0.55213
sRNA53	Gene2423	0.50852
sRNA139	Gene73	0.54499
sRNA141	Gene265	0.51924
sRNA26	Gene1605	0.45819
sRNA30	Gene1720	0.47782
sRNA249	Gene1796	0.49907
sRNA197	Gene233	0.53744
sRNA3	Gene1624	0.47329
sRNA53	Gene1477	0.53001
sRNA52	Gene1933	0.58918
sRNA135	Gene1891	0.46801
sRNA72	Gene288	0.49592
sRNA60	Gene2024	0.52328
sRNA9	Gene1448	0.4872
sRNA220	Gene379	0.57318
sRNA145	Gene622	0.57108
sRNA66	Gene755	0.47528
sRNA39	Gene2561	0.55329
sRNA247	Gene2745	0.51267
sRNA233	Gene468	0.53444
sRNA211	Gene1948	0.44791
sRNA80	Gene525	0.52674
sRNA158	Gene176	0.53612
sRNA88	Gene794	0.52217
sRNA190	Gene659	0.57863
sRNA3	Gene605	0.52086
sRNA189	Gene2759	0.53028
sRNA176	Gene2519	0.56745
sRNA92	Gene1746	0.52299
sRNA109	Gene2482	0.5438
sRNA139	Gene1700	0.55046
sRNA71	Gene1278	0.53879
sRNA267	Gene2751	0.45793
sRNA9	Gene2174	0.52229
sRNA93	Gene561	0.57593
sRNA101	Gene2718	0.52799
sRNA135	Gene161	0.52788
sRNA193	Gene899	0.47414
sRNA122	Gene1500	0.50044
sRNA74	Gene907	0.45987
sRNA33	Gene1518	0.50577
sRNA224	Gene1372	0.55251
sRNA225	Gene146	0.57937
sRNA201	Gene503	0.46694
sRNA130	Gene510	0.57115
sRNA50	Gene792	0.48173
sRNA48	Gene2003	0.52295
sRNA21	Gene2243	0.50971
sRNA50	Gene2053	0.51409
sRNA9	Gene1729	0.48456
sRNA224	Gene1267	0.5587
sRNA141	Gene1791	0.52011
sRNA218	Gene2153	0.52521
sRNA7	Gene780	0.59029
sRNA112	Gene291	0.57481
sRNA187	Gene483	0.56958
sRNA243	Gene1265	0.52818
sRNA278	Gene118	0.4656
sRNA6	Gene2584	0.54513
sRNA206	Gene647	0.52006
sRNA67	Gene2230	0.52177
sRNA122	Gene1374	0.52546
sRNA76	Gene1310	0.49651
sRNA198	Gene630	0.45361
sRNA87	Gene1314	0.54502
sRNA257	Gene2796	0.55219
sRNA62	Gene1914	0.47051
sRNA50	Gene2121	0.57984
sRNA225	Gene1881	0.48614
sRNA223	Gene1856	0.55386
sRNA51	Gene2622	0.54445
sRNA89	Gene1681	0.50675
sRNA172	Gene242	0.52558
sRNA193	Gene2661	0.47074
sRNA57	Gene1379	0.50847
sRNA101	Gene1311	0.5107
sRNA143	Gene1873	0.56977
sRNA216	Gene35	0.57044
sRNA6	Gene1265	0.50443
sRNA197	Gene2566	0.51806
sRNA172	Gene1058	0.48113
sRNA40	Gene1987	0.52994
sRNA159	Gene1762	0.5464
sRNA185	Gene2074	0.50141
sRNA160	Gene2635	0.5248
sRNA85	Gene1023	0.49773
sRNA183	Gene2772	0.56198
sRNA46	Gene1034	0.54559
sRNA9	Gene1888	0.454
sRNA170	Gene552	0.54627
sRNA207	Gene1452	0.56458
sRNA233	Gene2071	0.53745
sRNA60	Gene1627	0.53764
sRNA214	Gene918	0.55098
sRNA9	Gene2229	0.54604
sRNA95	Gene532	0.56629
sRNA9	Gene1069	0.52916
sRNA118	Gene2047	0.52259
sRNA50	Gene2339	0.48285
sRNA147	Gene1728	0.54581
sRNA178	Gene2145	0.509
sRNA68	Gene1451	0.53186
sRNA240	Gene293	0.53284
sRNA208	Gene2686	0.49411
sRNA90	Gene2144	0.57576
sRNA180	Gene442	0.53887
sRNA317	Gene1279	0.45087
sRNA103	Gene2572	0.54677
sRNA72	Gene89	0.52163
sRNA101	Gene1287	0.57445
sRNA142	Gene148	0.53085
sRNA56	Gene498	0.53868
sRNA142	Gene2476	0.52645
sRNA50	Gene880	0.54766
sRNA9	Gene646	0.49197
sRNA151	Gene2077	0.53123
sRNA59	Gene2576	0.49756
sRNA107	Gene59	0.54806
sRNA9	Gene177	0.47567
sRNA96	Gene451	0.50508
sRNA59	Gene1494	0.54279
sRNA164	Gene2482	0.4686
sRNA9	Gene1550	0.56778
sRNA47	Gene1651	0.4994
sRNA3	Gene1087	0.57218
sRNA10	Gene517	0.53758
sRNA52	Gene2712	0.59665
sRNA80	Gene303	0.511
sRNA77	Gene1233	0.56365
sRNA214	Gene313	0.59225
sRNA53	Gene670	0.50735
sRNA28	Gene906	0.53429
sRNA50	Gene650	0.55495
sRNA118	Gene114	0.58287
sRNA162	Gene2577	0.57848
sRNA79	Gene1902	0.53522
sRNA221	Gene412	0.51034
sRNA184	Gene1191	0.49101
sRNA56	Gene1158	0.47336
sRNA157	Gene2088	0.55057
sRNA93	Gene2696	0.50548
sRNA204	Gene1930	0.53184
sRNA187	Gene1106	0.53147
sRNA169	Gene2475	0.52905
sRNA154	Gene1796	0.57149
sRNA226	Gene1111	0.52022
sRNA9	Gene2284	0.51888
sRNA165	Gene583	0.51946
sRNA41	Gene16	0.54416
sRNA56	Gene2579	0.52218
sRNA193	Gene2682	0.50348
sRNA163	Gene1535	0.57468
sRNA130	Gene2622	0.53787
sRNA250	Gene589	0.46741
sRNA97	Gene784	0.52618
sRNA265	Gene1003	0.51482
sRNA128	Gene2660	0.51326
sRNA197	Gene1338	0.51245
sRNA95	Gene1067	0.57947
sRNA106	Gene2012	0.49927
sRNA239	Gene763	0.48893
sRNA152	Gene336	0.466
sRNA74	Gene1342	0.51769
sRNA240	Gene1606	0.57847
sRNA187	Gene1425	0.54284
sRNA69	Gene562	0.52229
sRNA140	Gene2367	0.50523
sRNA77	Gene1329	0.57067
sRNA122	Gene1607	0.55054
sRNA196	Gene999	0.47416
sRNA11	Gene1350	0.47878
sRNA224	Gene700	0.55157
sRNA157	Gene610	0.53988
sRNA176	Gene134	0.53625
sRNA249	Gene1532	0.50711
sRNA294	Gene1160	0.47207
sRNA224	Gene2583	0.57056
sRNA265	Gene2013	0.49419
sRNA14	Gene501	0.52456
sRNA27	Gene2503	0.45027
sRNA97	Gene2359	0.55982
sRNA229	Gene2162	0.5314
sRNA144	Gene1978	0.54983
sRNA24	Gene2209	0.47949
sRNA160	Gene2831	0.51002
sRNA111	Gene2217	0.57834
sRNA45	Gene1526	0.52824
sRNA105	Gene393	0.48204
sRNA245	Gene970	0.55706
sRNA43	Gene881	0.50778
sRNA81	Gene2817	0.55169
sRNA104	Gene841	0.48325
sRNA7	Gene48	0.5407
sRNA78	Gene2125	0.54231
sRNA50	Gene274	0.53849
sRNA181	Gene894	0.5674
sRNA38	Gene1609	0.58401
sRNA59	Gene1385	0.59293
sRNA71	Gene2068	0.56916
sRNA14	Gene1102	0.57118
sRNA3	Gene1642	0.45567
sRNA142	Gene922	0.5537
sRNA38	Gene1456	0.55042
sRNA108	Gene360	0.49596
sRNA184	Gene2352	0.45499
sRNA236	Gene297	0.52027
sRNA7	Gene283	0.49725
sRNA183	Gene1826	0.54444
sRNA7	Gene2395	0.5918
sRNA216	Gene1117	0.54675
sRNA106	Gene1801	0.54577
sRNA25	Gene1892	0.51894
sRNA222	Gene2854	0.48571
sRNA218	Gene701	0.56267
sRNA151	Gene2419	0.60436
sRNA181	Gene1696	0.55623
sRNA178	Gene1733	0.54301
sRNA180	Gene1690	0.56015
sRNA58	Gene706	0.47263
sRNA130	Gene2478	0.55428
sRNA246	Gene1447	0.50656
sRNA169	Gene200	0.55081
sRNA63	Gene2805	0.54176
sRNA141	Gene487	0.55399
sRNA9	Gene2345	0.52025
sRNA222	Gene1571	0.49255
sRNA98	Gene642	0.53028
sRNA150	Gene909	0.49599
sRNA9	Gene896	0.49115
sRNA136	Gene1793	0.53588
sRNA2	Gene1024	0.59385
sRNA233	Gene507	0.55965
sRNA61	Gene1340	0.51877
sRNA28	Gene2743	0.49534
sRNA113	Gene1292	0.50147
sRNA93	Gene1585	0.49364
sRNA229	Gene2013	0.47344
sRNA174	Gene1082	0.46982
sRNA32	Gene1154	0.52076
sRNA43	Gene293	0.46053
sRNA156	Gene1630	0.54212
sRNA50	Gene381	0.54372
sRNA104	Gene284	0.52666
sRNA4	Gene1830	0.45751
sRNA138	Gene383	0.48722
sRNA47	Gene2677	0.47863
sRNA3	Gene906	0.48297
sRNA2	Gene407	0.53316
sRNA90	Gene524	0.57489
sRNA43	Gene307	0.48198
sRNA160	Gene2253	0.58388
sRNA65	Gene1152	0.57021
sRNA138	Gene141	0.51518
sRNA50	Gene2381	0.49607
sRNA185	Gene2250	0.46531
sRNA50	Gene1787	0.56224
sRNA204	Gene2831	0.47924
sRNA52	Gene1489	0.52308
sRNA140	Gene782	0.57906
sRNA70	Gene355	0.5701
sRNA233	Gene739	0.57564
sRNA12	Gene682	0.55471
sRNA106	Gene1862	0.55834
sRNA98	Gene2128	0.495
sRNA9	Gene1877	0.45671
sRNA228	Gene350	0.49429
sRNA216	Gene97	0.5549
sRNA234	Gene1669	0.58638
sRNA32	Gene2050	0.48097
sRNA3	Gene972	0.60725
sRNA183	Gene1226	0.52571
sRNA8	Gene517	0.50099
sRNA207	Gene1148	0.56061
sRNA175	Gene543	0.51828
sRNA152	Gene1375	0.5301
sRNA37	Gene823	0.56485
sRNA224	Gene2565	0.59213
sRNA287	Gene1113	0.49952
sRNA130	Gene81	0.5843
sRNA86	Gene2443	0.57246
sRNA239	Gene2572	0.5474
sRNA52	Gene1435	0.56927
sRNA68	Gene1985	0.55059
sRNA125	Gene2556	0.53808
sRNA78	Gene268	0.5533
sRNA87	Gene1929	0.53821
sRNA232	Gene1950	0.49426
sRNA56	Gene1807	0.49213
sRNA248	Gene2076	0.45794
sRNA249	Gene2139	0.47659
sRNA32	Gene704	0.53144
sRNA157	Gene2223	0.57845
sRNA238	Gene856	0.50382
sRNA208	Gene1422	0.49846
sRNA142	Gene1269	0.52893
sRNA3	Gene1431	0.5
sRNA143	Gene1226	0.5562
sRNA50	Gene2326	0.4715
sRNA90	Gene824	0.49676
sRNA72	Gene1480	0.58184
sRNA157	Gene2707	0.56266
sRNA174	Gene181	0.50959
sRNA265	Gene474	0.49071
sRNA283	Gene196	0.50589
sRNA33	Gene759	0.57198
sRNA87	Gene1038	0.56524
sRNA111	Gene25	0.49864
sRNA9	Gene1236	0.56093
sRNA60	Gene2284	0.49611
sRNA170	Gene726	0.48838
sRNA187	Gene1470	0.51068
sRNA237	Gene2831	0.50223
sRNA244	Gene724	0.59077
sRNA76	Gene1615	0.57041
sRNA10	Gene95	0.59826
sRNA183	Gene1956	0.56066
sRNA180	Gene2409	0.49366
sRNA58	Gene918	0.45256
sRNA9	Gene17	0.53683
sRNA164	Gene697	0.44558
sRNA9	Gene2046	0.51046
sRNA50	Gene241	0.54694
sRNA137	Gene146	0.44664
sRNA80	Gene2126	0.48
sRNA49	Gene1707	0.57829
sRNA189	Gene804	0.46895
sRNA225	Gene458	0.548
sRNA151	Gene1570	0.5791
sRNA50	Gene532	0.56858
sRNA234	Gene2434	0.57019
sRNA243	Gene316	0.53708
sRNA115	Gene552	0.5397
sRNA45	Gene518	0.56058
sRNA190	Gene1766	0.56439
sRNA81	Gene704	0.4949
sRNA16	Gene9	0.5372
sRNA30	Gene2047	0.50329
sRNA227	Gene2766	0.58077
sRNA166	Gene1627	0.47755
sRNA212	Gene2499	0.55393
sRNA129	Gene419	0.57692
sRNA97	Gene222	0.57302
sRNA205	Gene1974	0.45999
sRNA189	Gene1609	0.52206
sRNA140	Gene2520	0.58973
sRNA9	Gene73	0.49323
sRNA305	Gene1924	0.52396
sRNA118	Gene914	0.53184
sRNA58	Gene1772	0.5207
sRNA59	Gene341	0.51288
sRNA2	Gene2146	0.52253
sRNA9	Gene1549	0.53914
sRNA50	Gene1763	0.51375
sRNA249	Gene707	0.48221
sRNA90	Gene1973	0.4924
sRNA152	Gene1105	0.59975
sRNA119	Gene270	0.50432
sRNA162	Gene1109	0.54326
sRNA190	Gene2459	0.55549
sRNA72	Gene1330	0.54048
sRNA9	Gene2393	0.50139
sRNA9	Gene2236	0.54882
sRNA3	Gene590	0.48025
sRNA245	Gene2757	0.53745
sRNA198	Gene980	0.49287
sRNA224	Gene2502	0.58829
sRNA143	Gene1283	0.56068
sRNA128	Gene1368	0.50655
sRNA32	Gene1931	0.47459
sRNA117	Gene1888	0.58988
sRNA191	Gene837	0.47031
sRNA189	Gene1348	0.49161
sRNA244	Gene1435	0.54187
sRNA130	Gene999	0.52898
sRNA86	Gene1990	0.54981
sRNA130	Gene1600	0.54338
sRNA50	Gene585	0.53507
sRNA236	Gene1010	0.55212
sRNA71	Gene685	0.56564
sRNA97	Gene2542	0.51164
sRNA198	Gene569	0.49634
sRNA16	Gene2409	0.52162
sRNA74	Gene2107	0.54807
sRNA201	Gene469	0.49876
sRNA92	Gene915	0.49141
sRNA230	Gene2604	0.48797
sRNA77	Gene258	0.52425
sRNA9	Gene2741	0.53316
sRNA19	Gene670	0.5625
sRNA242	Gene2146	0.5181
sRNA30	Gene1335	0.54289
sRNA277	Gene298	0.47793
sRNA236	Gene687	0.61758
sRNA183	Gene432	0.56083
sRNA163	Gene206	0.51191
sRNA9	Gene2151	0.4477
sRNA200	Gene2033	0.46141
sRNA146	Gene1038	0.54833
sRNA125	Gene782	0.59895
sRNA131	Gene1620	0.53851
sRNA43	Gene1983	0.49356
sRNA183	Gene2752	0.54156
sRNA247	Gene57	0.45734
sRNA97	Gene1097	0.55122
sRNA196	Gene696	0.47573
sRNA183	Gene2767	0.48894
sRNA96	Gene427	0.51052
sRNA117	Gene317	0.54661
sRNA134	Gene944	0.5645
sRNA167	Gene367	0.50088
sRNA199	Gene963	0.56939
sRNA43	Gene2407	0.49231
sRNA63	Gene2649	0.52393
sRNA85	Gene1855	0.50435
sRNA65	Gene403	0.51247
sRNA50	Gene2437	0.52254
sRNA212	Gene2456	0.52789
sRNA17	Gene697	0.50462
sRNA226	Gene1566	0.5288
sRNA77	Gene1744	0.5657
sRNA93	Gene1216	0.50137
sRNA228	Gene1101	0.47478
sRNA153	Gene2463	0.55834
sRNA141	Gene445	0.51276
sRNA165	Gene751	0.55308
sRNA214	Gene62	0.51968
sRNA139	Gene455	0.48229
sRNA50	Gene1062	0.50068
sRNA129	Gene2575	0.5377
sRNA96	Gene752	0.47919
sRNA197	Gene940	0.52361
sRNA281	Gene308	0.49441
sRNA222	Gene2412	0.47733
sRNA221	Gene2657	0.54612
sRNA185	Gene2281	0.45665
sRNA43	Gene1207	0.45987
sRNA57	Gene2118	0.46524
sRNA65	Gene644	0.55045
sRNA153	Gene1631	0.54346
sRNA182	Gene906	0.51338
sRNA9	Gene568	0.51756
sRNA250	Gene715	0.46306
sRNA229	Gene2519	0.51833
sRNA32	Gene2597	0.54825
sRNA161	Gene485	0.4649
sRNA106	Gene98	0.54538
sRNA157	Gene1576	0.54079
sRNA9	Gene2144	0.49348
sRNA4	Gene518	0.51337
sRNA233	Gene686	0.55627
sRNA219	Gene474	0.55556
sRNA210	Gene1114	0.45595
sRNA48	Gene1574	0.53098
sRNA257	Gene72	0.50203
sRNA236	Gene141	0.57205
sRNA204	Gene136	0.48506
sRNA214	Gene2324	0.54568
sRNA244	Gene1043	0.59253
sRNA29	Gene326	0.56514
sRNA176	Gene1229	0.57561
sRNA25	Gene2233	0.5407
sRNA70	Gene2179	0.57007
sRNA45	Gene2016	0.52051
sRNA249	Gene1810	0.5058
sRNA17	Gene1693	0.50157
sRNA285	Gene1494	0.47405
sRNA57	Gene1804	0.47777
sRNA247	Gene1019	0.47157
sRNA234	Gene1467	0.55727
sRNA31	Gene2329	0.47643
sRNA244	Gene2801	0.48391
sRNA135	Gene2692	0.55313
sRNA242	Gene1714	0.47961
sRNA67	Gene2137	0.52949
sRNA222	Gene402	0.50195
sRNA140	Gene2372	0.53209
sRNA9	Gene2369	0.52835
sRNA61	Gene2	0.53914
sRNA11	Gene2234	0.48276
sRNA149	Gene764	0.4688
sRNA57	Gene1812	0.48478
sRNA9	Gene2211	0.45995
sRNA9	Gene1093	0.58661
sRNA56	Gene1635	0.459
sRNA123	Gene1079	0.46661
sRNA133	Gene1443	0.52386
sRNA72	Gene1038	0.52677
sRNA80	Gene1406	0.47592
sRNA180	Gene1684	0.54616
sRNA326	Gene1755	0.4905
sRNA213	Gene295	0.50358
sRNA64	Gene384	0.57644
sRNA92	Gene1023	0.50303
sRNA79	Gene2392	0.54102
sRNA159	Gene2732	0.52908
sRNA146	Gene750	0.56654
sRNA265	Gene2412	0.45282
sRNA90	Gene495	0.53861
sRNA157	Gene153	0.53655
sRNA79	Gene1801	0.5269
sRNA9	Gene2268	0.51013
sRNA63	Gene2092	0.54626
sRNA77	Gene1216	0.55077
sRNA151	Gene2160	0.58698
sRNA197	Gene2445	0.49476
sRNA118	Gene808	0.53982
sRNA50	Gene1790	0.57135
sRNA275	Gene755	0.47422
sRNA122	Gene2486	0.53257
sRNA65	Gene2141	0.54115
sRNA186	Gene1659	0.54829
sRNA37	Gene551	0.61507
sRNA80	Gene2551	0.49085
sRNA220	Gene1893	0.56657
sRNA164	Gene2192	0.51478
sRNA125	Gene2582	0.57776
sRNA9	Gene2661	0.51795
sRNA69	Gene27	0.45528
sRNA201	Gene699	0.48486
sRNA86	Gene2620	0.60153
sRNA50	Gene1919	0.51489
sRNA50	Gene2112	0.52086
sRNA77	Gene133	0.57059
sRNA9	Gene1258	0.52024
sRNA220	Gene2213	0.55419
sRNA222	Gene2707	0.52927
sRNA112	Gene1315	0.56105
sRNA9	Gene1193	0.52557
sRNA95	Gene507	0.53007
sRNA87	Gene952	0.55116
sRNA220	Gene63	0.56158
sRNA141	Gene2561	0.54774
sRNA110	Gene816	0.51855
sRNA3	Gene2571	0.48855
sRNA122	Gene2461	0.502
sRNA58	Gene1292	0.52304
sRNA193	Gene951	0.52941
sRNA65	Gene2245	0.49994
sRNA76	Gene2344	0.51399
sRNA111	Gene1807	0.53249
sRNA198	Gene2499	0.45911
sRNA112	Gene2404	0.57296
sRNA128	Gene2507	0.52333
sRNA224	Gene1150	0.56596
sRNA246	Gene2053	0.47181
sRNA9	Gene140	0.5134
sRNA135	Gene2371	0.50697
sRNA152	Gene1376	0.51405
sRNA90	Gene1588	0.505
sRNA239	Gene2464	0.46674
sRNA123	Gene2457	0.55011
sRNA243	Gene1525	0.58156
sRNA165	Gene1767	0.51419
sRNA166	Gene2509	0.5132
sRNA31	Gene91	0.46641
sRNA201	Gene2620	0.51878
sRNA231	Gene1213	0.50154
sRNA131	Gene311	0.57352
sRNA74	Gene868	0.50555
sRNA145	Gene213	0.52895
sRNA100	Gene2353	0.57379
sRNA9	Gene1557	0.50462
sRNA91	Gene2295	0.47464
sRNA123	Gene2640	0.50621
sRNA58	Gene204	0.51452
sRNA87	Gene561	0.52933
sRNA184	Gene1054	0.47153
sRNA208	Gene1724	0.48695
sRNA28	Gene265	0.53552
sRNA101	Gene181	0.57196
sRNA59	Gene37	0.58692
sRNA142	Gene2229	0.56897
sRNA162	Gene819	0.5593
sRNA60	Gene263	0.52824
sRNA183	Gene2641	0.5175
sRNA207	Gene1316	0.52229
sRNA71	Gene752	0.60258
sRNA206	Gene871	0.53256
sRNA113	Gene1820	0.49869
sRNA142	Gene771	0.55846
sRNA224	Gene496	0.5177
sRNA96	Gene1869	0.48774
sRNA262	Gene2814	0.50833
sRNA50	Gene2173	0.51603
sRNA96	Gene2353	0.51106
sRNA68	Gene672	0.49528
sRNA84	Gene1147	0.57102
sRNA128	Gene1720	0.54162
sRNA180	Gene908	0.51608
sRNA197	Gene1459	0.56299
sRNA71	Gene1558	0.57885
sRNA37	Gene1470	0.54978
sRNA220	Gene333	0.56421
sRNA117	Gene974	0.57294
sRNA216	Gene1089	0.49789
sRNA9	Gene1627	0.52523
sRNA9	Gene1201	0.53215
sRNA135	Gene1605	0.48114
sRNA9	Gene1607	0.51168
sRNA38	Gene2575	0.60553
sRNA51	Gene454	0.51729
sRNA108	Gene305	0.53376
sRNA154	Gene2050	0.54741
sRNA50	Gene132	0.53036
sRNA153	Gene2141	0.57155
sRNA50	Gene1634	0.57334
sRNA9	Gene905	0.51088
sRNA194	Gene135	0.52293
sRNA72	Gene737	0.5176
sRNA25	Gene660	0.56231
sRNA158	Gene152	0.55159
sRNA257	Gene464	0.55439
sRNA249	Gene2122	0.4854
sRNA151	Gene82	0.48658
sRNA49	Gene288	0.54041
sRNA134	Gene2338	0.55706
sRNA185	Gene2360	0.53498
sRNA249	Gene1941	0.47433
sRNA127	Gene1024	0.50315
sRNA76	Gene2079	0.50444
sRNA19	Gene1751	0.55084
sRNA111	Gene264	0.51058
sRNA32	Gene1963	0.51083
sRNA83	Gene2	0.55744
sRNA213	Gene1213	0.52015
sRNA34	Gene1040	0.47715
sRNA281	Gene1052	0.45724
sRNA70	Gene2063	0.57168
sRNA222	Gene694	0.52599
sRNA9	Gene1997	0.55056
sRNA235	Gene1047	0.52553
sRNA176	Gene1407	0.50801
sRNA172	Gene783	0.52178
sRNA132	Gene767	0.5235
sRNA159	Gene1734	0.52446
sRNA50	Gene2317	0.5022
sRNA45	Gene1010	0.55697
sRNA83	Gene1648	0.52042
sRNA162	Gene519	0.55045
sRNA118	Gene478	0.53539
sRNA145	Gene1358	0.63931
sRNA133	Gene19	0.59575
sRNA224	Gene1770	0.59808
sRNA117	Gene842	0.52133
sRNA21	Gene1436	0.51248
sRNA265	Gene1627	0.45708
sRNA133	Gene2796	0.53521
sRNA50	Gene2713	0.58914
sRNA89	Gene2581	0.52687
sRNA89	Gene929	0.47988
sRNA158	Gene1782	0.53649
sRNA195	Gene2553	0.54306
sRNA155	Gene34	0.45433
sRNA105	Gene105	0.48915
sRNA274	Gene971	0.45091
sRNA55	Gene1909	0.562
sRNA108	Gene565	0.54561
sRNA77	Gene1004	0.57161
sRNA163	Gene2618	0.52686
sRNA44	Gene661	0.48195
sRNA231	Gene669	0.52778
sRNA232	Gene570	0.47524
sRNA211	Gene587	0.52017
sRNA70	Gene1585	0.52085
sRNA304	Gene298	0.48462
sRNA227	Gene1825	0.55043
sRNA44	Gene1327	0.48025
sRNA50	Gene59	0.4717
sRNA103	Gene2641	0.46511
sRNA243	Gene1755	0.58527
sRNA37	Gene2407	0.58077
sRNA10	Gene2563	0.54797
sRNA70	Gene1783	0.57101
sRNA113	Gene121	0.5114
sRNA9	Gene1225	0.4659
sRNA162	Gene1004	0.5446
sRNA151	Gene688	0.50355
sRNA101	Gene693	0.54311
sRNA23	Gene2799	0.51041
sRNA141	Gene1820	0.57045
sRNA48	Gene2484	0.60455
sRNA180	Gene76	0.50299
sRNA245	Gene67	0.49605
sRNA226	Gene1349	0.5332
sRNA98	Gene1812	0.48888
sRNA9	Gene684	0.54885
sRNA9	Gene201	0.50262
sRNA32	Gene2440	0.48013
sRNA242	Gene1215	0.50795
sRNA227	Gene511	0.59259
sRNA50	Gene463	0.54925
sRNA234	Gene380	0.55054
sRNA1	Gene124	0.50857
sRNA50	Gene2553	0.44874
sRNA178	Gene2577	0.54019
sRNA267	Gene2330	0.45642
sRNA118	Gene1463	0.53818
sRNA23	Gene294	0.50364
sRNA85	Gene2119	0.48674
sRNA223	Gene1041	0.57582
sRNA10	Gene645	0.52477
sRNA233	Gene294	0.5339
sRNA145	Gene794	0.58684
sRNA209	Gene1132	0.52241
sRNA205	Gene2605	0.46677
sRNA93	Gene1872	0.49413
sRNA215	Gene469	0.5498
sRNA70	Gene815	0.58553
sRNA163	Gene1664	0.55766
sRNA9	Gene2367	0.47007
sRNA18	Gene523	0.59323
sRNA240	Gene2846	0.61939
sRNA140	Gene2793	0.54541
sRNA154	Gene1038	0.54298
sRNA239	Gene2651	0.49805
sRNA162	Gene2229	0.57497
sRNA111	Gene2026	0.51021
sRNA75	Gene184	0.5392
sRNA24	Gene1189	0.47853
sRNA17	Gene410	0.51322
sRNA104	Gene310	0.54543
sRNA9	Gene2646	0.55193
sRNA9	Gene780	0.55929
sRNA160	Gene172	0.54973
sRNA197	Gene1662	0.52234
sRNA229	Gene2781	0.53717
sRNA246	Gene1342	0.54633
sRNA56	Gene1206	0.45458
sRNA98	Gene2184	0.51142
sRNA131	Gene289	0.5666
sRNA90	Gene28	0.53745
sRNA250	Gene2258	0.45451
sRNA191	Gene2427	0.53157
sRNA150	Gene2388	0.57235
sRNA50	Gene2224	0.44989
sRNA60	Gene2146	0.53354
sRNA126	Gene735	0.52309
sRNA206	Gene910	0.49335
sRNA189	Gene2637	0.53842
sRNA9	Gene2529	0.56179
sRNA163	Gene595	0.52431
sRNA163	Gene564	0.5495
sRNA207	Gene1494	0.5514
sRNA3	Gene368	0.54471
sRNA131	Gene203	0.55875
sRNA89	Gene750	0.54905
sRNA69	Gene409	0.45613
sRNA145	Gene1509	0.5283
sRNA160	Gene776	0.56829
sRNA7	Gene1217	0.5767
sRNA20	Gene1733	0.54935
sRNA18	Gene1297	0.5459
sRNA164	Gene771	0.49222
sRNA104	Gene1776	0.48026
sRNA154	Gene1680	0.5544
sRNA160	Gene1968	0.51755
sRNA227	Gene348	0.53682
sRNA204	Gene2767	0.50939
sRNA211	Gene2311	0.49684
sRNA62	Gene899	0.53195
sRNA76	Gene2006	0.54778
sRNA28	Gene1361	0.48274
sRNA53	Gene1049	0.53226
sRNA113	Gene1240	0.53026
sRNA93	Gene1188	0.54482
sRNA79	Gene2182	0.52405
sRNA240	Gene764	0.56355
sRNA158	Gene2728	0.47519
sRNA247	Gene1764	0.46685
sRNA10	Gene2795	0.516
sRNA225	Gene169	0.59709
sRNA220	Gene1104	0.57426
sRNA6	Gene1979	0.50823
sRNA135	Gene2777	0.55183
sRNA269	Gene566	0.46849
sRNA104	Gene465	0.51899
sRNA76	Gene768	0.5682
sRNA33	Gene563	0.52829
sRNA101	Gene960	0.55293
sRNA9	Gene62	0.5581
sRNA220	Gene1758	0.58042
sRNA103	Gene553	0.52086
sRNA247	Gene1631	0.47609
sRNA161	Gene905	0.52741
sRNA82	Gene225	0.52682
sRNA52	Gene1596	0.60648
sRNA104	Gene1307	0.49376
sRNA43	Gene2406	0.48453
sRNA258	Gene827	0.49154
sRNA237	Gene591	0.53959
sRNA47	Gene444	0.61742
sRNA50	Gene1681	0.54706
sRNA81	Gene1055	0.49097
sRNA236	Gene1292	0.56059
sRNA161	Gene1548	0.4847
sRNA89	Gene2787	0.51163
sRNA145	Gene550	0.57226
sRNA128	Gene2737	0.54173
sRNA92	Gene1307	0.45057
sRNA10	Gene2797	0.58064
sRNA50	Gene1138	0.59152
sRNA154	Gene1461	0.5697
sRNA247	Gene1386	0.4925
sRNA229	Gene1226	0.56353
sRNA43	Gene938	0.51227
sRNA60	Gene1488	0.52969
sRNA239	Gene2147	0.50493
sRNA218	Gene1842	0.55586
sRNA266	Gene920	0.45729
sRNA7	Gene148	0.50239
sRNA184	Gene2218	0.45328
sRNA200	Gene2527	0.4734
sRNA38	Gene871	0.59051
sRNA51	Gene1008	0.52468
sRNA9	Gene702	0.47174
sRNA8	Gene1907	0.50069
sRNA198	Gene817	0.4979
sRNA231	Gene317	0.51393
sRNA239	Gene2623	0.52667
sRNA109	Gene111	0.55342
sRNA131	Gene1849	0.55647
sRNA46	Gene326	0.6002
sRNA152	Gene2277	0.49103
sRNA90	Gene1733	0.5118
sRNA26	Gene542	0.56821
sRNA157	Gene2451	0.52621
sRNA124	Gene865	0.54736
sRNA126	Gene2349	0.4824
sRNA110	Gene529	0.57931
sRNA40	Gene1631	0.56205
sRNA9	Gene1221	0.51951
sRNA218	Gene333	0.54899
sRNA197	Gene29	0.5371
sRNA116	Gene1572	0.50603
sRNA2	Gene1211	0.51554
sRNA147	Gene1149	0.53542
sRNA115	Gene688	0.50613
sRNA223	Gene2316	0.57178
sRNA159	Gene264	0.55419
sRNA298	Gene430	0.49781
sRNA200	Gene2324	0.46408
sRNA224	Gene1773	0.5959
sRNA233	Gene1623	0.60895
sRNA79	Gene2541	0.5333
sRNA50	Gene2225	0.48056
sRNA9	Gene679	0.5333
sRNA123	Gene184	0.49603
sRNA151	Gene2678	0.56658
sRNA9	Gene469	0.56764
sRNA213	Gene460	0.51741
sRNA12	Gene1864	0.56703
sRNA222	Gene2490	0.50251
sRNA97	Gene619	0.56139
sRNA277	Gene1594	0.48888
sRNA274	Gene1904	0.46751
sRNA77	Gene2036	0.55021
sRNA60	Gene1833	0.52795
sRNA36	Gene1572	0.49887
sRNA34	Gene1660	0.48013
sRNA115	Gene440	0.5093
sRNA50	Gene1137	0.50408
sRNA213	Gene649	0.4986
sRNA3	Gene2363	0.58452
sRNA26	Gene2339	0.47974
sRNA250	Gene486	0.45209
sRNA63	Gene280	0.51762
sRNA86	Gene372	0.57503
sRNA74	Gene1638	0.52759
sRNA50	Gene922	0.47073
sRNA49	Gene1781	0.53988
sRNA1	Gene393	0.5252
sRNA20	Gene2159	0.48363
sRNA128	Gene1999	0.53471
sRNA69	Gene2156	0.50313
sRNA130	Gene1888	0.52264
sRNA79	Gene1377	0.53578
sRNA220	Gene1726	0.57174
sRNA74	Gene1402	0.5197
sRNA9	Gene749	0.52363
sRNA179	Gene1624	0.47566
sRNA150	Gene1124	0.54426
sRNA197	Gene2234	0.55519
sRNA51	Gene2761	0.51815
sRNA74	Gene83	0.53626
sRNA220	Gene83	0.56102
sRNA166	Gene1418	0.47277
sRNA89	Gene749	0.50062
sRNA171	Gene1837	0.48556
sRNA9	Gene1118	0.44901
sRNA204	Gene2605	0.51331
sRNA139	Gene1584	0.50171
sRNA286	Gene2177	0.45458
sRNA50	Gene2113	0.5437
sRNA146	Gene143	0.56683
sRNA23	Gene408	0.46548
sRNA98	Gene1040	0.4848
sRNA30	Gene1721	0.53532
sRNA210	Gene1696	0.48188
sRNA165	Gene21	0.48702
sRNA213	Gene469	0.5286
sRNA118	Gene1784	0.52709
sRNA222	Gene1673	0.47294
sRNA220	Gene421	0.57789
sRNA25	Gene695	0.56136
sRNA257	Gene1442	0.50947
sRNA111	Gene78	0.55655
sRNA207	Gene461	0.54322
sRNA50	Gene2449	0.55922
sRNA86	Gene2427	0.56978
sRNA211	Gene2846	0.48764
sRNA129	Gene2557	0.55102
sRNA70	Gene2544	0.5322
sRNA42	Gene1638	0.53808
sRNA100	Gene1817	0.50566
sRNA157	Gene627	0.53891
sRNA218	Gene2116	0.56488
sRNA9	Gene142	0.55666
sRNA69	Gene1189	0.49079
sRNA1	Gene955	0.50471
sRNA170	Gene795	0.47086
sRNA64	Gene1712	0.5669
sRNA108	Gene1675	0.53028
sRNA9	Gene370	0.49633
sRNA135	Gene2168	0.55931
sRNA178	Gene352	0.56696
sRNA41	Gene700	0.58215
sRNA199	Gene784	0.53898
sRNA43	Gene1622	0.48666
sRNA123	Gene1791	0.46583
sRNA123	Gene602	0.49487
sRNA19	Gene660	0.57215
sRNA201	Gene442	0.49032
sRNA106	Gene1159	0.58216
sRNA289	Gene899	0.49137
sRNA135	Gene2586	0.53097
sRNA33	Gene1276	0.54078
sRNA183	Gene2273	0.48402
sRNA28	Gene767	0.55423
sRNA166	Gene1871	0.48461
sRNA226	Gene884	0.55679
sRNA187	Gene1390	0.51837
sRNA56	Gene49	0.53767
sRNA248	Gene2005	0.46386
sRNA126	Gene1559	0.55634
sRNA273	Gene25	0.4645
sRNA11	Gene736	0.53121
sRNA112	Gene2685	0.54361
sRNA162	Gene2186	0.54841
sRNA177	Gene397	0.54993
sRNA11	Gene1150	0.50971
sRNA239	Gene1435	0.52135
sRNA9	Gene1906	0.55173
sRNA247	Gene1319	0.45496
sRNA245	Gene172	0.54131
sRNA56	Gene2706	0.51818
sRNA267	Gene856	0.4574
sRNA95	Gene191	0.56257
sRNA141	Gene881	0.53611
sRNA266	Gene1057	0.45196
sRNA123	Gene1566	0.53558
sRNA157	Gene2028	0.53487
sRNA56	Gene2461	0.46847
sRNA231	Gene2560	0.48063
sRNA220	Gene2398	0.57396
sRNA47	Gene1789	0.55508
sRNA77	Gene1790	0.58475
sRNA145	Gene2040	0.56332
sRNA67	Gene2399	0.50762
sRNA133	Gene2587	0.54752
sRNA72	Gene1835	0.56665
sRNA197	Gene1759	0.47503
sRNA25	Gene1113	0.56257
sRNA234	Gene2244	0.59917
sRNA51	Gene1758	0.53648
sRNA257	Gene907	0.44973
sRNA241	Gene1210	0.52996
sRNA125	Gene1282	0.57144
sRNA40	Gene623	0.4852
sRNA80	Gene1158	0.52162
sRNA234	Gene325	0.58555
sRNA228	Gene2476	0.49433
sRNA128	Gene1190	0.5748
sRNA266	Gene2181	0.4614
sRNA160	Gene1550	0.55878
sRNA177	Gene584	0.55656
sRNA30	Gene1633	0.46676
sRNA273	Gene2551	0.45225
sRNA162	Gene2764	0.52964
sRNA224	Gene894	0.60589
sRNA90	Gene1637	0.52902
sRNA243	Gene197	0.56741
sRNA9	Gene723	0.57339
sRNA30	Gene501	0.52402
sRNA267	Gene1118	0.47178
sRNA106	Gene523	0.54837
sRNA170	Gene1164	0.51471
sRNA62	Gene1828	0.45978
sRNA140	Gene611	0.57349
sRNA141	Gene1547	0.57874
sRNA222	Gene2254	0.49604
sRNA159	Gene1806	0.54525
sRNA10	Gene1864	0.57174
sRNA103	Gene1311	0.48911
sRNA71	Gene2519	0.56502
sRNA223	Gene2752	0.57597
sRNA166	Gene1025	0.49543
sRNA34	Gene927	0.47816
sRNA47	Gene2275	0.55585
sRNA17	Gene2699	0.52029
sRNA50	Gene1393	0.50256
sRNA210	Gene546	0.54022
sRNA1	Gene65	0.48028
sRNA231	Gene822	0.50118
sRNA228	Gene98	0.46905
sRNA245	Gene2865	0.48649
sRNA3	Gene914	0.56857
sRNA35	Gene2489	0.56536
sRNA97	Gene237	0.54765
sRNA200	Gene2400	0.49712
sRNA215	Gene604	0.51759
sRNA130	Gene2816	0.56252
sRNA22	Gene2534	0.4695
sRNA59	Gene2124	0.53458
sRNA209	Gene2526	0.51373
sRNA69	Gene1209	0.49525
sRNA221	Gene134	0.54693
sRNA9	Gene1834	0.56004
sRNA315	Gene2646	0.44694
sRNA177	Gene2073	0.51679
sRNA64	Gene2242	0.58744
sRNA51	Gene2692	0.56506
sRNA70	Gene885	0.53738
sRNA67	Gene7	0.49463
sRNA118	Gene882	0.54332
sRNA231	Gene2732	0.52627
sRNA62	Gene796	0.48116
sRNA224	Gene1062	0.57497
sRNA278	Gene1244	0.44868
sRNA42	Gene905	0.5741
sRNA177	Gene2417	0.54105
sRNA266	Gene2498	0.45955
sRNA77	Gene688	0.57729
sRNA221	Gene1215	0.56725
sRNA162	Gene746	0.56158
sRNA143	Gene1482	0.56773
sRNA286	Gene2076	0.46385
sRNA119	Gene1102	0.54106
sRNA16	Gene202	0.51771
sRNA9	Gene1994	0.47198
sRNA187	Gene2192	0.53815
sRNA50	Gene806	0.50228
sRNA87	Gene30	0.58654
sRNA178	Gene2099	0.48237
sRNA3	Gene1160	0.48199
sRNA223	Gene1855	0.56399
sRNA34	Gene2170	0.48878
sRNA173	Gene1045	0.51033
sRNA293	Gene2369	0.5474
sRNA37	Gene1757	0.57359
sRNA20	Gene2112	0.57816
sRNA322	Gene787	0.51081
sRNA11	Gene1542	0.52976
sRNA216	Gene118	0.52502
sRNA8	Gene167	0.50099
sRNA10	Gene553	0.59406
sRNA186	Gene2395	0.58917
sRNA240	Gene1513	0.5402
sRNA147	Gene562	0.55141
sRNA74	Gene2635	0.49912
sRNA47	Gene2015	0.47814
sRNA276	Gene1771	0.5478
sRNA164	Gene152	0.50426
sRNA162	Gene25	0.54129
sRNA103	Gene1040	0.46478
sRNA112	Gene936	0.56411
sRNA174	Gene1023	0.47963
sRNA45	Gene2717	0.59533
sRNA223	Gene2357	0.60546
sRNA215	Gene2174	0.51711
sRNA118	Gene2667	0.49793
sRNA47	Gene2609	0.45926
sRNA70	Gene538	0.56921
sRNA142	Gene2722	0.53736
sRNA236	Gene1341	0.57089
sRNA153	Gene2519	0.56914
sRNA24	Gene2390	0.47217
sRNA257	Gene1408	0.46045
sRNA112	Gene165	0.58665
sRNA50	Gene1200	0.54039
sRNA190	Gene1264	0.57641
sRNA9	Gene613	0.56413
sRNA59	Gene130	0.55502
sRNA108	Gene1222	0.52957
sRNA220	Gene592	0.56965
sRNA50	Gene1106	0.54424
sRNA151	Gene1590	0.52896
sRNA257	Gene1313	0.53836
sRNA104	Gene699	0.52657
sRNA50	Gene616	0.48983
sRNA215	Gene2472	0.52169
sRNA143	Gene921	0.51546
sRNA147	Gene908	0.57001
sRNA64	Gene986	0.55361
sRNA208	Gene1128	0.46064
sRNA29	Gene2263	0.50597
sRNA230	Gene73	0.50174
sRNA24	Gene1268	0.4729
sRNA264	Gene763	0.50007
sRNA18	Gene2577	0.55661
sRNA259	Gene1887	0.44803
sRNA1	Gene1161	0.52451
sRNA98	Gene1227	0.52171
sRNA232	Gene1358	0.48917
sRNA13	Gene1371	0.51055
sRNA185	Gene1576	0.47593
sRNA185	Gene2077	0.44898
sRNA9	Gene2475	0.45691
sRNA50	Gene1094	0.50856
sRNA97	Gene740	0.47043
sRNA235	Gene1473	0.50695
sRNA191	Gene982	0.48529
sRNA10	Gene655	0.5834
sRNA183	Gene923	0.54158
sRNA70	Gene1973	0.50139
sRNA58	Gene2094	0.46606
sRNA220	Gene2376	0.59726
sRNA50	Gene1243	0.50203
sRNA157	Gene2590	0.57194
sRNA74	Gene1853	0.4752
sRNA159	Gene1876	0.52167
sRNA12	Gene2012	0.54371
sRNA135	Gene2490	0.47744
sRNA19	Gene1544	0.53754
sRNA71	Gene1395	0.58249
sRNA9	Gene694	0.46231
sRNA9	Gene1892	0.46496
sRNA12	Gene2331	0.54965
sRNA157	Gene2863	0.56408
sRNA83	Gene1388	0.53539
sRNA86	Gene1159	0.58379
sRNA126	Gene96	0.49445
sRNA71	Gene1334	0.54213
sRNA259	Gene1376	0.46347
sRNA110	Gene898	0.56595
sRNA30	Gene1830	0.50387
sRNA142	Gene649	0.49937
sRNA87	Gene57	0.58438
sRNA46	Gene2210	0.60711
sRNA195	Gene1131	0.48287
sRNA165	Gene612	0.49109
sRNA196	Gene1117	0.46359
sRNA74	Gene1020	0.499
sRNA53	Gene2749	0.51883
sRNA180	Gene1029	0.51356
sRNA223	Gene1245	0.55781
sRNA118	Gene670	0.48264
sRNA234	Gene1960	0.55494
sRNA278	Gene2236	0.54157
sRNA149	Gene2779	0.46139
sRNA9	Gene2729	0.5535
sRNA135	Gene1868	0.52258
sRNA92	Gene37	0.53267
sRNA127	Gene2089	0.50494
sRNA154	Gene156	0.54186
sRNA145	Gene357	0.51261
sRNA175	Gene1121	0.47224
sRNA3	Gene210	0.51049
sRNA9	Gene546	0.46546
sRNA279	Gene716	0.45973
sRNA198	Gene2216	0.45664
sRNA209	Gene625	0.50032
sRNA200	Gene737	0.46616
sRNA228	Gene171	0.50855
sRNA37	Gene191	0.60103
sRNA96	Gene2380	0.52723
sRNA13	Gene415	0.51272
sRNA133	Gene324	0.54681
sRNA84	Gene1712	0.51185
sRNA176	Gene1110	0.52581
sRNA9	Gene1520	0.56002
sRNA106	Gene859	0.5676
sRNA41	Gene1863	0.55867
sRNA8	Gene2712	0.47513
sRNA117	Gene1226	0.54923
sRNA80	Gene2242	0.46669
sRNA52	Gene417	0.58515
sRNA64	Gene2591	0.48299
sRNA234	Gene1961	0.5696
sRNA231	Gene60	0.52251
sRNA299	Gene1734	0.53666
sRNA50	Gene1205	0.53867
sRNA53	Gene1492	0.54434
sRNA2	Gene1269	0.51031
sRNA42	Gene23	0.54126
sRNA25	Gene2768	0.51559
sRNA10	Gene40	0.58207
sRNA158	Gene1700	0.53026
sRNA50	Gene237	0.57914
sRNA185	Gene2683	0.47464
sRNA97	Gene1594	0.5149
sRNA249	Gene2370	0.50211
sRNA163	Gene554	0.54202
sRNA50	Gene2532	0.56437
sRNA181	Gene1208	0.57061
sRNA161	Gene2436	0.57869
sRNA106	Gene783	0.56936
sRNA187	Gene2545	0.52572
sRNA164	Gene2629	0.48766
sRNA28	Gene683	0.46339
sRNA95	Gene893	0.56011
sRNA50	Gene1522	0.5828
sRNA118	Gene1173	0.47103
sRNA10	Gene321	0.5695
sRNA29	Gene2430	0.51473
sRNA128	Gene1611	0.56283
sRNA9	Gene2125	0.54441
sRNA313	Gene2272	0.51063
sRNA156	Gene1857	0.58382
sRNA128	Gene2314	0.5805
sRNA150	Gene2307	0.55952
sRNA148	Gene311	0.54227
sRNA48	Gene2526	0.52572
sRNA134	Gene365	0.53927
sRNA225	Gene461	0.55511
sRNA265	Gene2473	0.45965
sRNA181	Gene695	0.56251
sRNA118	Gene2692	0.51244
sRNA42	Gene1593	0.55115
sRNA101	Gene72	0.53761
sRNA30	Gene2174	0.50493
sRNA9	Gene287	0.5025
sRNA187	Gene1641	0.55203
sRNA82	Gene2789	0.54474
sRNA127	Gene2230	0.61535
sRNA9	Gene1497	0.54653
sRNA9	Gene734	0.54485
sRNA9	Gene1733	0.53184
sRNA50	Gene1912	0.45252
sRNA73	Gene317	0.50646
sRNA83	Gene1166	0.50133
sRNA263	Gene2732	0.54188
sRNA9	Gene1736	0.44565
sRNA60	Gene1116	0.5108
sRNA208	Gene1	0.49256
sRNA223	Gene1002	0.57819
sRNA194	Gene822	0.54987
sRNA133	Gene1818	0.52331
sRNA45	Gene407	0.51563
sRNA62	Gene1582	0.50778
sRNA255	Gene947	0.45638
sRNA148	Gene309	0.54262
sRNA232	Gene1357	0.50006
sRNA111	Gene2037	0.50484
sRNA222	Gene2460	0.46462
sRNA69	Gene1945	0.48357
sRNA199	Gene666	0.54431
sRNA163	Gene1009	0.59299
sRNA273	Gene1439	0.49485
sRNA124	Gene362	0.54064
sRNA135	Gene845	0.53142
sRNA9	Gene2591	0.48243
sRNA9	Gene2113	0.57867
sRNA43	Gene1391	0.48195
sRNA183	Gene1645	0.5263
sRNA163	Gene1696	0.5681
sRNA196	Gene304	0.46529
sRNA9	Gene174	0.50046
sRNA235	Gene898	0.48417
sRNA285	Gene2215	0.44761
sRNA106	Gene1729	0.58923
sRNA222	Gene1652	0.45822
sRNA58	Gene247	0.49428
sRNA9	Gene2471	0.51145
sRNA44	Gene311	0.50286
sRNA50	Gene121	0.52525
sRNA125	Gene2325	0.54228
sRNA9	Gene1241	0.53275
sRNA68	Gene2707	0.53867
sRNA146	Gene1903	0.53807
sRNA210	Gene2287	0.48637
sRNA223	Gene896	0.50111
sRNA108	Gene2104	0.56636
sRNA28	Gene744	0.47639
sRNA158	Gene1845	0.52311
sRNA174	Gene133	0.4904
sRNA191	Gene71	0.51665
sRNA180	Gene615	0.55008
sRNA9	Gene2137	0.51252
sRNA51	Gene1700	0.56182
sRNA227	Gene2347	0.57635
sRNA87	Gene63	0.52382
sRNA213	Gene1220	0.53974
sRNA81	Gene1997	0.50522
sRNA165	Gene643	0.49329
sRNA138	Gene2166	0.48896
sRNA278	Gene2166	0.53377
sRNA108	Gene820	0.49892
sRNA87	Gene1898	0.58848
sRNA87	Gene1347	0.53289
sRNA212	Gene868	0.57036
sRNA193	Gene1858	0.49675
sRNA11	Gene2305	0.53217
sRNA186	Gene2383	0.55996
sRNA237	Gene2185	0.50537
sRNA18	Gene1855	0.52715
sRNA267	Gene2600	0.46236
sRNA159	Gene1173	0.52489
sRNA223	Gene2345	0.55907
sRNA98	Gene1946	0.51514
sRNA9	Gene2610	0.45511
sRNA117	Gene1952	0.56756
sRNA217	Gene2181	0.51664
sRNA151	Gene123	0.56361
sRNA106	Gene94	0.53313
sRNA197	Gene1447	0.52638
sRNA76	Gene350	0.57984
sRNA79	Gene1206	0.50793
sRNA266	Gene1685	0.46364
sRNA231	Gene322	0.51455
sRNA9	Gene2116	0.56579
sRNA135	Gene336	0.51024
sRNA209	Gene2695	0.5838
sRNA62	Gene1124	0.48924
sRNA231	Gene912	0.51068
sRNA50	Gene1969	0.51089
sRNA168	Gene2349	0.496
sRNA9	Gene1048	0.58188
sRNA238	Gene481	0.50724
sRNA50	Gene1542	0.5684
sRNA179	Gene551	0.51678
sRNA8	Gene494	0.51572
sRNA14	Gene997	0.51286
sRNA283	Gene50	0.47822
sRNA199	Gene1418	0.58981
sRNA280	Gene1152	0.51915
sRNA199	Gene2431	0.56178
sRNA35	Gene1437	0.5314
sRNA65	Gene2174	0.55185
sRNA278	Gene966	0.48275
sRNA128	Gene1872	0.52796
sRNA54	Gene1293	0.49059
sRNA60	Gene2248	0.58019
sRNA36	Gene169	0.53147
sRNA58	Gene823	0.49034
sRNA9	Gene1062	0.48639
sRNA199	Gene1433	0.55125
sRNA244	Gene731	0.57654
sRNA62	Gene697	0.48186
sRNA261	Gene457	0.50511
sRNA124	Gene2651	0.53122
sRNA190	Gene711	0.55519
sRNA58	Gene2484	0.58404
sRNA116	Gene1873	0.49358
sRNA176	Gene2422	0.59235
sRNA12	Gene9	0.5158
sRNA70	Gene2004	0.57165
sRNA48	Gene2440	0.52277
sRNA201	Gene2739	0.50807
sRNA9	Gene1344	0.46605
sRNA50	Gene5	0.51412
sRNA233	Gene348	0.60517
sRNA229	Gene155	0.50635
sRNA180	Gene2391	0.51271
sRNA9	Gene2187	0.56257
sRNA44	Gene1013	0.50867
sRNA180	Gene2502	0.53301
sRNA51	Gene1920	0.54085
sRNA227	Gene1052	0.53484
sRNA200	Gene1971	0.49002
sRNA235	Gene523	0.51401
sRNA49	Gene1113	0.53457
sRNA129	Gene2113	0.57044
sRNA128	Gene1777	0.50689
sRNA264	Gene294	0.48352
sRNA9	Gene1690	0.51618
sRNA56	Gene2842	0.4826
sRNA146	Gene2586	0.54099
sRNA172	Gene2209	0.51347
sRNA223	Gene253	0.61025
sRNA125	Gene694	0.52559
sRNA187	Gene1609	0.52193
sRNA267	Gene874	0.48831
sRNA50	Gene583	0.56769
sRNA223	Gene1569	0.5803
sRNA92	Gene820	0.53167
sRNA72	Gene885	0.54439
sRNA220	Gene2255	0.58435
sRNA147	Gene1757	0.57111
sRNA75	Gene1128	0.52999
sRNA58	Gene30	0.52951
sRNA9	Gene2288	0.59045
sRNA209	Gene892	0.54592
sRNA196	Gene1001	0.46541
sRNA81	Gene2749	0.51511
sRNA9	Gene693	0.5072
sRNA160	Gene2578	0.5058
sRNA140	Gene1824	0.55581
sRNA34	Gene1933	0.48678
sRNA46	Gene2293	0.56995
sRNA9	Gene1865	0.50023
sRNA116	Gene586	0.55906
sRNA131	Gene1852	0.57085
sRNA227	Gene2376	0.54576
sRNA9	Gene78	0.49918
sRNA135	Gene2351	0.51098
sRNA174	Gene2476	0.5081
sRNA240	Gene2472	0.56646
sRNA62	Gene1434	0.49812
sRNA200	Gene1849	0.48794
sRNA47	Gene1821	0.44785
sRNA144	Gene1098	0.55263
sRNA75	Gene1566	0.55863
sRNA43	Gene2689	0.45462
sRNA249	Gene1104	0.50003
sRNA9	Gene2629	0.56596
sRNA188	Gene2643	0.49932
sRNA32	Gene511	0.54401
sRNA176	Gene298	0.53681
sRNA104	Gene1057	0.49424
sRNA180	Gene2831	0.52031
sRNA207	Gene2768	0.50103
sRNA177	Gene744	0.53361
sRNA227	Gene2292	0.52266
sRNA9	Gene788	0.47345
sRNA72	Gene2801	0.52487
sRNA153	Gene1719	0.53834
sRNA71	Gene1205	0.5818
sRNA100	Gene1509	0.55388
sRNA9	Gene2521	0.45802
sRNA104	Gene683	0.50174
sRNA190	Gene2417	0.54118
sRNA191	Gene2615	0.5069
sRNA53	Gene2823	0.52311
sRNA189	Gene2473	0.5192
sRNA188	Gene1017	0.52945
sRNA46	Gene625	0.58805
sRNA103	Gene547	0.54723
sRNA43	Gene2617	0.50992
sRNA89	Gene468	0.51424
sRNA234	Gene2689	0.51652
sRNA89	Gene2000	0.48644
sRNA19	Gene2209	0.58113
sRNA101	Gene2578	0.50381
sRNA129	Gene281	0.52535
sRNA250	Gene871	0.48659
sRNA79	Gene318	0.49171
sRNA124	Gene1069	0.53901
sRNA210	Gene2344	0.45557
sRNA124	Gene2110	0.59309
sRNA126	Gene1120	0.52376
sRNA17	Gene2762	0.54303
sRNA92	Gene1791	0.53657
sRNA122	Gene2450	0.52695
sRNA157	Gene2168	0.54371
sRNA220	Gene1658	0.56553
sRNA112	Gene767	0.56743
sRNA123	Gene783	0.476
sRNA150	Gene1893	0.49595
sRNA9	Gene2222	0.51896
sRNA1	Gene866	0.49969
sRNA185	Gene360	0.50549
sRNA189	Gene2635	0.48532
sRNA140	Gene739	0.51091
sRNA257	Gene2335	0.58528
sRNA236	Gene181	0.55325
sRNA207	Gene2833	0.55691
sRNA212	Gene2551	0.58921
sRNA29	Gene2450	0.56324
sRNA207	Gene595	0.51306
sRNA72	Gene2282	0.533
sRNA7	Gene1467	0.54603
sRNA242	Gene655	0.48407
sRNA71	Gene1346	0.5622
sRNA79	Gene2099	0.51968
sRNA152	Gene2823	0.50045
sRNA255	Gene2237	0.45322
sRNA59	Gene1311	0.53263
sRNA112	Gene2540	0.57623
sRNA23	Gene377	0.52919
sRNA72	Gene1012	0.54419
sRNA9	Gene10	0.56927
sRNA227	Gene1072	0.57077
sRNA212	Gene992	0.54977
sRNA69	Gene901	0.52202
sRNA32	Gene444	0.5443
sRNA36	Gene567	0.51653
sRNA157	Gene638	0.56212
sRNA17	Gene1201	0.54067
sRNA59	Gene840	0.50188
sRNA129	Gene1567	0.57214
sRNA34	Gene296	0.48971
sRNA38	Gene2150	0.58385
sRNA49	Gene2162	0.56868
sRNA197	Gene2489	0.5055
sRNA278	Gene639	0.46883
sRNA151	Gene1148	0.57633
sRNA85	Gene1665	0.50506
sRNA140	Gene2569	0.52716
sRNA159	Gene1350	0.5276
sRNA206	Gene886	0.48082
sRNA8	Gene328	0.52818
sRNA184	Gene114	0.50898
sRNA97	Gene147	0.5212
sRNA218	Gene2165	0.56716
sRNA84	Gene1476	0.5268
sRNA184	Gene1906	0.49476
sRNA267	Gene1012	0.453
sRNA125	Gene1431	0.56051
sRNA159	Gene384	0.51357
sRNA3	Gene2536	0.55353
sRNA195	Gene2527	0.4996
sRNA124	Gene1841	0.59102
sRNA97	Gene2240	0.47191
sRNA312	Gene2562	0.51723
sRNA240	Gene549	0.58235
sRNA130	Gene1243	0.50885
sRNA227	Gene560	0.5587
sRNA108	Gene953	0.49683
sRNA112	Gene2297	0.52998
sRNA214	Gene930	0.53555
sRNA37	Gene216	0.56386
sRNA9	Gene1974	0.57205
sRNA165	Gene941	0.49202
sRNA80	Gene434	0.52481
sRNA74	Gene1996	0.51913
sRNA181	Gene310	0.52635
sRNA77	Gene2225	0.57101
sRNA9	Gene1410	0.57068
sRNA198	Gene1830	0.476
sRNA204	Gene1843	0.50515
sRNA150	Gene475	0.61213
sRNA88	Gene2562	0.5549
sRNA229	Gene2281	0.51239
sRNA53	Gene2156	0.53473
sRNA213	Gene296	0.51211
sRNA185	Gene1858	0.51632
sRNA26	Gene2739	0.4821
sRNA9	Gene1740	0.47684
sRNA157	Gene2538	0.58024
sRNA243	Gene1579	0.51679
sRNA10	Gene1572	0.56328
sRNA132	Gene2846	0.51224
sRNA154	Gene1766	0.56336
sRNA11	Gene2737	0.51192
sRNA13	Gene1533	0.49464
sRNA126	Gene1028	0.50047
sRNA239	Gene2466	0.4579
sRNA3	Gene30	0.59656
sRNA9	Gene403	0.49501
sRNA85	Gene1127	0.47915
sRNA65	Gene635	0.57869
sRNA144	Gene314	0.52232
sRNA89	Gene120	0.49413
sRNA40	Gene1719	0.53689
sRNA19	Gene1002	0.58273
sRNA152	Gene1583	0.50235
sRNA2	Gene2502	0.52079
sRNA167	Gene2637	0.53154
sRNA268	Gene487	0.45166
sRNA229	Gene2349	0.51144
sRNA97	Gene320	0.57897
sRNA30	Gene1226	0.5263
sRNA276	Gene1481	0.54179
sRNA178	Gene2185	0.53599
sRNA77	Gene2589	0.56488
sRNA67	Gene1698	0.47557
sRNA234	Gene320	0.60566
sRNA81	Gene343	0.53158
sRNA83	Gene2345	0.53013
sRNA152	Gene1959	0.513
sRNA222	Gene1006	0.51795
sRNA188	Gene316	0.54277
sRNA1	Gene2472	0.49684
sRNA90	Gene354	0.50742
sRNA213	Gene1614	0.52286
sRNA223	Gene1489	0.5248
sRNA159	Gene1115	0.53397
sRNA224	Gene1803	0.53562
sRNA190	Gene759	0.58028
sRNA9	Gene2048	0.49655
sRNA103	Gene630	0.47788
sRNA220	Gene1614	0.54392
sRNA9	Gene1952	0.55479
sRNA258	Gene123	0.52154
sRNA79	Gene257	0.53328
sRNA9	Gene184	0.47158
sRNA9	Gene1996	0.47137
sRNA160	Gene2507	0.54411
sRNA218	Gene311	0.55543
sRNA226	Gene1748	0.55324
sRNA139	Gene2241	0.5105
sRNA148	Gene170	0.56872
sRNA37	Gene2833	0.56862
sRNA186	Gene1935	0.55587
sRNA28	Gene1119	0.50346
sRNA20	Gene1302	0.53209
sRNA50	Gene175	0.55554
sRNA141	Gene1357	0.52366
sRNA72	Gene989	0.58168
sRNA173	Gene697	0.48103
sRNA163	Gene1245	0.55411
sRNA243	Gene493	0.52332
sRNA200	Gene1559	0.49593
sRNA3	Gene2680	0.60231
sRNA191	Gene1002	0.52876
sRNA82	Gene2190	0.54793
sRNA26	Gene73	0.52848
sRNA214	Gene2565	0.57791
sRNA175	Gene865	0.51118
sRNA219	Gene1719	0.47569
sRNA105	Gene2792	0.51644
sRNA35	Gene970	0.55131
sRNA266	Gene463	0.49439
sRNA49	Gene824	0.4886
sRNA29	Gene26	0.56961
sRNA231	Gene461	0.55795
sRNA113	Gene1313	0.49655
sRNA266	Gene1612	0.4569
sRNA241	Gene1525	0.53788
sRNA126	Gene2842	0.50437
sRNA206	Gene1681	0.5065
sRNA49	Gene2331	0.55826
sRNA41	Gene177	0.52581
sRNA209	Gene440	0.53879
sRNA34	Gene421	0.47062
sRNA74	Gene2393	0.50298
sRNA77	Gene448	0.57783
sRNA144	Gene797	0.50447
sRNA133	Gene1424	0.52227
sRNA183	Gene2576	0.48297
sRNA9	Gene239	0.56536
sRNA165	Gene447	0.52887
sRNA76	Gene183	0.55865
sRNA233	Gene1347	0.58474
sRNA34	Gene2388	0.49757
sRNA146	Gene1572	0.52441
sRNA92	Gene1343	0.52449
sRNA3	Gene1717	0.55949
sRNA103	Gene177	0.5356
sRNA8	Gene438	0.52603
sRNA212	Gene2707	0.50218
sRNA124	Gene1951	0.53736
sRNA100	Gene1726	0.57224
sRNA233	Gene2011	0.51553
sRNA193	Gene2726	0.46354
sRNA278	Gene114	0.48312
sRNA50	Gene652	0.58637
sRNA49	Gene2780	0.55211
sRNA155	Gene1518	0.48223
sRNA229	Gene2511	0.55091
sRNA152	Gene549	0.55134
sRNA198	Gene1392	0.45623
sRNA15	Gene1	0.48449
sRNA227	Gene252	0.49459
sRNA57	Gene2357	0.48674
sRNA60	Gene2317	0.54145
sRNA8	Gene398	0.5013
sRNA66	Gene1832	0.49329
sRNA118	Gene989	0.52176
sRNA50	Gene302	0.58919
sRNA90	Gene779	0.54502
sRNA130	Gene1973	0.52411
sRNA73	Gene2024	0.46865
sRNA72	Gene2796	0.50506
sRNA123	Gene1498	0.50198
sRNA212	Gene2763	0.49907
sRNA145	Gene279	0.55261
sRNA233	Gene2412	0.57414
sRNA291	Gene2627	0.50835
sRNA63	Gene681	0.54139
sRNA212	Gene1367	0.53616
sRNA249	Gene2099	0.4781
sRNA181	Gene2645	0.53534
sRNA240	Gene1239	0.55321
sRNA50	Gene391	0.54308
sRNA239	Gene885	0.5388
sRNA164	Gene1503	0.4615
sRNA265	Gene768	0.50831
sRNA9	Gene717	0.53736
sRNA15	Gene726	0.52242
sRNA9	Gene1219	0.55397
sRNA199	Gene910	0.54697
sRNA196	Gene678	0.46376
sRNA160	Gene2807	0.52181
sRNA79	Gene1473	0.51651
sRNA220	Gene873	0.57934
sRNA50	Gene2546	0.54054
sRNA16	Gene2451	0.5154
sRNA7	Gene2739	0.57247
sRNA19	Gene506	0.52471
sRNA61	Gene551	0.57082
sRNA108	Gene2340	0.51311
sRNA237	Gene2016	0.48561
sRNA186	Gene2121	0.59807
sRNA9	Gene910	0.51134
sRNA124	Gene950	0.54608
sRNA11	Gene1911	0.51385
sRNA171	Gene1295	0.47316
sRNA216	Gene1821	0.49897
sRNA48	Gene1707	0.53341
sRNA173	Gene604	0.48387
sRNA165	Gene855	0.46798
sRNA52	Gene2776	0.55046
sRNA196	Gene437	0.48283
sRNA2	Gene620	0.51436
sRNA30	Gene1409	0.50337
sRNA149	Gene984	0.45376
sRNA32	Gene550	0.56686
sRNA150	Gene1174	0.49287
sRNA106	Gene2477	0.51227
sRNA175	Gene97	0.50459
sRNA82	Gene325	0.5497
sRNA226	Gene840	0.46974
sRNA40	Gene114	0.51722
sRNA196	Gene2834	0.46654
sRNA164	Gene2147	0.47807
sRNA13	Gene215	0.50943
sRNA266	Gene1654	0.45603
sRNA166	Gene1817	0.46808
sRNA2	Gene258	0.55721
sRNA9	Gene2115	0.51567
sRNA283	Gene2156	0.45558
sRNA29	Gene1566	0.54625
sRNA150	Gene2166	0.56237
sRNA199	Gene1199	0.54357
sRNA71	Gene2652	0.55825
sRNA50	Gene2631	0.565
sRNA50	Gene2149	0.47301
sRNA185	Gene97	0.49858
sRNA169	Gene2305	0.48183
sRNA4	Gene994	0.49307
sRNA141	Gene2457	0.56128
sRNA3	Gene674	0.48615
sRNA162	Gene2571	0.52971
sRNA30	Gene1679	0.54464
sRNA67	Gene2333	0.5105
sRNA213	Gene706	0.5341
sRNA150	Gene775	0.57864
sRNA18	Gene67	0.49962
sRNA167	Gene431	0.51232
sRNA190	Gene166	0.56795
sRNA173	Gene1940	0.49202
sRNA117	Gene332	0.55265
sRNA288	Gene129	0.52786
sRNA3	Gene2009	0.5431
sRNA133	Gene1775	0.50367
sRNA77	Gene352	0.56211
sRNA166	Gene4	0.48647
sRNA141	Gene1426	0.54717
sRNA59	Gene112	0.55409
sRNA106	Gene1404	0.50846
sRNA224	Gene1943	0.54161
sRNA199	Gene2741	0.57401
sRNA90	Gene2461	0.54058
sRNA186	Gene646	0.54878
sRNA97	Gene910	0.46989
sRNA20	Gene2553	0.56279
sRNA9	Gene1713	0.4949
sRNA80	Gene1260	0.46679
sRNA50	Gene2171	0.5223
sRNA119	Gene516	0.54078
sRNA188	Gene935	0.5439
sRNA228	Gene236	0.50221
sRNA62	Gene832	0.54476
sRNA110	Gene2453	0.55369
sRNA50	Gene2178	0.57247
sRNA8	Gene439	0.54076
sRNA95	Gene715	0.57107
sRNA73	Gene2739	0.53047
sRNA222	Gene449	0.55025
sRNA101	Gene2127	0.51901
sRNA29	Gene2621	0.52356
sRNA9	Gene8	0.52849
sRNA160	Gene897	0.51944
sRNA61	Gene1631	0.56508
sRNA107	Gene241	0.51948
sRNA31	Gene1033	0.44753
sRNA229	Gene201	0.5088
sRNA151	Gene135	0.56873
sRNA10	Gene1911	0.54091
sRNA72	Gene1922	0.5397
sRNA10	Gene166	0.52504
sRNA245	Gene1815	0.54392
sRNA97	Gene1530	0.569
sRNA31	Gene1633	0.5095
sRNA90	Gene606	0.52191
sRNA9	Gene1029	0.58235
sRNA7	Gene448	0.55826
sRNA143	Gene443	0.53782
sRNA222	Gene401	0.49482
sRNA77	Gene2571	0.57932
sRNA79	Gene1441	0.55255
sRNA9	Gene1624	0.48333
sRNA21	Gene1404	0.53653
sRNA204	Gene2425	0.51248
sRNA189	Gene2309	0.51677
sRNA166	Gene291	0.45374
sRNA243	Gene2554	0.57893
sRNA9	Gene136	0.58536
sRNA18	Gene560	0.53252
sRNA203	Gene1032	0.55058
sRNA226	Gene2545	0.57168
sRNA125	Gene2625	0.56991
sRNA180	Gene1570	0.52992
sRNA83	Gene1506	0.50228
sRNA19	Gene1911	0.53921
sRNA185	Gene842	0.50788
sRNA62	Gene1699	0.46853
sRNA242	Gene1404	0.52604
sRNA205	Gene191	0.50256
sRNA200	Gene1923	0.44853
sRNA51	Gene1096	0.55576
sRNA95	Gene2368	0.56423
sRNA81	Gene439	0.48019
sRNA128	Gene1042	0.55443
sRNA39	Gene982	0.57332
sRNA64	Gene13	0.57572
sRNA23	Gene2568	0.47329
sRNA232	Gene1949	0.45314
sRNA141	Gene162	0.53488
sRNA229	Gene1645	0.53087
sRNA50	Gene1737	0.49423
sRNA138	Gene511	0.48684
sRNA226	Gene312	0.52703
sRNA172	Gene996	0.55913
sRNA151	Gene602	0.59812
sRNA303	Gene555	0.45579
sRNA239	Gene1034	0.50751
sRNA288	Gene376	0.52673
sRNA116	Gene776	0.56994
sRNA191	Gene398	0.51687
sRNA175	Gene2625	0.49301
sRNA238	Gene1690	0.52645
sRNA50	Gene614	0.50635
sRNA66	Gene328	0.4796
sRNA112	Gene1475	0.57459
sRNA127	Gene2021	0.55372
sRNA25	Gene614	0.58716
sRNA31	Gene78	0.46297
sRNA9	Gene2228	0.53231
sRNA106	Gene2774	0.56496
sRNA255	Gene2795	0.47358
sRNA219	Gene1401	0.46553
sRNA3	Gene1662	0.54462
sRNA50	Gene721	0.52747
sRNA148	Gene1405	0.56321
sRNA169	Gene1084	0.50849
sRNA29	Gene673	0.53799
sRNA137	Gene833	0.46564
sRNA219	Gene9	0.50913
sRNA64	Gene1892	0.54912
sRNA9	Gene2389	0.54773
sRNA172	Gene2456	0.50803
sRNA93	Gene1438	0.54485
sRNA81	Gene1555	0.5273
sRNA50	Gene2076	0.45735
sRNA35	Gene1713	0.56514
sRNA187	Gene2637	0.53955
sRNA15	Gene164	0.47355
sRNA80	Gene2600	0.50127
sRNA18	Gene245	0.55304
sRNA96	Gene1852	0.48659
sRNA179	Gene451	0.53297
sRNA43	Gene1679	0.49451
sRNA248	Gene1699	0.48441
sRNA205	Gene303	0.54143
sRNA270	Gene1134	0.48239
sRNA95	Gene221	0.51788
sRNA52	Gene2529	0.56216
sRNA180	Gene184	0.517
sRNA32	Gene1493	0.55536
sRNA272	Gene939	0.54189
sRNA152	Gene2241	0.50011
sRNA16	Gene1187	0.51752
sRNA9	Gene615	0.53417
sRNA98	Gene811	0.48615
sRNA30	Gene2734	0.51193
sRNA33	Gene1964	0.5211
sRNA167	Gene987	0.54528
sRNA16	Gene822	0.51741
sRNA197	Gene2780	0.51115
sRNA133	Gene1530	0.51303
sRNA50	Gene1843	0.51669
sRNA71	Gene354	0.55012
sRNA108	Gene931	0.50851
sRNA221	Gene1813	0.55014
sRNA233	Gene2442	0.57369
sRNA185	Gene143	0.52685
sRNA51	Gene844	0.59776
sRNA158	Gene1836	0.519
sRNA223	Gene343	0.56976
sRNA157	Gene677	0.53715
sRNA9	Gene2066	0.50128
sRNA54	Gene1471	0.46351
sRNA33	Gene798	0.48974
sRNA3	Gene302	0.57125
sRNA34	Gene2052	0.48326
sRNA163	Gene1267	0.54093
sRNA234	Gene1642	0.59093
sRNA71	Gene2375	0.55619
sRNA76	Gene157	0.58052
sRNA83	Gene2125	0.52661
sRNA28	Gene2245	0.47331
sRNA232	Gene664	0.46807
sRNA50	Gene1591	0.56265
sRNA143	Gene2317	0.53123
sRNA142	Gene2800	0.59096
sRNA244	Gene2375	0.53538
sRNA109	Gene1789	0.53367
sRNA2	Gene618	0.50788
sRNA50	Gene2407	0.57422
sRNA27	Gene415	0.4719
sRNA178	Gene112	0.53281
sRNA278	Gene768	0.49352
sRNA82	Gene455	0.5142
sRNA17	Gene2415	0.52993
sRNA189	Gene2065	0.48794
sRNA179	Gene1418	0.48208
sRNA104	Gene2393	0.50494
sRNA130	Gene109	0.57379
sRNA52	Gene1177	0.57293
sRNA104	Gene715	0.49932
sRNA197	Gene1797	0.55848
sRNA96	Gene2761	0.52102
sRNA62	Gene739	0.48755
sRNA258	Gene8	0.50019
sRNA166	Gene2233	0.49168
sRNA45	Gene2325	0.49389
sRNA9	Gene2214	0.50237
sRNA75	Gene1990	0.55237
sRNA51	Gene2628	0.55583
sRNA93	Gene1244	0.5084
sRNA32	Gene196	0.52654
sRNA120	Gene93	0.55054
sRNA36	Gene136	0.56502
sRNA204	Gene2009	0.50757
sRNA208	Gene1096	0.48042
sRNA131	Gene186	0.56743
sRNA62	Gene883	0.55251
sRNA223	Gene380	0.58133
sRNA9	Gene1718	0.46369
sRNA193	Gene1970	0.50186
sRNA9	Gene1780	0.52896
sRNA157	Gene392	0.56692
sRNA24	Gene1349	0.4622
sRNA218	Gene897	0.55196
sRNA200	Gene1384	0.47665
sRNA108	Gene1676	0.55005
sRNA65	Gene2754	0.50826
sRNA147	Gene1723	0.55787
sRNA72	Gene2748	0.54189
sRNA212	Gene1417	0.56416
sRNA127	Gene1712	0.59466
sRNA210	Gene422	0.51537
sRNA108	Gene469	0.56182
sRNA155	Gene1355	0.49653
sRNA56	Gene1602	0.46825
sRNA32	Gene334	0.50249
sRNA196	Gene1975	0.45464
sRNA199	Gene1751	0.59497
sRNA145	Gene517	0.53134
sRNA225	Gene1536	0.56597
sRNA79	Gene1369	0.51459
sRNA169	Gene2045	0.52421
sRNA84	Gene738	0.47798
sRNA57	Gene763	0.48999
sRNA128	Gene749	0.53551
sRNA153	Gene1029	0.5047
sRNA18	Gene938	0.55519
sRNA33	Gene699	0.52164
sRNA222	Gene945	0.55947
sRNA139	Gene2264	0.47224
sRNA276	Gene1984	0.5467
sRNA31	Gene367	0.52441
sRNA50	Gene555	0.48454
sRNA50	Gene2210	0.49029
sRNA3	Gene2370	0.5183
sRNA142	Gene2586	0.50246
sRNA52	Gene212	0.53683
sRNA278	Gene1907	0.47363
sRNA150	Gene1844	0.46777
sRNA153	Gene777	0.53805
sRNA9	Gene420	0.55883
sRNA248	Gene1793	0.49041
sRNA180	Gene51	0.52312
sRNA126	Gene851	0.53342
sRNA7	Gene2333	0.56599
sRNA103	Gene2461	0.50678
sRNA9	Gene1744	0.50687
sRNA3	Gene1756	0.55575
sRNA225	Gene797	0.63153
sRNA38	Gene2749	0.58883
sRNA170	Gene2036	0.51694
sRNA322	Gene1387	0.49491
sRNA285	Gene2521	0.46305
sRNA242	Gene957	0.45839
sRNA201	Gene157	0.49109
sRNA50	Gene2176	0.55874
sRNA123	Gene356	0.57042
sRNA2	Gene706	0.50992
sRNA2	Gene4	0.56913
sRNA224	Gene429	0.56832
sRNA200	Gene2349	0.48141
sRNA40	Gene2523	0.49747
sRNA206	Gene3	0.49315
sRNA185	Gene774	0.52915
sRNA257	Gene2349	0.50819
sRNA198	Gene1513	0.44788
sRNA146	Gene1592	0.54916
sRNA222	Gene1173	0.50526
sRNA125	Gene279	0.54666
sRNA12	Gene1803	0.49677
sRNA35	Gene1974	0.57054
sRNA209	Gene156	0.55111
sRNA4	Gene2459	0.46388
sRNA243	Gene1556	0.55439
sRNA8	Gene645	0.50262
sRNA83	Gene796	0.57102
sRNA58	Gene952	0.49129
sRNA8	Gene524	0.52472
sRNA259	Gene2715	0.46667
sRNA74	Gene2102	0.49256
sRNA39	Gene571	0.57879
sRNA50	Gene324	0.58268
sRNA215	Gene2423	0.49729
sRNA132	Gene1608	0.48334
sRNA115	Gene1126	0.5203
sRNA234	Gene1850	0.5704
sRNA39	Gene882	0.5993
sRNA167	Gene1141	0.53793
sRNA71	Gene2768	0.53522
sRNA151	Gene1719	0.54469
sRNA123	Gene362	0.5301
sRNA26	Gene1628	0.51573
sRNA9	Gene2301	0.51348
sRNA225	Gene1264	0.56882
sRNA257	Gene156	0.54809
sRNA5	Gene1452	0.51498
sRNA238	Gene930	0.49059
sRNA189	Gene279	0.50963
sRNA242	Gene2126	0.51146
sRNA43	Gene1344	0.48952
sRNA180	Gene310	0.54035
sRNA200	Gene1166	0.48532
sRNA193	Gene1431	0.48506
sRNA147	Gene1562	0.54363
sRNA244	Gene917	0.53431
sRNA65	Gene860	0.56334
sRNA277	Gene690	0.48502
sRNA221	Gene858	0.48709
sRNA68	Gene1151	0.53796
sRNA140	Gene1469	0.5174
sRNA72	Gene693	0.50038
sRNA233	Gene2666	0.53619
sRNA240	Gene2470	0.59202
sRNA181	Gene1156	0.5684
sRNA125	Gene1554	0.51255
sRNA213	Gene1234	0.53638
sRNA64	Gene2157	0.61783
sRNA45	Gene2141	0.55149
sRNA207	Gene2279	0.49748
sRNA37	Gene2735	0.61715
sRNA150	Gene1228	0.55143
sRNA141	Gene2675	0.52315
sRNA235	Gene426	0.49113
sRNA77	Gene624	0.57616
sRNA226	Gene1267	0.50902
sRNA199	Gene450	0.53369
sRNA238	Gene1416	0.48542
sRNA139	Gene1708	0.54335
sRNA9	Gene1775	0.49978
sRNA88	Gene2349	0.55258
sRNA56	Gene413	0.45635
sRNA123	Gene1181	0.48987
sRNA18	Gene2099	0.53476
sRNA25	Gene2132	0.54904
sRNA204	Gene1387	0.53423
sRNA149	Gene1768	0.5331
sRNA216	Gene372	0.52548
sRNA175	Gene1247	0.52241
sRNA218	Gene1491	0.56328
sRNA199	Gene1107	0.59976
sRNA242	Gene1533	0.51238
sRNA81	Gene1119	0.50046
sRNA243	Gene2831	0.5489
sRNA195	Gene488	0.51567
sRNA124	Gene199	0.54885
sRNA28	Gene121	0.45359
sRNA86	Gene949	0.58077
sRNA124	Gene1928	0.5376
sRNA71	Gene2686	0.57141
sRNA39	Gene1503	0.55051
sRNA169	Gene891	0.51054
sRNA30	Gene1806	0.5299
sRNA9	Gene2773	0.53956
sRNA76	Gene357	0.55174
sRNA168	Gene2315	0.46785
sRNA200	Gene486	0.50396
sRNA70	Gene1401	0.52515
sRNA56	Gene73	0.51165
sRNA238	Gene2600	0.5009
sRNA7	Gene700	0.62248
sRNA104	Gene2010	0.48463
sRNA97	Gene2274	0.52212
sRNA244	Gene1253	0.54678
sRNA32	Gene1514	0.55246
sRNA80	Gene189	0.4958
sRNA60	Gene1555	0.55171
sRNA17	Gene2795	0.50017
sRNA124	Gene957	0.55626
sRNA241	Gene1976	0.53841
sRNA132	Gene2390	0.50071
sRNA178	Gene1462	0.5956
sRNA153	Gene537	0.53916
sRNA130	Gene996	0.57693
sRNA87	Gene1424	0.54865
sRNA68	Gene1255	0.5112
sRNA9	Gene940	0.5181
sRNA75	Gene1501	0.52101
sRNA28	Gene1384	0.51868
sRNA248	Gene2426	0.49135
sRNA171	Gene394	0.51797
sRNA127	Gene1762	0.57568
sRNA232	Gene1002	0.5403
sRNA191	Gene1200	0.48637
sRNA127	Gene693	0.52874
sRNA42	Gene2123	0.5358
sRNA67	Gene1988	0.49586
sRNA57	Gene2229	0.45744
sRNA9	Gene674	0.56297
sRNA64	Gene2596	0.57645
sRNA219	Gene92	0.5083
sRNA280	Gene153	0.52857
sRNA164	Gene2750	0.48722
sRNA50	Gene1556	0.48625
sRNA9	Gene1941	0.47409
sRNA56	Gene508	0.49373
sRNA243	Gene2363	0.53155
sRNA33	Gene1624	0.51949
sRNA9	Gene336	0.50907
sRNA3	Gene1080	0.54162
sRNA198	Gene1282	0.4611
sRNA194	Gene820	0.58902
sRNA259	Gene2023	0.44574
sRNA48	Gene207	0.55516
sRNA42	Gene676	0.56882
sRNA68	Gene2523	0.46627
sRNA47	Gene1061	0.48517
sRNA159	Gene1140	0.52336
sRNA50	Gene1617	0.55025
sRNA58	Gene754	0.49555
sRNA158	Gene189	0.50751
sRNA150	Gene1356	0.56425
sRNA117	Gene385	0.52863
sRNA114	Gene1467	0.5557
sRNA158	Gene2185	0.50679
sRNA19	Gene262	0.49657
sRNA113	Gene1163	0.5114
sRNA233	Gene1111	0.49679
sRNA165	Gene2090	0.49092
sRNA216	Gene2436	0.49266
sRNA199	Gene1171	0.56582
sRNA81	Gene1438	0.49021
sRNA80	Gene1403	0.53177
sRNA103	Gene2507	0.52611
sRNA30	Gene2187	0.55235
sRNA212	Gene1837	0.58238
sRNA89	Gene1156	0.48786
sRNA76	Gene1283	0.5492
sRNA132	Gene2730	0.57417
sRNA51	Gene896	0.58969
sRNA210	Gene1782	0.48768
sRNA104	Gene528	0.56031
sRNA246	Gene1446	0.48449
sRNA60	Gene1451	0.55351
sRNA239	Gene125	0.51042
sRNA9	Gene2854	0.44878
sRNA198	Gene1560	0.51141
sRNA146	Gene1771	0.56044
sRNA205	Gene339	0.50946
sRNA18	Gene1781	0.50073
sRNA3	Gene624	0.46855
sRNA199	Gene1847	0.51592
sRNA93	Gene912	0.49762
sRNA98	Gene722	0.51602
sRNA89	Gene288	0.52023
sRNA208	Gene1858	0.52672
sRNA142	Gene515	0.50459
sRNA11	Gene875	0.51032
sRNA10	Gene552	0.5364
sRNA207	Gene2472	0.53926
sRNA180	Gene1173	0.46092
sRNA184	Gene995	0.4734
sRNA151	Gene558	0.59008
sRNA9	Gene2653	0.48573
sRNA170	Gene146	0.52531
sRNA208	Gene1447	0.49371
sRNA150	Gene162	0.52226
sRNA19	Gene2528	0.54936
sRNA202	Gene240	0.46762
sRNA148	Gene951	0.59935
sRNA182	Gene1237	0.51821
sRNA32	Gene1397	0.45928
sRNA9	Gene652	0.52553
sRNA50	Gene2653	0.56379
sRNA244	Gene1681	0.53775
sRNA223	Gene818	0.57787
sRNA62	Gene1109	0.57205
sRNA153	Gene1891	0.46329
sRNA243	Gene471	0.55741
sRNA255	Gene2603	0.45076
sRNA160	Gene2380	0.55944
sRNA187	Gene2597	0.56102
sRNA124	Gene2643	0.56416
sRNA70	Gene2320	0.52929
sRNA41	Gene889	0.57337
sRNA124	Gene735	0.57285
sRNA223	Gene464	0.55711
sRNA265	Gene1797	0.48001
sRNA31	Gene1315	0.48807
sRNA52	Gene2508	0.55263
sRNA20	Gene2239	0.53364
sRNA9	Gene518	0.60738
sRNA120	Gene2702	0.54318
sRNA240	Gene2346	0.58143
sRNA9	Gene2026	0.52198
sRNA60	Gene302	0.55109
sRNA179	Gene989	0.49016
sRNA9	Gene98	0.55353
sRNA50	Gene102	0.55335
sRNA131	Gene1558	0.5425
sRNA190	Gene1818	0.58643
sRNA19	Gene1092	0.62415
sRNA46	Gene407	0.52739
sRNA9	Gene1599	0.55877
sRNA9	Gene2376	0.53148
sRNA14	Gene311	0.50829
sRNA129	Gene1553	0.55026
sRNA233	Gene2604	0.6049
sRNA70	Gene352	0.58225
sRNA146	Gene977	0.55253
sRNA9	Gene318	0.5144
sRNA76	Gene624	0.4939
sRNA214	Gene1554	0.46102
sRNA100	Gene1803	0.52692
sRNA9	Gene2437	0.53656
sRNA9	Gene2049	0.53935
sRNA145	Gene1370	0.55563
sRNA227	Gene997	0.54555
sRNA187	Gene1230	0.54028
sRNA236	Gene1730	0.57661
sRNA233	Gene1476	0.61073
sRNA213	Gene2555	0.5296
sRNA171	Gene1873	0.50966
sRNA283	Gene149	0.50942
sRNA77	Gene915	0.54941
sRNA145	Gene2412	0.57186
sRNA9	Gene2225	0.54966
sRNA9	Gene1608	0.52315
sRNA151	Gene890	0.56342
sRNA28	Gene406	0.49816
sRNA154	Gene1751	0.5342
sRNA9	Gene1002	0.45987
sRNA28	Gene1162	0.50058
sRNA58	Gene740	0.47915
sRNA24	Gene254	0.48736
sRNA43	Gene1909	0.53321
sRNA142	Gene296	0.49121
sRNA190	Gene1401	0.55579
sRNA86	Gene1353	0.60414
sRNA153	Gene1311	0.50991
sRNA265	Gene303	0.51661
sRNA227	Gene490	0.58053
sRNA30	Gene910	0.54807
sRNA70	Gene1891	0.53127
sRNA60	Gene1566	0.56194
sRNA158	Gene313	0.58143
sRNA193	Gene265	0.48647
sRNA61	Gene2020	0.54618
sRNA244	Gene652	0.54806
sRNA9	Gene794	0.56283
sRNA265	Gene376	0.5168
sRNA223	Gene392	0.54226
sRNA104	Gene229	0.55475
sRNA234	Gene889	0.57457
sRNA90	Gene959	0.55573
sRNA188	Gene2449	0.52588
sRNA107	Gene2512	0.47999
sRNA264	Gene203	0.49131
sRNA82	Gene1125	0.49988
sRNA196	Gene699	0.45701
sRNA211	Gene1989	0.45402
sRNA50	Gene596	0.5021
sRNA126	Gene1172	0.49179
sRNA248	Gene2725	0.47595
sRNA69	Gene2768	0.46472
sRNA33	Gene2398	0.50964
sRNA40	Gene820	0.53014
sRNA162	Gene2268	0.57664
sRNA10	Gene489	0.58396
sRNA157	Gene184	0.57667
sRNA3	Gene1588	0.48585
sRNA50	Gene902	0.56239
sRNA247	Gene2288	0.45823
sRNA56	Gene1314	0.47758
sRNA40	Gene1360	0.5135
sRNA174	Gene371	0.46941
sRNA82	Gene2510	0.50249
sRNA142	Gene1815	0.54744
sRNA101	Gene190	0.49583
sRNA243	Gene573	0.5506
sRNA181	Gene2763	0.56655
sRNA148	Gene2853	0.58967
sRNA123	Gene1502	0.54017
sRNA169	Gene2466	0.51469
sRNA246	Gene1897	0.54386
sRNA227	Gene1426	0.56564
sRNA213	Gene2340	0.5356
sRNA93	Gene55	0.56192
sRNA82	Gene1318	0.51964
sRNA140	Gene258	0.55151
sRNA273	Gene1571	0.48311
sRNA212	Gene1944	0.53021
sRNA157	Gene97	0.55619
sRNA111	Gene1751	0.54531
sRNA227	Gene1783	0.55326
sRNA9	Gene2783	0.46461
sRNA134	Gene466	0.54298
sRNA9	Gene2275	0.50224
sRNA88	Gene2631	0.49869
sRNA227	Gene1351	0.49066
sRNA46	Gene839	0.57548
sRNA197	Gene2562	0.4931
sRNA106	Gene756	0.54921
sRNA212	Gene1081	0.53398
sRNA131	Gene174	0.53258
sRNA60	Gene64	0.49606
sRNA49	Gene2647	0.55852
sRNA197	Gene2369	0.54452
sRNA239	Gene2788	0.49793
sRNA174	Gene2272	0.47415
sRNA205	Gene1201	0.50459
sRNA278	Gene1238	0.48569
sRNA151	Gene2370	0.50986
sRNA198	Gene1643	0.44906
sRNA19	Gene41	0.48929
sRNA220	Gene1766	0.57416
sRNA29	Gene216	0.5002
sRNA199	Gene180	0.53357
sRNA176	Gene1891	0.5135
sRNA135	Gene1384	0.55753
sRNA72	Gene1955	0.54071
sRNA204	Gene2625	0.51305
sRNA35	Gene2432	0.51357
sRNA6	Gene241	0.54418
sRNA208	Gene563	0.46777
sRNA113	Gene753	0.51608
sRNA70	Gene440	0.51465
sRNA113	Gene1553	0.54749
sRNA193	Gene2855	0.51772
sRNA151	Gene1094	0.54953
sRNA95	Gene2095	0.57007
sRNA245	Gene2650	0.48838
sRNA242	Gene1561	0.50462
sRNA228	Gene655	0.48996
sRNA191	Gene1172	0.53199
sRNA172	Gene2724	0.47451
sRNA20	Gene1405	0.57806
sRNA237	Gene564	0.50337
sRNA111	Gene2168	0.54703
sRNA33	Gene1785	0.53024
sRNA208	Gene1761	0.49088
sRNA96	Gene1978	0.50329
sRNA33	Gene2328	0.52436
sRNA167	Gene1729	0.52683
sRNA9	Gene1245	0.49326
sRNA259	Gene120	0.50581
sRNA235	Gene546	0.55792
sRNA87	Gene1712	0.56149
sRNA139	Gene2768	0.48763
sRNA132	Gene1648	0.49097
sRNA198	Gene512	0.49874
sRNA71	Gene2588	0.556
sRNA70	Gene1643	0.55063
sRNA33	Gene1439	0.50922
sRNA173	Gene783	0.5353
sRNA160	Gene910	0.51828
sRNA152	Gene2095	0.54118
sRNA52	Gene2169	0.59399
sRNA128	Gene1162	0.54413
sRNA76	Gene2843	0.55732
sRNA50	Gene1174	0.5006
sRNA206	Gene2210	0.49037
sRNA226	Gene615	0.50277
sRNA172	Gene2656	0.48137
sRNA140	Gene1377	0.52517
sRNA70	Gene2114	0.58283
sRNA216	Gene2283	0.51633
sRNA205	Gene22	0.54399
sRNA9	Gene222	0.48037
sRNA128	Gene1470	0.49933
sRNA16	Gene1383	0.49498
sRNA26	Gene1217	0.49337
sRNA166	Gene923	0.50089
sRNA276	Gene1101	0.53147
sRNA8	Gene434	0.52583
sRNA83	Gene2228	0.52064
sRNA21	Gene2460	0.5035
sRNA110	Gene995	0.53739
sRNA174	Gene2120	0.50663
sRNA2	Gene1611	0.52371
sRNA21	Gene1250	0.5509
sRNA13	Gene2478	0.47391
sRNA19	Gene1770	0.55598
sRNA50	Gene1396	0.53571
sRNA222	Gene552	0.56897
sRNA34	Gene119	0.55624
sRNA17	Gene2117	0.52904
sRNA181	Gene2552	0.57276
sRNA228	Gene721	0.5101
sRNA50	Gene2662	0.54545
sRNA34	Gene985	0.46314
sRNA237	Gene1477	0.5045
sRNA162	Gene737	0.57124
sRNA200	Gene1898	0.47146
sRNA97	Gene480	0.55764
sRNA9	Gene46	0.46121
sRNA65	Gene1341	0.50833
sRNA226	Gene1574	0.53078
sRNA244	Gene1387	0.53192
sRNA92	Gene1600	0.51051
sRNA223	Gene469	0.55449
sRNA43	Gene1099	0.51648
sRNA190	Gene1117	0.53976
sRNA150	Gene1771	0.5218
sRNA313	Gene2365	0.54618
sRNA207	Gene1414	0.56992
sRNA234	Gene989	0.57928
sRNA176	Gene844	0.57927
sRNA206	Gene2116	0.5279
sRNA154	Gene1670	0.59448
sRNA20	Gene2177	0.57542
sRNA177	Gene716	0.56611
sRNA150	Gene1812	0.50655
sRNA215	Gene1038	0.53892
sRNA145	Gene2346	0.61602
sRNA233	Gene1693	0.56426
sRNA74	Gene2663	0.54116
sRNA76	Gene1166	0.55407
sRNA77	Gene1353	0.53878
sRNA53	Gene1541	0.49588
sRNA206	Gene2121	0.53816
sRNA151	Gene263	0.55585
sRNA65	Gene2452	0.56953
sRNA267	Gene1635	0.45619
sRNA25	Gene2145	0.54125
sRNA211	Gene2753	0.51019
sRNA224	Gene748	0.58272
sRNA62	Gene2775	0.47977
sRNA9	Gene465	0.57394
sRNA9	Gene1824	0.49042
sRNA60	Gene1645	0.51148
sRNA9	Gene1316	0.50929
sRNA197	Gene712	0.50516
sRNA186	Gene1934	0.58545
sRNA190	Gene2391	0.58277
sRNA274	Gene1371	0.45545
sRNA197	Gene343	0.48253
sRNA95	Gene894	0.56946
sRNA210	Gene2351	0.48758
sRNA225	Gene2789	0.59192
sRNA244	Gene130	0.53988
sRNA70	Gene2833	0.58778
sRNA35	Gene2079	0.52971
sRNA3	Gene697	0.45029
sRNA25	Gene292	0.57793
sRNA171	Gene419	0.48801
sRNA225	Gene1324	0.57136
sRNA208	Gene1177	0.50198
sRNA169	Gene785	0.52879
sRNA222	Gene2774	0.48536
sRNA49	Gene642	0.55502
sRNA174	Gene418	0.5251
sRNA112	Gene867	0.5835
sRNA136	Gene874	0.4992
sRNA12	Gene2311	0.58831
sRNA157	Gene2387	0.52842
sRNA139	Gene805	0.4768
sRNA38	Gene781	0.54931
sRNA10	Gene1747	0.58457
sRNA154	Gene2317	0.52284
sRNA130	Gene1663	0.53324
sRNA152	Gene103	0.52185
sRNA13	Gene351	0.5038
sRNA9	Gene2589	0.44899
sRNA146	Gene536	0.57115
sRNA250	Gene1966	0.47206
sRNA281	Gene1864	0.46176
sRNA89	Gene2087	0.52565
sRNA233	Gene2761	0.56583
sRNA113	Gene2648	0.47373
sRNA106	Gene1990	0.55698
sRNA17	Gene486	0.57157
sRNA54	Gene1268	0.45772
sRNA126	Gene1873	0.47887
sRNA162	Gene467	0.54409
sRNA238	Gene2215	0.50802
sRNA236	Gene521	0.56584
sRNA62	Gene348	0.47081
sRNA9	Gene692	0.54613
sRNA142	Gene1327	0.53611
sRNA100	Gene811	0.55593
sRNA100	Gene2099	0.50975
sRNA50	Gene1488	0.51332
sRNA190	Gene2563	0.551
sRNA50	Gene2311	0.58842
sRNA113	Gene2794	0.51569
sRNA209	Gene17	0.54829
sRNA232	Gene2599	0.48323
sRNA105	Gene29	0.48156
sRNA197	Gene217	0.46971
sRNA185	Gene118	0.50939
sRNA185	Gene1597	0.49184
sRNA62	Gene553	0.51707
sRNA90	Gene829	0.51755
sRNA233	Gene670	0.59493
sRNA9	Gene1502	0.51566
sRNA50	Gene1224	0.47886
sRNA151	Gene209	0.52172
sRNA211	Gene1853	0.44804
sRNA18	Gene2508	0.5365
sRNA146	Gene769	0.52172
sRNA9	Gene145	0.51753
sRNA50	Gene1246	0.56631
sRNA39	Gene2540	0.59669
sRNA19	Gene2078	0.57092
sRNA111	Gene2408	0.54689
sRNA147	Gene966	0.58432
sRNA198	Gene279	0.52192
sRNA118	Gene2187	0.51721
sRNA62	Gene1925	0.51284
sRNA214	Gene955	0.56262
sRNA142	Gene1917	0.54861
sRNA213	Gene2582	0.54465
sRNA221	Gene1513	0.57723
sRNA17	Gene1708	0.50602
sRNA208	Gene179	0.52533
sRNA20	Gene2152	0.54904
sRNA7	Gene2065	0.51938
sRNA2	Gene2643	0.46961
sRNA162	Gene1152	0.54308
sRNA127	Gene254	0.50335
sRNA83	Gene1362	0.49548
sRNA26	Gene1697	0.51076
sRNA9	Gene608	0.47222
sRNA90	Gene1422	0.51703
sRNA153	Gene184	0.53924
sRNA191	Gene1584	0.49844
sRNA78	Gene2721	0.51397
sRNA65	Gene1741	0.56675
sRNA50	Gene648	0.51992
sRNA133	Gene2121	0.55899
sRNA62	Gene1316	0.52825
sRNA197	Gene138	0.57065
sRNA234	Gene1806	0.54591
sRNA78	Gene1339	0.52128
sRNA29	Gene767	0.56574
sRNA113	Gene2599	0.52512
sRNA220	Gene1171	0.57934
sRNA234	Gene1005	0.60576
sRNA9	Gene1675	0.49647
sRNA24	Gene2237	0.493
sRNA245	Gene1138	0.54913
sRNA95	Gene1162	0.54966
sRNA143	Gene1313	0.5603
sRNA110	Gene919	0.51698
sRNA9	Gene1323	0.50435
sRNA210	Gene2482	0.55599
sRNA6	Gene2129	0.48319
sRNA107	Gene1023	0.49284
sRNA68	Gene2694	0.45832
sRNA245	Gene851	0.56293
sRNA20	Gene1518	0.54918
sRNA247	Gene2178	0.44723
sRNA101	Gene132	0.51615
sRNA85	Gene2812	0.5165
sRNA68	Gene1474	0.49049
sRNA73	Gene1482	0.48443
sRNA72	Gene1284	0.54692
sRNA48	Gene2606	0.53927
sRNA265	Gene176	0.49401
sRNA163	Gene1832	0.54949
sRNA70	Gene157	0.56277
sRNA275	Gene336	0.45277
sRNA77	Gene2221	0.55408
sRNA234	Gene751	0.59453
sRNA144	Gene2033	0.54294
sRNA81	Gene1449	0.54691
sRNA237	Gene2441	0.53331
sRNA50	Gene1282	0.45108
sRNA172	Gene1768	0.50234
sRNA243	Gene1907	0.58772
sRNA9	Gene2465	0.54969
sRNA81	Gene2641	0.55122
sRNA104	Gene1592	0.49869
sRNA285	Gene1754	0.46855
sRNA92	Gene2535	0.52312
sRNA167	Gene1170	0.51581
sRNA87	Gene2275	0.52796
sRNA193	Gene1185	0.48924
sRNA6	Gene2392	0.48947
sRNA134	Gene241	0.56835
sRNA9	Gene202	0.46826
sRNA18	Gene210	0.50678
sRNA111	Gene749	0.54182
sRNA9	Gene778	0.5876
sRNA150	Gene349	0.48289
sRNA81	Gene642	0.53438
sRNA34	Gene1386	0.50404
sRNA215	Gene2253	0.54967
sRNA165	Gene2030	0.4498
sRNA219	Gene2744	0.48352
sRNA227	Gene2316	0.53909
sRNA100	Gene2381	0.57009
sRNA140	Gene1608	0.52749
sRNA198	Gene1101	0.5041
sRNA9	Gene2234	0.53772
sRNA74	Gene1040	0.51066
sRNA186	Gene2799	0.5768
sRNA39	Gene408	0.55062
sRNA9	Gene1654	0.46213
sRNA62	Gene322	0.51063
sRNA116	Gene43	0.50192
sRNA257	Gene1857	0.56298
sRNA214	Gene181	0.5541
sRNA60	Gene2008	0.5202
sRNA66	Gene1766	0.48966
sRNA23	Gene1374	0.50428
sRNA71	Gene422	0.58948
sRNA55	Gene2599	0.56061
sRNA141	Gene485	0.54366
sRNA50	Gene1768	0.541
sRNA86	Gene649	0.52633
sRNA9	Gene685	0.49363
sRNA190	Gene831	0.55395
sRNA224	Gene2452	0.59791
sRNA3	Gene447	0.61025
sRNA3	Gene1680	0.4681
sRNA97	Gene1943	0.463
sRNA169	Gene1933	0.52769
sRNA19	Gene455	0.49719
sRNA25	Gene1974	0.52918
sRNA53	Gene643	0.50196
sRNA214	Gene2016	0.47383
sRNA40	Gene1516	0.53419
sRNA209	Gene2517	0.55851
sRNA82	Gene2222	0.50109
sRNA74	Gene2320	0.49886
sRNA71	Gene664	0.56179
sRNA36	Gene499	0.56706
sRNA187	Gene1370	0.51272
sRNA149	Gene1379	0.45789
sRNA34	Gene466	0.45336
sRNA197	Gene2861	0.46659
sRNA269	Gene1722	0.47408
sRNA14	Gene1350	0.50839
sRNA11	Gene2273	0.49646
sRNA58	Gene1801	0.52673
sRNA90	Gene1494	0.52165
sRNA133	Gene2543	0.50137
sRNA129	Gene2004	0.56204
sRNA11	Gene2814	0.46606
sRNA3	Gene792	0.49556
sRNA26	Gene2248	0.49815
sRNA233	Gene496	0.56342
sRNA225	Gene1280	0.58099
sRNA209	Gene882	0.56272
sRNA50	Gene2485	0.53039
sRNA79	Gene824	0.47442
sRNA213	Gene1053	0.54694
sRNA48	Gene685	0.53871
sRNA187	Gene2234	0.52277
sRNA73	Gene2588	0.49348
sRNA234	Gene166	0.55048
sRNA77	Gene2012	0.60534
sRNA113	Gene1189	0.49983
sRNA44	Gene2720	0.51799
sRNA87	Gene411	0.50568
sRNA49	Gene1323	0.56255
sRNA272	Gene458	0.54741
sRNA95	Gene1703	0.54857
sRNA76	Gene2243	0.57208
sRNA60	Gene609	0.54004
sRNA50	Gene2248	0.55659
sRNA111	Gene440	0.53799
sRNA9	Gene1268	0.4532
sRNA313	Gene90	0.55232
sRNA277	Gene562	0.46332
sRNA33	Gene1683	0.50456
sRNA242	Gene1954	0.46535
sRNA126	Gene2660	0.49465
sRNA89	Gene2355	0.54364
sRNA50	Gene2790	0.49736
sRNA9	Gene1306	0.46505
sRNA242	Gene102	0.45757
sRNA235	Gene2639	0.55304
sRNA151	Gene1387	0.48718
sRNA12	Gene541	0.5206
sRNA227	Gene467	0.57391
sRNA139	Gene2249	0.53281
sRNA178	Gene1429	0.56178
sRNA207	Gene420	0.52478
sRNA70	Gene595	0.55179
sRNA76	Gene1259	0.54911
sRNA50	Gene1457	0.59413
sRNA24	Gene1485	0.44649
sRNA76	Gene1836	0.54093
sRNA37	Gene2758	0.58609
sRNA9	Gene1358	0.50933
sRNA196	Gene601	0.45958
sRNA150	Gene2532	0.55283
sRNA141	Gene153	0.54377
sRNA26	Gene1685	0.4856
sRNA82	Gene501	0.52147
sRNA93	Gene142	0.5375
sRNA117	Gene56	0.57778
sRNA63	Gene694	0.48898
sRNA9	Gene1303	0.53797
sRNA113	Gene2460	0.51136
sRNA62	Gene2680	0.54979
sRNA63	Gene361	0.56166
sRNA9	Gene15	0.51042
sRNA206	Gene936	0.53324
sRNA130	Gene1384	0.54579
sRNA130	Gene1011	0.55853
sRNA195	Gene1435	0.5132
sRNA172	Gene2237	0.56688
sRNA98	Gene772	0.49868
sRNA68	Gene261	0.48873
sRNA21	Gene300	0.57041
sRNA180	Gene358	0.53317
sRNA237	Gene397	0.47755
sRNA199	Gene901	0.56608
sRNA8	Gene744	0.5172
sRNA222	Gene1582	0.49786
sRNA249	Gene2718	0.5091
sRNA189	Gene141	0.46464
sRNA261	Gene1086	0.53328
sRNA9	Gene64	0.50459
sRNA261	Gene471	0.51815
sRNA77	Gene1628	0.56913
sRNA252	Gene103	0.45612
sRNA203	Gene661	0.514
sRNA96	Gene42	0.5205
sRNA184	Gene1097	0.44729
sRNA132	Gene1869	0.50443
sRNA26	Gene693	0.53119
sRNA5	Gene2423	0.51701
sRNA19	Gene1646	0.53841
sRNA44	Gene273	0.51869
sRNA198	Gene1178	0.49174
sRNA25	Gene1194	0.52795
sRNA53	Gene813	0.5199
sRNA177	Gene185	0.5671
sRNA98	Gene107	0.55258
sRNA25	Gene1353	0.54171
sRNA48	Gene759	0.58683
sRNA152	Gene1149	0.47936
sRNA177	Gene234	0.50956
sRNA161	Gene1648	0.53424
sRNA126	Gene2859	0.50655
sRNA146	Gene599	0.48826
sRNA190	Gene2243	0.51658
sRNA143	Gene1445	0.57727
sRNA218	Gene1281	0.52355
sRNA208	Gene753	0.5041
sRNA198	Gene79	0.49586
sRNA3	Gene408	0.46377
sRNA14	Gene1335	0.54781
sRNA47	Gene425	0.54186
sRNA9	Gene2107	0.5677
sRNA125	Gene2100	0.5988
sRNA39	Gene1323	0.54349
sRNA36	Gene2250	0.51601
sRNA46	Gene876	0.56382
sRNA229	Gene1985	0.54952
sRNA63	Gene1097	0.51791
sRNA141	Gene116	0.56143
sRNA3	Gene2511	0.54732
sRNA9	Gene194	0.45617
sRNA8	Gene772	0.52171
sRNA39	Gene701	0.59894
sRNA40	Gene1127	0.59829
sRNA103	Gene2435	0.49496
sRNA133	Gene2081	0.51307
sRNA60	Gene1595	0.53174
sRNA2	Gene2236	0.57478
sRNA155	Gene21	0.50326
sRNA9	Gene1353	0.50317
sRNA116	Gene506	0.55551
sRNA243	Gene294	0.53983
sRNA50	Gene192	0.51728
sRNA145	Gene2632	0.55153
sRNA9	Gene507	0.61412
sRNA267	Gene235	0.45999
sRNA29	Gene560	0.5634
sRNA46	Gene508	0.5957
sRNA72	Gene661	0.50289
sRNA76	Gene1351	0.48695
sRNA82	Gene1692	0.50617
sRNA105	Gene351	0.47311
sRNA52	Gene985	0.60605
sRNA193	Gene416	0.50614
sRNA229	Gene2040	0.49979
sRNA12	Gene677	0.56555
sRNA37	Gene1787	0.62054
sRNA17	Gene2383	0.51651
sRNA130	Gene2108	0.57682
sRNA244	Gene1829	0.47805
sRNA239	Gene2138	0.52151
sRNA204	Gene619	0.55319
sRNA32	Gene1107	0.557
sRNA43	Gene1132	0.49063
sRNA267	Gene353	0.46807
sRNA10	Gene1344	0.55218
sRNA208	Gene1045	0.4947
sRNA69	Gene2717	0.47376
sRNA231	Gene718	0.51777
sRNA206	Gene26	0.51256
sRNA247	Gene1797	0.46953
sRNA50	Gene1645	0.55739
sRNA238	Gene1006	0.50953
sRNA241	Gene1472	0.53368
sRNA73	Gene713	0.46393
sRNA42	Gene2104	0.56918
sRNA241	Gene1759	0.55248
sRNA101	Gene2768	0.51029
sRNA35	Gene1435	0.56898
sRNA227	Gene2170	0.49994
sRNA33	Gene2114	0.52547
sRNA74	Gene2241	0.52131
sRNA305	Gene2242	0.52059
sRNA50	Gene2463	0.5864
sRNA42	Gene2794	0.5373
sRNA9	Gene2349	0.5643
sRNA53	Gene803	0.50976
sRNA30	Gene1946	0.51981
sRNA101	Gene889	0.56689
sRNA82	Gene1353	0.50412
sRNA72	Gene2693	0.5313
sRNA41	Gene1427	0.53267
sRNA64	Gene1244	0.52065
sRNA209	Gene4	0.54042
sRNA193	Gene1186	0.50436
sRNA83	Gene1661	0.53816
sRNA9	Gene766	0.54104
sRNA146	Gene1368	0.51054
sRNA47	Gene1292	0.47997
sRNA233	Gene183	0.56255
sRNA193	Gene1453	0.45665
sRNA106	Gene1178	0.57643
sRNA71	Gene2106	0.58816
sRNA124	Gene2865	0.51864
sRNA185	Gene2361	0.49029
sRNA139	Gene752	0.52025
sRNA18	Gene1440	0.50324
sRNA278	Gene611	0.46388
sRNA66	Gene918	0.47665
sRNA249	Gene1749	0.50559
sRNA245	Gene1946	0.5341
sRNA193	Gene262	0.46866
sRNA232	Gene745	0.44875
sRNA264	Gene1034	0.51766
sRNA50	Gene959	0.56465
sRNA177	Gene2852	0.51498
sRNA7	Gene456	0.53879
sRNA244	Gene1486	0.51879
sRNA4	Gene2553	0.44705
sRNA194	Gene632	0.55084
sRNA148	Gene2216	0.56148
sRNA201	Gene866	0.47934
sRNA71	Gene1091	0.57009
sRNA50	Gene2551	0.53229
sRNA206	Gene1105	0.51143
sRNA129	Gene1682	0.59159
sRNA3	Gene1202	0.5489
sRNA100	Gene1352	0.52065
sRNA150	Gene2146	0.48905
sRNA231	Gene2004	0.51049
sRNA53	Gene817	0.50463
sRNA91	Gene1460	0.44826
sRNA216	Gene1782	0.54021
sRNA159	Gene326	0.51507
sRNA223	Gene2341	0.55657
sRNA18	Gene2632	0.5281
sRNA46	Gene1884	0.58642
sRNA172	Gene2041	0.528
sRNA148	Gene1587	0.52579
sRNA260	Gene2349	0.46034
sRNA261	Gene725	0.49699
sRNA118	Gene1432	0.54134
sRNA9	Gene61	0.47496
sRNA255	Gene2032	0.45714
sRNA9	Gene1433	0.53056
sRNA7	Gene689	0.60612
sRNA83	Gene1119	0.57121
sRNA80	Gene780	0.54449
sRNA274	Gene2612	0.48073
sRNA117	Gene1185	0.59576
sRNA22	Gene1627	0.46011
sRNA151	Gene2282	0.52748
sRNA7	Gene421	0.57984
sRNA10	Gene1578	0.56623
sRNA116	Gene720	0.52543
sRNA125	Gene2680	0.58833
sRNA244	Gene1651	0.51108
sRNA45	Gene893	0.55166
sRNA50	Gene2417	0.47783
sRNA138	Gene560	0.48268
sRNA173	Gene1138	0.4612
sRNA140	Gene49	0.5414
sRNA211	Gene2337	0.44904
sRNA201	Gene2369	0.51899
sRNA36	Gene1904	0.51852
sRNA61	Gene976	0.54081
sRNA186	Gene1215	0.57414
sRNA246	Gene1804	0.5082
sRNA86	Gene820	0.58992
sRNA180	Gene1410	0.53239
sRNA86	Gene2685	0.57588
sRNA126	Gene463	0.50205
sRNA189	Gene1369	0.52828
sRNA153	Gene2629	0.5513
sRNA38	Gene2129	0.56274
sRNA83	Gene1681	0.51255
sRNA181	Gene1679	0.57573
sRNA192	Gene2138	0.50909
sRNA140	Gene2144	0.53368
sRNA236	Gene765	0.55757
sRNA6	Gene1560	0.55504
sRNA275	Gene2490	0.4583
sRNA117	Gene2372	0.56575
sRNA50	Gene368	0.55869
sRNA223	Gene1069	0.55084
sRNA76	Gene876	0.57417
sRNA50	Gene798	0.54873
sRNA164	Gene175	0.48643
sRNA224	Gene2667	0.56813
sRNA70	Gene473	0.58301
sRNA130	Gene1043	0.57574
sRNA165	Gene636	0.48575
sRNA214	Gene497	0.58799
sRNA135	Gene123	0.5129
sRNA240	Gene1559	0.58165
sRNA33	Gene285	0.50278
sRNA10	Gene1492	0.54402
sRNA101	Gene2184	0.514
sRNA185	Gene727	0.49665
sRNA223	Gene1105	0.58286
sRNA176	Gene245	0.56486
sRNA47	Gene1000	0.54543
sRNA49	Gene1659	0.55022
sRNA229	Gene1115	0.54345
sRNA10	Gene688	0.56811
sRNA197	Gene1507	0.49359
sRNA223	Gene1259	0.55876
sRNA8	Gene351	0.50285
sRNA53	Gene2021	0.53207
sRNA32	Gene243	0.49362
sRNA223	Gene1692	0.53483
sRNA131	Gene2126	0.51979
sRNA50	Gene2601	0.5248
sRNA213	Gene2510	0.55297
sRNA222	Gene1210	0.47514
sRNA266	Gene2042	0.48581
sRNA89	Gene2504	0.47423
sRNA138	Gene436	0.46696
sRNA9	Gene924	0.54589
sRNA8	Gene878	0.49746
sRNA104	Gene1051	0.5221
sRNA87	Gene507	0.58951
sRNA50	Gene296	0.50908
sRNA60	Gene1375	0.49838
sRNA150	Gene2569	0.47998
sRNA154	Gene1801	0.57726
sRNA10	Gene1293	0.56642
sRNA19	Gene304	0.56646
sRNA106	Gene2138	0.56804
sRNA213	Gene555	0.551
sRNA183	Gene1945	0.47779
sRNA183	Gene1465	0.49877
sRNA212	Gene434	0.52406
sRNA62	Gene1738	0.52448
sRNA183	Gene991	0.45427
sRNA48	Gene1912	0.52811
sRNA265	Gene234	0.52003
sRNA243	Gene2527	0.56906
sRNA71	Gene931	0.5721
sRNA97	Gene1167	0.52595
sRNA202	Gene1176	0.53848
sRNA153	Gene552	0.57658
sRNA243	Gene2085	0.55102
sRNA174	Gene1885	0.49703
sRNA105	Gene2466	0.49689
sRNA17	Gene1302	0.51066
sRNA70	Gene2370	0.52604
sRNA223	Gene1913	0.55011
sRNA24	Gene2770	0.49917
sRNA216	Gene757	0.55322
sRNA36	Gene1566	0.54746
sRNA11	Gene398	0.55454
sRNA21	Gene1880	0.50777
sRNA189	Gene218	0.45826
sRNA242	Gene2456	0.51848
sRNA62	Gene2538	0.46039
sRNA273	Gene1429	0.48776
sRNA220	Gene1436	0.5299
sRNA194	Gene404	0.56894
sRNA160	Gene2136	0.50774
sRNA41	Gene767	0.52244
sRNA76	Gene2635	0.57627
sRNA53	Gene572	0.51452
sRNA87	Gene1879	0.53935
sRNA87	Gene1803	0.52954
sRNA5	Gene739	0.47939
sRNA93	Gene2668	0.53113
sRNA223	Gene149	0.57412
sRNA9	Gene1804	0.52566
sRNA276	Gene1451	0.50386
sRNA35	Gene1422	0.54017
sRNA147	Gene2473	0.56916
sRNA151	Gene723	0.5681
sRNA82	Gene1297	0.54548
sRNA70	Gene731	0.57274
sRNA164	Gene300	0.52732
sRNA40	Gene2226	0.60848
sRNA213	Gene1194	0.51267
sRNA222	Gene2508	0.51265
sRNA86	Gene104	0.60748
sRNA154	Gene2159	0.55603
sRNA25	Gene549	0.58076
sRNA120	Gene695	0.54952
sRNA113	Gene2713	0.48841
sRNA73	Gene70	0.45569
sRNA285	Gene1208	0.46084
sRNA135	Gene1091	0.52419
sRNA237	Gene1003	0.49003
sRNA257	Gene23	0.55732
sRNA9	Gene2279	0.49315
sRNA140	Gene937	0.55355
sRNA156	Gene2736	0.50412
sRNA61	Gene1408	0.53331
sRNA36	Gene1921	0.51013
sRNA38	Gene748	0.56377
sRNA127	Gene2377	0.5902
sRNA3	Gene2128	0.50526
sRNA238	Gene1752	0.47352
sRNA71	Gene2404	0.55345
sRNA84	Gene145	0.50873
sRNA9	Gene570	0.53365
sRNA48	Gene2557	0.58298
sRNA231	Gene2278	0.50927
sRNA288	Gene177	0.49143
sRNA37	Gene2657	0.53547
sRNA50	Gene1391	0.49134
sRNA189	Gene736	0.49435
sRNA50	Gene1884	0.49194
sRNA32	Gene166	0.49719
sRNA79	Gene65	0.5501
sRNA162	Gene1042	0.5299
sRNA76	Gene1680	0.53471
sRNA31	Gene1186	0.48335
sRNA71	Gene2466	0.55925
sRNA97	Gene2536	0.48935
sRNA97	Gene2651	0.48972
sRNA225	Gene883	0.60326
sRNA128	Gene760	0.52858
sRNA244	Gene1740	0.5464
sRNA232	Gene1751	0.4719
sRNA53	Gene2165	0.5291
sRNA76	Gene1803	0.52484
sRNA197	Gene714	0.50182
sRNA245	Gene130	0.52398
sRNA181	Gene1580	0.55225
sRNA50	Gene37	0.4612
sRNA62	Gene790	0.45369
sRNA70	Gene2205	0.5482
sRNA39	Gene1909	0.54364
sRNA135	Gene2826	0.52427
sRNA243	Gene1976	0.56395
sRNA229	Gene2439	0.5123
sRNA223	Gene1414	0.58033
sRNA96	Gene1645	0.47836
sRNA9	Gene384	0.51502
sRNA229	Gene1047	0.53893
sRNA159	Gene2361	0.53454
sRNA9	Gene1106	0.5703
sRNA9	Gene131	0.56923
sRNA61	Gene1585	0.53791
sRNA20	Gene1493	0.59036
sRNA181	Gene1052	0.57739
sRNA231	Gene783	0.50072
sRNA193	Gene1780	0.47323
sRNA82	Gene663	0.52924
sRNA93	Gene2349	0.54721
sRNA176	Gene1516	0.5685
sRNA23	Gene1614	0.48537
sRNA34	Gene2626	0.48972
sRNA98	Gene1593	0.4924
sRNA164	Gene2555	0.45422
sRNA131	Gene2341	0.53208
sRNA223	Gene871	0.58671
sRNA237	Gene422	0.48731
sRNA160	Gene92	0.53898
sRNA9	Gene770	0.57102
sRNA232	Gene437	0.47014
sRNA31	Gene2713	0.49308
sRNA140	Gene1181	0.49355
sRNA126	Gene634	0.51926
sRNA17	Gene1222	0.53011
sRNA64	Gene524	0.58884
sRNA9	Gene1909	0.57159
sRNA43	Gene1556	0.50003
sRNA149	Gene1259	0.46953
sRNA213	Gene1385	0.55439
sRNA9	Gene1199	0.51816
sRNA183	Gene2377	0.58091
sRNA188	Gene2779	0.50724
sRNA73	Gene113	0.50039
sRNA210	Gene1588	0.49761
sRNA63	Gene1130	0.5134
sRNA49	Gene2607	0.53891
sRNA125	Gene2215	0.58338
sRNA76	Gene1720	0.57042
sRNA53	Gene1479	0.49453
sRNA267	Gene311	0.44968
sRNA183	Gene2719	0.50834
sRNA185	Gene2693	0.46186
sRNA86	Gene2758	0.60203
sRNA88	Gene377	0.49098
sRNA208	Gene681	0.50598
sRNA17	Gene411	0.48522
sRNA9	Gene1230	0.45999
sRNA50	Gene2764	0.58724
sRNA213	Gene1831	0.53716
sRNA112	Gene2250	0.53369
sRNA163	Gene2136	0.54971
sRNA80	Gene202	0.50336
sRNA12	Gene411	0.54025
sRNA225	Gene205	0.56918
sRNA53	Gene972	0.50515
sRNA14	Gene489	0.50996
sRNA130	Gene809	0.5523
sRNA170	Gene258	0.48318
sRNA111	Gene1609	0.57798
sRNA31	Gene1581	0.50026
sRNA229	Gene642	0.54889
sRNA219	Gene1188	0.49813
sRNA248	Gene1519	0.47697
sRNA171	Gene1564	0.47552
sRNA220	Gene1967	0.58691
sRNA62	Gene1354	0.52438
sRNA109	Gene317	0.51391
sRNA155	Gene1974	0.48663
sRNA26	Gene1482	0.5117
sRNA75	Gene1018	0.5251
sRNA30	Gene2125	0.49789
sRNA245	Gene2677	0.49308
sRNA9	Gene2353	0.5436
sRNA177	Gene489	0.56083
sRNA108	Gene2145	0.53118
sRNA226	Gene257	0.51677
sRNA9	Gene642	0.51333
sRNA2	Gene428	0.54014
sRNA20	Gene67	0.52339
sRNA162	Gene958	0.54564
sRNA218	Gene933	0.48433
sRNA235	Gene1151	0.5333
sRNA215	Gene2241	0.48255
sRNA32	Gene347	0.47728
sRNA50	Gene1646	0.53326
sRNA76	Gene2365	0.50922
sRNA144	Gene922	0.56275
sRNA53	Gene1408	0.52399
sRNA151	Gene765	0.53656
sRNA155	Gene1369	0.48595
sRNA117	Gene1139	0.52514
sRNA85	Gene157	0.51716
sRNA249	Gene2204	0.48686
sRNA9	Gene2676	0.46217
sRNA50	Gene343	0.55674
sRNA253	Gene2722	0.4999
sRNA231	Gene2717	0.52696
sRNA132	Gene1757	0.49118
sRNA205	Gene877	0.46708
sRNA197	Gene881	0.59139
sRNA4	Gene1672	0.44586
sRNA9	Gene1695	0.50014
sRNA275	Gene1801	0.47965
sRNA60	Gene1856	0.52346
sRNA147	Gene1719	0.57903
sRNA209	Gene1202	0.56506
sRNA247	Gene2263	0.45095
sRNA97	Gene1698	0.5042
sRNA50	Gene1967	0.50239
sRNA56	Gene2120	0.4671
sRNA187	Gene16	0.55837
sRNA9	Gene1079	0.5357
sRNA247	Gene1689	0.46617
sRNA64	Gene1778	0.58202
sRNA74	Gene2273	0.48393
sRNA93	Gene211	0.55409
sRNA9	Gene1984	0.48797
sRNA28	Gene2314	0.49451
sRNA162	Gene1617	0.50579
sRNA67	Gene1378	0.48252
sRNA176	Gene231	0.5488
sRNA180	Gene618	0.47169
sRNA110	Gene736	0.58286
sRNA248	Gene339	0.466
sRNA147	Gene2706	0.52654
sRNA213	Gene879	0.53676
sRNA205	Gene2586	0.49488
sRNA184	Gene221	0.48821
sRNA296	Gene1471	0.51071
sRNA124	Gene2038	0.53201
sRNA97	Gene418	0.57378
sRNA111	Gene867	0.58098
sRNA9	Gene2613	0.54831
sRNA92	Gene1722	0.52771
sRNA50	Gene2837	0.55703
sRNA46	Gene1842	0.57468
sRNA210	Gene387	0.49499
sRNA9	Gene2764	0.45575
sRNA190	Gene1827	0.54044
sRNA3	Gene920	0.57996
sRNA257	Gene1244	0.51648
sRNA9	Gene1487	0.55728
sRNA75	Gene1179	0.52844
sRNA216	Gene606	0.55033
sRNA175	Gene2072	0.5064
sRNA227	Gene2106	0.55378
sRNA36	Gene1502	0.5135
sRNA9	Gene1314	0.51695
sRNA242	Gene2183	0.50796
sRNA108	Gene2738	0.53887
sRNA218	Gene1134	0.54676
sRNA127	Gene2388	0.56258
sRNA200	Gene351	0.4813
sRNA11	Gene650	0.52329
sRNA199	Gene1265	0.53964
sRNA170	Gene1783	0.51384
sRNA87	Gene451	0.56174
sRNA100	Gene920	0.59227
sRNA82	Gene547	0.52526
sRNA160	Gene2433	0.51507
sRNA7	Gene1005	0.60483
sRNA101	Gene642	0.52377
sRNA61	Gene1966	0.50598
sRNA42	Gene111	0.56509
sRNA148	Gene2562	0.52423
sRNA199	Gene826	0.53297
sRNA249	Gene1801	0.49306
sRNA176	Gene275	0.55193
sRNA265	Gene2440	0.45572
sRNA74	Gene2409	0.51081
sRNA58	Gene958	0.45401
sRNA222	Gene1503	0.48735
sRNA162	Gene1000	0.5131
sRNA9	Gene560	0.5285
sRNA9	Gene233	0.51529
sRNA133	Gene2748	0.51895
sRNA25	Gene1600	0.53884
sRNA127	Gene1304	0.53796
sRNA9	Gene1493	0.54374
sRNA265	Gene2794	0.48021
sRNA26	Gene799	0.53349
sRNA140	Gene498	0.56927
sRNA147	Gene2185	0.55282
sRNA49	Gene237	0.53706
sRNA39	Gene1128	0.5925
sRNA45	Gene537	0.5914
sRNA240	Gene12	0.51927
sRNA67	Gene1973	0.47457
sRNA277	Gene1038	0.4538
sRNA197	Gene131	0.47784
sRNA225	Gene2733	0.61162
sRNA42	Gene890	0.57274
sRNA98	Gene2199	0.53522
sRNA160	Gene2244	0.60756
sRNA66	Gene2297	0.44971
sRNA81	Gene1081	0.50196
sRNA177	Gene1205	0.51869
sRNA101	Gene1312	0.5249
sRNA236	Gene1609	0.55833
sRNA237	Gene1812	0.47393
sRNA163	Gene1580	0.53252
sRNA71	Gene1660	0.56321
sRNA51	Gene979	0.55419
sRNA67	Gene1832	0.50158
sRNA9	Gene123	0.46853
sRNA3	Gene2788	0.49813
sRNA73	Gene2814	0.45163
sRNA43	Gene2616	0.55235
sRNA178	Gene2192	0.53518
sRNA9	Gene2735	0.47254
sRNA50	Gene2483	0.51654
sRNA258	Gene241	0.47097
sRNA130	Gene357	0.57034
sRNA103	Gene2003	0.52999
sRNA272	Gene550	0.53034
sRNA58	Gene1293	0.48167
sRNA25	Gene1253	0.57555
sRNA57	Gene2291	0.48643
sRNA130	Gene2551	0.51389
sRNA235	Gene1651	0.51432
sRNA131	Gene95	0.54065
sRNA3	Gene1489	0.50504
sRNA200	Gene2783	0.45296
sRNA151	Gene958	0.56123
sRNA28	Gene145	0.50061
sRNA265	Gene68	0.45966
sRNA140	Gene520	0.58723
sRNA50	Gene705	0.49478
sRNA216	Gene2579	0.54625
sRNA221	Gene1982	0.53189
sRNA42	Gene831	0.56839
sRNA160	Gene610	0.58763
sRNA9	Gene1488	0.51752
sRNA9	Gene217	0.51593
sRNA164	Gene1437	0.4851
sRNA224	Gene2149	0.54375
sRNA187	Gene2695	0.54823
sRNA157	Gene2036	0.56401
sRNA244	Gene2425	0.53078
sRNA228	Gene1272	0.48068
sRNA201	Gene99	0.49531
sRNA73	Gene684	0.48603
sRNA62	Gene449	0.56598
sRNA289	Gene2740	0.52552
sRNA83	Gene2071	0.56861
sRNA50	Gene48	0.55931
sRNA68	Gene1785	0.52172
sRNA70	Gene149	0.54765
sRNA58	Gene2483	0.47899
sRNA199	Gene1420	0.57521
sRNA74	Gene382	0.51235
sRNA273	Gene2608	0.45275
sRNA240	Gene1669	0.53601
sRNA9	Gene1516	0.51611
sRNA9	Gene2851	0.53644
sRNA147	Gene2094	0.56224
sRNA166	Gene1211	0.46184
sRNA264	Gene674	0.48797
sRNA38	Gene858	0.61115
sRNA125	Gene1213	0.60081
sRNA265	Gene1473	0.50795
sRNA71	Gene2247	0.57807
sRNA13	Gene1312	0.46498
sRNA118	Gene2098	0.52351
sRNA182	Gene385	0.49557
sRNA89	Gene2442	0.51843
sRNA222	Gene2296	0.4461
sRNA104	Gene311	0.54875
sRNA179	Gene2144	0.48937
sRNA80	Gene552	0.52927
sRNA9	Gene2173	0.51232
sRNA147	Gene309	0.51921
sRNA93	Gene384	0.56763
sRNA100	Gene1336	0.53422
sRNA231	Gene36	0.4551
sRNA6	Gene1504	0.4793
sRNA34	Gene2650	0.46965
sRNA142	Gene721	0.53404
sRNA249	Gene1516	0.5093
sRNA145	Gene715	0.51921
sRNA67	Gene59	0.51046
sRNA183	Gene1279	0.56113
sRNA52	Gene2339	0.51214
sRNA92	Gene1058	0.49251
sRNA174	Gene88	0.46321
sRNA187	Gene2854	0.51075
sRNA172	Gene1578	0.46865
sRNA185	Gene2006	0.52053
sRNA50	Gene1467	0.47072
sRNA59	Gene1496	0.52208
sRNA242	Gene2738	0.49012
sRNA207	Gene155	0.54534
sRNA112	Gene2756	0.57967
sRNA160	Gene260	0.55562
sRNA162	Gene2677	0.50617
sRNA108	Gene2115	0.54841
sRNA47	Gene778	0.58898
sRNA216	Gene322	0.54862
sRNA188	Gene1957	0.52994
sRNA50	Gene1090	0.50761
sRNA60	Gene2250	0.50362
sRNA227	Gene367	0.57531
sRNA220	Gene2101	0.55743
sRNA36	Gene1565	0.48612
sRNA210	Gene819	0.48511
sRNA148	Gene875	0.5565
sRNA236	Gene1745	0.57664
sRNA98	Gene2834	0.48608
sRNA276	Gene1222	0.55443
sRNA170	Gene1531	0.47876
sRNA153	Gene575	0.57052
sRNA11	Gene2860	0.4563
sRNA53	Gene1632	0.52659
sRNA174	Gene102	0.49337
sRNA149	Gene1189	0.46831
sRNA216	Gene1290	0.50792
sRNA147	Gene1048	0.51586
sRNA82	Gene2636	0.55369
sRNA35	Gene552	0.52022
sRNA129	Gene2207	0.57988
sRNA50	Gene2749	0.56071
sRNA184	Gene163	0.48262
sRNA40	Gene2792	0.47964
sRNA57	Gene1693	0.50969
sRNA93	Gene1242	0.53868
sRNA31	Gene2536	0.48398
sRNA238	Gene774	0.51202
sRNA140	Gene654	0.52788
sRNA141	Gene797	0.51307
sRNA198	Gene2295	0.4814
sRNA267	Gene161	0.53954
sRNA149	Gene2460	0.5231
sRNA11	Gene1302	0.5258
sRNA84	Gene298	0.52203
sRNA221	Gene2580	0.57734
sRNA139	Gene2563	0.54769
sRNA84	Gene1169	0.50301
sRNA152	Gene2132	0.55257
sRNA229	Gene823	0.50926
sRNA63	Gene1289	0.51568
sRNA188	Gene1326	0.49113
sRNA128	Gene310	0.48389
sRNA157	Gene2744	0.55942
sRNA164	Gene2114	0.50393
sRNA77	Gene467	0.56984
sRNA175	Gene2236	0.49102
sRNA9	Gene242	0.6181
sRNA9	Gene1362	0.47262
sRNA265	Gene202	0.51184
sRNA43	Gene2269	0.48461
sRNA150	Gene1203	0.55744
sRNA9	Gene964	0.47516
sRNA157	Gene1187	0.57232
sRNA231	Gene211	0.5549
sRNA133	Gene456	0.50363
sRNA51	Gene2741	0.57092
sRNA207	Gene2697	0.51585
sRNA222	Gene2531	0.52617
sRNA70	Gene642	0.53895
sRNA282	Gene1682	0.47325
sRNA173	Gene2746	0.5479
sRNA236	Gene445	0.54272
sRNA150	Gene2629	0.55783
sRNA273	Gene211	0.4937
sRNA152	Gene2722	0.51033
sRNA54	Gene678	0.47531
sRNA186	Gene2171	0.5337
sRNA265	Gene2147	0.50926
sRNA197	Gene2695	0.53385
sRNA38	Gene2258	0.55477
sRNA238	Gene1252	0.46508
sRNA9	Gene882	0.55843
sRNA197	Gene2130	0.50123
sRNA50	Gene218	0.5305
sRNA229	Gene1924	0.52112
sRNA222	Gene669	0.55518
sRNA175	Gene2255	0.52029
sRNA68	Gene866	0.50743
sRNA56	Gene30	0.52375
sRNA227	Gene2651	0.48449
sRNA207	Gene1187	0.55895
sRNA165	Gene1222	0.45798
sRNA141	Gene1505	0.54941
sRNA87	Gene1766	0.56197
sRNA231	Gene425	0.49701
sRNA59	Gene503	0.60626
sRNA9	Gene1333	0.49891
sRNA132	Gene2201	0.50066
sRNA223	Gene394	0.51919
sRNA172	Gene2762	0.52882
sRNA183	Gene2783	0.52045
sRNA250	Gene1386	0.45136
sRNA50	Gene2677	0.52574
sRNA213	Gene2432	0.51111
sRNA169	Gene1609	0.52757
sRNA25	Gene1820	0.54847
sRNA71	Gene2061	0.555
sRNA166	Gene95	0.46459
sRNA268	Gene467	0.47961
sRNA67	Gene175	0.52094
sRNA193	Gene1044	0.51931
sRNA207	Gene331	0.53483
sRNA123	Gene985	0.45157
sRNA193	Gene2389	0.5229
sRNA188	Gene1767	0.55907
sRNA150	Gene1881	0.46894
sRNA52	Gene298	0.56518
sRNA201	Gene749	0.48945
sRNA77	Gene2731	0.56344
sRNA264	Gene2540	0.49041
sRNA9	Gene812	0.51041
sRNA160	Gene85	0.57072
sRNA246	Gene1722	0.53141
sRNA143	Gene2092	0.54923
sRNA189	Gene256	0.50833
sRNA244	Gene2443	0.56334
sRNA101	Gene2763	0.55
sRNA101	Gene122	0.50313
sRNA100	Gene988	0.53869
sRNA9	Gene282	0.52555
sRNA151	Gene1422	0.55329
sRNA56	Gene740	0.4506
sRNA79	Gene1840	0.47605
sRNA191	Gene1614	0.51827
sRNA111	Gene1279	0.5777
sRNA249	Gene194	0.46549
sRNA185	Gene1318	0.4475
sRNA189	Gene253	0.53427
sRNA189	Gene384	0.49019
sRNA236	Gene1503	0.5747
sRNA9	Gene2023	0.4959
sRNA160	Gene195	0.52818
sRNA38	Gene1453	0.56281
sRNA35	Gene2500	0.52222
sRNA214	Gene1741	0.56313
sRNA202	Gene2490	0.52755
sRNA72	Gene1053	0.51403
sRNA178	Gene383	0.5508
sRNA200	Gene108	0.46197
sRNA214	Gene1910	0.53306
sRNA201	Gene1218	0.5065
sRNA282	Gene1884	0.45162
sRNA50	Gene293	0.52317
sRNA35	Gene799	0.54497
sRNA40	Gene2433	0.49894
sRNA221	Gene1402	0.5576
sRNA68	Gene452	0.54863
sRNA71	Gene2498	0.55506
sRNA167	Gene1169	0.49687
sRNA92	Gene1456	0.47252
sRNA174	Gene1379	0.46024
sRNA64	Gene1909	0.59
sRNA201	Gene2121	0.53368
sRNA208	Gene516	0.53669
sRNA67	Gene2118	0.52349
sRNA115	Gene795	0.52118
sRNA34	Gene2711	0.44622
sRNA33	Gene701	0.60078
sRNA40	Gene2542	0.47535
sRNA77	Gene1561	0.55338
sRNA164	Gene317	0.50156
sRNA246	Gene2696	0.53309
sRNA52	Gene2241	0.57355
sRNA40	Gene485	0.49576
sRNA47	Gene1723	0.52558
sRNA64	Gene1973	0.52305
sRNA85	Gene599	0.51956
sRNA80	Gene219	0.51424
sRNA9	Gene1381	0.5648
sRNA229	Gene566	0.5125
sRNA83	Gene1161	0.561
sRNA64	Gene377	0.55656
sRNA143	Gene2739	0.49932
sRNA82	Gene2355	0.52393
sRNA262	Gene1945	0.53574
sRNA92	Gene2024	0.49563
sRNA45	Gene143	0.56992
sRNA53	Gene1973	0.51691
sRNA227	Gene42	0.52284
sRNA152	Gene2097	0.56738
sRNA52	Gene2794	0.57792
sRNA71	Gene1238	0.601
sRNA72	Gene122	0.53003
sRNA72	Gene107	0.5466
sRNA32	Gene1380	0.52176
sRNA135	Gene2770	0.53324
sRNA42	Gene557	0.55985
sRNA141	Gene2466	0.5475
sRNA140	Gene1475	0.53962
sRNA189	Gene997	0.53049
sRNA151	Gene1918	0.52897
sRNA74	Gene1388	0.50126
sRNA241	Gene126	0.55779
sRNA159	Gene322	0.5563
sRNA232	Gene444	0.49124
sRNA192	Gene2294	0.49931
sRNA143	Gene1088	0.56313
sRNA16	Gene1352	0.52285
sRNA184	Gene256	0.52266
sRNA220	Gene2524	0.52397
sRNA263	Gene2218	0.46986
sRNA25	Gene172	0.53256
sRNA147	Gene1925	0.55069
sRNA81	Gene893	0.5474
sRNA43	Gene1133	0.52244
sRNA130	Gene503	0.54679
sRNA70	Gene892	0.52687
sRNA209	Gene498	0.541
sRNA215	Gene2277	0.52911
sRNA49	Gene1795	0.5635
sRNA44	Gene2347	0.5066
sRNA3	Gene895	0.55353
sRNA198	Gene490	0.51182
sRNA236	Gene1217	0.55963
sRNA165	Gene261	0.53474
sRNA4	Gene19	0.51201
sRNA117	Gene1721	0.56807
sRNA150	Gene2797	0.54053
sRNA96	Gene189	0.50403
sRNA140	Gene923	0.5731
sRNA36	Gene2032	0.50332
sRNA207	Gene2180	0.56433
sRNA82	Gene1598	0.54623
sRNA174	Gene874	0.51542
sRNA108	Gene119	0.5176
sRNA62	Gene619	0.58573
sRNA227	Gene2002	0.53588
sRNA62	Gene2679	0.45319
sRNA98	Gene2765	0.54634
sRNA143	Gene2831	0.56372
sRNA36	Gene418	0.5671
sRNA200	Gene2238	0.49578
sRNA134	Gene1064	0.54723
sRNA75	Gene936	0.54728
sRNA185	Gene471	0.4718
sRNA100	Gene207	0.58426
sRNA278	Gene854	0.48655
sRNA197	Gene1410	0.4914
sRNA119	Gene601	0.54398
sRNA278	Gene1377	0.48096
sRNA131	Gene2118	0.51216
sRNA58	Gene360	0.53405
sRNA51	Gene1786	0.55742
sRNA9	Gene1701	0.45983
sRNA131	Gene2381	0.53536
sRNA180	Gene318	0.49099
sRNA128	Gene91	0.57505
sRNA25	Gene2458	0.55937
sRNA148	Gene1153	0.57905
sRNA9	Gene2644	0.45512
sRNA7	Gene2052	0.51753
sRNA232	Gene2678	0.45689
sRNA9	Gene1311	0.54785
sRNA227	Gene1872	0.47802
sRNA257	Gene565	0.55403
sRNA9	Gene2117	0.57667
sRNA88	Gene1664	0.52578
sRNA32	Gene2628	0.52554
sRNA16	Gene2257	0.49691
sRNA49	Gene313	0.56449
sRNA152	Gene2310	0.4909
sRNA118	Gene212	0.51218
sRNA7	Gene1239	0.54744
sRNA201	Gene752	0.50401
sRNA9	Gene2306	0.47699
sRNA9	Gene277	0.46213
sRNA57	Gene1641	0.50106
sRNA132	Gene1958	0.45934
sRNA210	Gene2398	0.45327
sRNA106	Gene1849	0.55077
sRNA93	Gene2746	0.54958
sRNA196	Gene6	0.47224
sRNA9	Gene2312	0.44872
sRNA3	Gene750	0.55774
sRNA56	Gene433	0.47095
sRNA20	Gene2804	0.5434
sRNA190	Gene2772	0.5362
sRNA198	Gene915	0.51122
sRNA202	Gene88	0.47264
sRNA145	Gene1360	0.5117
sRNA59	Gene1476	0.51039
sRNA123	Gene2730	0.5288
sRNA64	Gene2018	0.5632
sRNA243	Gene2465	0.57079
sRNA130	Gene772	0.5747
sRNA9	Gene1134	0.52673
sRNA162	Gene328	0.53745
sRNA2	Gene832	0.55675
sRNA273	Gene2675	0.4534
sRNA53	Gene2668	0.51749
sRNA143	Gene2341	0.53809
sRNA11	Gene472	0.50977
sRNA5	Gene2216	0.51166
sRNA82	Gene264	0.45918
sRNA65	Gene1009	0.52035
sRNA9	Gene444	0.5361
sRNA93	Gene1375	0.50366
sRNA153	Gene869	0.53627
sRNA4	Gene1704	0.50605
sRNA169	Gene98	0.4921
sRNA46	Gene2509	0.55698
sRNA191	Gene369	0.48652
sRNA150	Gene1544	0.54756
sRNA21	Gene2527	0.50124
sRNA244	Gene2550	0.51677
sRNA89	Gene898	0.49039
sRNA66	Gene1353	0.51135
sRNA78	Gene2273	0.50231
sRNA29	Gene768	0.55854
sRNA154	Gene442	0.57148
sRNA128	Gene1282	0.55718
sRNA60	Gene1743	0.52037
sRNA79	Gene1137	0.51703
sRNA109	Gene98	0.513
sRNA193	Gene1693	0.51529
sRNA3	Gene239	0.45534
sRNA26	Gene1017	0.51281
sRNA113	Gene973	0.4685
sRNA70	Gene754	0.53361
sRNA78	Gene334	0.52976
sRNA260	Gene1013	0.48552
sRNA149	Gene722	0.48165
sRNA100	Gene2648	0.56027
sRNA104	Gene1109	0.53106
sRNA181	Gene2137	0.54415
sRNA62	Gene2641	0.45941
sRNA178	Gene1714	0.50491
sRNA50	Gene484	0.56401
sRNA245	Gene2528	0.47621
sRNA165	Gene1355	0.50546
sRNA269	Gene1370	0.47969
sRNA9	Gene216	0.51333
sRNA234	Gene1	0.61924
sRNA153	Gene993	0.50979
sRNA213	Gene1786	0.53753
sRNA111	Gene2261	0.45219
sRNA9	Gene2368	0.50845
sRNA237	Gene2251	0.50639
sRNA106	Gene2130	0.50877
sRNA234	Gene1586	0.59061
sRNA89	Gene2268	0.52716
sRNA26	Gene2601	0.50804
sRNA144	Gene432	0.5432
sRNA287	Gene551	0.47826
sRNA143	Gene2682	0.53338
sRNA116	Gene2762	0.539
sRNA191	Gene2569	0.53719
sRNA5	Gene693	0.50465
sRNA311	Gene1568	0.54052
sRNA246	Gene1221	0.50651
sRNA33	Gene412	0.49639
sRNA224	Gene2326	0.56214
sRNA191	Gene488	0.50108
sRNA7	Gene832	0.61126
sRNA139	Gene2152	0.51808
sRNA62	Gene1417	0.48061
sRNA132	Gene132	0.47241
sRNA245	Gene90	0.53361
sRNA76	Gene2005	0.54512
sRNA295	Gene767	0.4805
sRNA58	Gene2175	0.51284
sRNA30	Gene2383	0.47991
sRNA1	Gene159	0.50097
sRNA11	Gene61	0.50131
sRNA38	Gene602	0.58151
sRNA130	Gene1839	0.54118
sRNA7	Gene1690	0.5898
sRNA57	Gene1199	0.51625
sRNA52	Gene866	0.58257
sRNA255	Gene1495	0.44998
sRNA152	Gene1941	0.47017
sRNA127	Gene1915	0.54367
sRNA59	Gene296	0.55065
sRNA165	Gene375	0.47973
sRNA247	Gene576	0.50935
sRNA3	Gene1882	0.44739
sRNA292	Gene2724	0.47662
sRNA9	Gene1147	0.56863
sRNA188	Gene1694	0.5365
sRNA182	Gene780	0.46996
sRNA189	Gene2549	0.51011
sRNA47	Gene2282	0.4986
sRNA44	Gene2707	0.5048
sRNA97	Gene826	0.47682
sRNA40	Gene1501	0.54041
sRNA40	Gene716	0.50436
sRNA10	Gene1487	0.57115
sRNA46	Gene2557	0.56132
sRNA299	Gene2080	0.49882
sRNA90	Gene1932	0.50019
sRNA28	Gene2023	0.49029
sRNA77	Gene218	0.54675
sRNA223	Gene1637	0.55076
sRNA92	Gene276	0.55068
sRNA218	Gene1230	0.52998
sRNA96	Gene1134	0.58135
sRNA46	Gene1712	0.58453
sRNA114	Gene689	0.52624
sRNA157	Gene553	0.54935
sRNA146	Gene1439	0.55186
sRNA225	Gene486	0.58283
sRNA36	Gene1290	0.52692
sRNA141	Gene2309	0.58841
sRNA3	Gene486	0.57449
sRNA140	Gene91	0.54642
sRNA67	Gene431	0.54748
sRNA174	Gene1796	0.49155
sRNA90	Gene1401	0.53803
sRNA200	Gene830	0.51151
sRNA33	Gene7	0.51795
sRNA130	Gene419	0.5437
sRNA231	Gene643	0.52643
sRNA62	Gene1081	0.54823
sRNA55	Gene631	0.54925
sRNA35	Gene2072	0.54558
sRNA197	Gene1643	0.50872
sRNA9	Gene1709	0.57065
sRNA50	Gene1576	0.53294
sRNA93	Gene2833	0.53978
sRNA65	Gene712	0.54278
sRNA204	Gene620	0.5178
sRNA166	Gene660	0.45819
sRNA234	Gene1518	0.56456
sRNA255	Gene1422	0.45886
sRNA3	Gene237	0.48766
sRNA159	Gene350	0.53299
sRNA225	Gene256	0.59612
sRNA92	Gene1953	0.53141
sRNA106	Gene924	0.57555
sRNA229	Gene1153	0.56324
sRNA216	Gene1247	0.4948
sRNA30	Gene1036	0.52204
sRNA245	Gene1143	0.57274
sRNA141	Gene2189	0.51745
sRNA118	Gene329	0.52108
sRNA106	Gene979	0.53689
sRNA201	Gene920	0.50378
sRNA223	Gene2550	0.49722
sRNA9	Gene351	0.50405
sRNA164	Gene2745	0.53819
sRNA234	Gene1666	0.52426
sRNA133	Gene262	0.50558
sRNA231	Gene1885	0.51197
sRNA53	Gene602	0.52075
sRNA223	Gene2639	0.55281
sRNA276	Gene1970	0.55557
sRNA147	Gene2162	0.55647
sRNA154	Gene2381	0.54577
sRNA212	Gene2771	0.59084
sRNA171	Gene1189	0.49296
sRNA51	Gene2002	0.60546
sRNA9	Gene2732	0.57151
sRNA240	Gene2666	0.57842
sRNA158	Gene973	0.55724
sRNA50	Gene1509	0.55958
sRNA125	Gene2631	0.57107
sRNA213	Gene958	0.53244
sRNA165	Gene294	0.50427
sRNA41	Gene2144	0.56465
sRNA207	Gene559	0.5515
sRNA125	Gene2405	0.52024
sRNA240	Gene1723	0.58792
sRNA70	Gene2001	0.5959
sRNA9	Gene2210	0.51578
sRNA122	Gene290	0.52498
sRNA175	Gene379	0.50697
sRNA154	Gene1604	0.56474
sRNA68	Gene1964	0.54394
sRNA56	Gene2452	0.51625
sRNA59	Gene2069	0.54318
sRNA83	Gene1424	0.52442
sRNA130	Gene1633	0.55186
sRNA96	Gene2209	0.5235
sRNA75	Gene166	0.52959
sRNA249	Gene174	0.47811
sRNA9	Gene1908	0.50089
sRNA9	Gene1910	0.54455
sRNA245	Gene2510	0.54917
sRNA45	Gene847	0.57279
sRNA9	Gene1082	0.54254
sRNA50	Gene2699	0.53706
sRNA169	Gene1857	0.484
sRNA239	Gene1821	0.47376
sRNA58	Gene1864	0.50172
sRNA132	Gene526	0.48132
sRNA126	Gene1333	0.55313
sRNA77	Gene209	0.51171
sRNA80	Gene2692	0.50879
sRNA29	Gene958	0.529
sRNA111	Gene546	0.57779
sRNA31	Gene1391	0.48342
sRNA9	Gene1860	0.46391
sRNA209	Gene1403	0.53466
sRNA259	Gene60	0.45163
sRNA73	Gene812	0.48304
sRNA86	Gene1675	0.58436
sRNA18	Gene31	0.55742
sRNA8	Gene231	0.51244
sRNA46	Gene1837	0.58283
sRNA161	Gene98	0.52048
sRNA56	Gene1958	0.4828
sRNA26	Gene1418	0.53324
sRNA210	Gene1635	0.50601
sRNA42	Gene2051	0.54351
sRNA129	Gene1701	0.58499
sRNA235	Gene313	0.56074
sRNA208	Gene1023	0.50721
sRNA210	Gene2686	0.48319
sRNA128	Gene2121	0.527
sRNA145	Gene776	0.54546
sRNA190	Gene1065	0.54117
sRNA26	Gene627	0.5204
sRNA228	Gene487	0.48424
sRNA126	Gene265	0.5217
sRNA236	Gene42	0.5174
sRNA7	Gene904	0.55806
sRNA18	Gene17	0.53174
sRNA163	Gene2716	0.56467
sRNA136	Gene848	0.52583
sRNA234	Gene243	0.56271
sRNA79	Gene116	0.51951
sRNA71	Gene2231	0.56895
sRNA48	Gene1895	0.54695
sRNA172	Gene224	0.52972
sRNA52	Gene370	0.58119
sRNA260	Gene898	0.522
sRNA239	Gene2361	0.53888
sRNA194	Gene1313	0.53737
sRNA132	Gene644	0.47836
sRNA9	Gene285	0.51695
sRNA127	Gene1620	0.5605
sRNA206	Gene2297	0.51488
sRNA157	Gene2536	0.56732
sRNA9	Gene1040	0.53265
sRNA258	Gene1045	0.48961
sRNA210	Gene1174	0.48791
sRNA248	Gene23	0.47423
sRNA101	Gene1792	0.51653
sRNA93	Gene2850	0.48402
sRNA81	Gene2623	0.53453
sRNA198	Gene2390	0.47963
sRNA41	Gene2618	0.56073
sRNA244	Gene2372	0.53872
sRNA10	Gene957	0.57662
sRNA9	Gene143	0.55149
sRNA9	Gene1377	0.53276
sRNA29	Gene361	0.51277
sRNA149	Gene1752	0.46162
sRNA173	Gene430	0.49911
sRNA223	Gene2244	0.59009
sRNA49	Gene1477	0.55906
sRNA53	Gene2385	0.54124
sRNA204	Gene1990	0.50478
sRNA143	Gene459	0.54973
sRNA97	Gene2688	0.53424
sRNA236	Gene941	0.55343
sRNA45	Gene778	0.58168
sRNA39	Gene1954	0.51347
sRNA50	Gene249	0.46387
sRNA71	Gene1811	0.60266
sRNA89	Gene1922	0.52134
sRNA116	Gene767	0.56002
sRNA36	Gene1326	0.49916
sRNA201	Gene1156	0.50781
sRNA190	Gene1556	0.55776
sRNA111	Gene863	0.53588
sRNA47	Gene2758	0.49303
sRNA129	Gene1552	0.56322
sRNA100	Gene1495	0.4803
sRNA56	Gene2149	0.48233
sRNA146	Gene1112	0.52033
sRNA58	Gene2260	0.48899
sRNA43	Gene2632	0.4776
sRNA285	Gene899	0.44624
sRNA231	Gene514	0.54745
sRNA28	Gene2606	0.49731
sRNA2	Gene1597	0.54556
sRNA87	Gene1423	0.55881
sRNA150	Gene1236	0.49163
sRNA76	Gene1023	0.582
sRNA82	Gene1228	0.48168
sRNA188	Gene565	0.51911
sRNA221	Gene1916	0.48699
sRNA197	Gene1597	0.51117
sRNA38	Gene2158	0.59343
sRNA48	Gene1457	0.54619
sRNA272	Gene410	0.50214
sRNA59	Gene1465	0.50563
sRNA9	Gene141	0.53664
sRNA9	Gene459	0.53633
sRNA225	Gene478	0.60536
sRNA224	Gene2625	0.58807
sRNA203	Gene1038	0.51426
sRNA259	Gene2576	0.45386
sRNA96	Gene799	0.4816
sRNA94	Gene982	0.4909
sRNA230	Gene2563	0.51125
sRNA176	Gene2511	0.56893
sRNA50	Gene2767	0.57572
sRNA14	Gene32	0.54299
sRNA112	Gene746	0.59147
sRNA228	Gene882	0.50787
sRNA45	Gene927	0.48401
sRNA154	Gene1228	0.53705
sRNA190	Gene1498	0.56253
sRNA166	Gene751	0.47651
sRNA55	Gene2475	0.51154
sRNA32	Gene1081	0.56186
sRNA9	Gene2386	0.56394
sRNA258	Gene2477	0.51696
sRNA9	Gene1702	0.46585
sRNA118	Gene902	0.51805
sRNA9	Gene991	0.54773
sRNA178	Gene1394	0.56881
sRNA131	Gene80	0.55799
sRNA131	Gene1980	0.56518
sRNA106	Gene771	0.58108
sRNA173	Gene2699	0.53023
sRNA164	Gene752	0.51612
sRNA257	Gene1665	0.49865
sRNA148	Gene2652	0.51075
sRNA263	Gene2566	0.49644
sRNA213	Gene2224	0.55143
sRNA31	Gene487	0.47039
sRNA231	Gene1936	0.49243
sRNA145	Gene1378	0.5181
sRNA49	Gene2317	0.56396
sRNA123	Gene1990	0.49357
sRNA36	Gene809	0.50918
sRNA86	Gene2781	0.57737
sRNA196	Gene1046	0.45386
sRNA76	Gene455	0.56402
sRNA114	Gene1927	0.57099
sRNA42	Gene1367	0.58527
sRNA265	Gene948	0.49559
sRNA28	Gene2483	0.47261
sRNA9	Gene2172	0.50098
sRNA70	Gene1770	0.59965
sRNA50	Gene1144	0.58554
sRNA240	Gene304	0.51421
sRNA238	Gene2336	0.52126
sRNA315	Gene129	0.44713
sRNA81	Gene2730	0.51579
sRNA50	Gene1691	0.49028
sRNA131	Gene600	0.50614
sRNA9	Gene1745	0.55933
sRNA240	Gene2764	0.52009
sRNA227	Gene2412	0.5702
sRNA50	Gene171	0.54825
sRNA168	Gene560	0.48624
sRNA153	Gene1389	0.51125
sRNA148	Gene1209	0.5387
sRNA157	Gene540	0.51493
sRNA4	Gene1692	0.45901
sRNA20	Gene2651	0.52
sRNA140	Gene2770	0.55664
sRNA232	Gene563	0.46437
sRNA73	Gene852	0.49397
sRNA214	Gene2747	0.54658
sRNA68	Gene1911	0.44648
sRNA194	Gene1115	0.56346
sRNA70	Gene196	0.54549
sRNA12	Gene2636	0.54062
sRNA98	Gene809	0.47712
sRNA88	Gene2593	0.53831
sRNA6	Gene1269	0.49942
sRNA139	Gene2282	0.51236
sRNA84	Gene2081	0.49419
sRNA160	Gene2691	0.52917
sRNA173	Gene982	0.55259
sRNA119	Gene718	0.53
sRNA272	Gene1191	0.50181
sRNA146	Gene2200	0.53618
sRNA124	Gene843	0.53688
sRNA86	Gene2584	0.59182
sRNA160	Gene1144	0.50944
sRNA16	Gene639	0.56738
sRNA130	Gene2311	0.5475
sRNA133	Gene2649	0.49317
sRNA12	Gene2512	0.55117
sRNA119	Gene794	0.53452
sRNA240	Gene2088	0.58112
sRNA155	Gene2773	0.4712
sRNA267	Gene662	0.45694
sRNA152	Gene1164	0.52006
sRNA142	Gene2210	0.50209
sRNA9	Gene1849	0.55709
sRNA207	Gene1879	0.49573
sRNA173	Gene2757	0.47738
sRNA245	Gene934	0.57569
sRNA82	Gene1652	0.51958
sRNA183	Gene1782	0.54477
sRNA123	Gene2677	0.50101
sRNA178	Gene466	0.52797
sRNA239	Gene2828	0.52306
sRNA116	Gene1438	0.52022
sRNA90	Gene1441	0.54275
sRNA267	Gene209	0.46917
sRNA9	Gene2182	0.48361
sRNA227	Gene1686	0.58348
sRNA176	Gene1633	0.55718
sRNA9	Gene2223	0.5185
sRNA49	Gene2392	0.52377
sRNA241	Gene2040	0.57922
sRNA198	Gene359	0.48065
sRNA111	Gene2472	0.56137
sRNA209	Gene1217	0.58311
sRNA3	Gene1475	0.48083
sRNA239	Gene1988	0.51535
sRNA181	Gene1322	0.54025
sRNA177	Gene2505	0.58625
sRNA142	Gene495	0.54426
sRNA206	Gene1370	0.49499
sRNA19	Gene1899	0.52299
sRNA50	Gene227	0.57646
sRNA154	Gene1366	0.57596
sRNA74	Gene461	0.50692
sRNA9	Gene2710	0.48426
sRNA131	Gene1283	0.52642
sRNA187	Gene2630	0.55258
sRNA213	Gene214	0.48991
sRNA58	Gene1766	0.52012
sRNA32	Gene940	0.53202
sRNA181	Gene1432	0.55306
sRNA225	Gene1421	0.56123
sRNA86	Gene2115	0.58417
sRNA147	Gene1400	0.54984
sRNA125	Gene966	0.5508
sRNA101	Gene24	0.52478
sRNA36	Gene652	0.53428
sRNA38	Gene1863	0.61324
sRNA191	Gene331	0.53474
sRNA185	Gene2261	0.4554
sRNA243	Gene2833	0.5697
sRNA45	Gene856	0.56578
sRNA53	Gene1998	0.48297
sRNA247	Gene2468	0.4825
sRNA258	Gene1187	0.49848
sRNA143	Gene1342	0.57336
sRNA72	Gene350	0.52678
sRNA214	Gene2328	0.56226
sRNA248	Gene1391	0.47637
sRNA220	Gene706	0.58316
sRNA190	Gene2044	0.52615
sRNA183	Gene213	0.52037
sRNA315	Gene323	0.44819
sRNA12	Gene1768	0.56926
sRNA163	Gene373	0.5496
sRNA172	Gene1031	0.54498
sRNA72	Gene210	0.56154
sRNA197	Gene1953	0.48641
sRNA97	Gene239	0.56321
sRNA50	Gene436	0.54074
sRNA72	Gene1224	0.48443
sRNA77	Gene1477	0.53945
sRNA112	Gene892	0.5828
sRNA52	Gene214	0.55999
sRNA51	Gene2198	0.56
sRNA38	Gene1869	0.52906
sRNA12	Gene1493	0.52879
sRNA193	Gene1162	0.4963
sRNA72	Gene292	0.51744
sRNA52	Gene1700	0.61036
sRNA81	Gene174	0.53973
sRNA194	Gene1191	0.54865
sRNA12	Gene802	0.55365
sRNA117	Gene614	0.55059
sRNA159	Gene1882	0.48302
sRNA104	Gene1862	0.60467
sRNA46	Gene222	0.55809
sRNA9	Gene1297	0.53428
sRNA93	Gene907	0.45687
sRNA131	Gene1672	0.54276
sRNA200	Gene1580	0.45765
sRNA56	Gene749	0.49193
sRNA109	Gene1620	0.53392
sRNA234	Gene2677	0.56967
sRNA3	Gene643	0.56899
sRNA175	Gene2379	0.50295
sRNA158	Gene1535	0.49748
sRNA65	Gene1058	0.49236
sRNA232	Gene434	0.47594
sRNA233	Gene356	0.57727
sRNA33	Gene2115	0.53079
sRNA220	Gene2179	0.56521
sRNA181	Gene797	0.54223
sRNA208	Gene2565	0.5089
sRNA134	Gene1666	0.51542
sRNA273	Gene1003	0.49921
sRNA175	Gene603	0.54402
sRNA140	Gene2599	0.51276
sRNA55	Gene143	0.58696
sRNA50	Gene499	0.49067
sRNA259	Gene1106	0.48242
sRNA192	Gene354	0.54423
sRNA93	Gene2312	0.48503
sRNA142	Gene1286	0.53964
sRNA257	Gene2028	0.48732
sRNA90	Gene1316	0.5457
sRNA183	Gene2526	0.51467
sRNA12	Gene2540	0.56397
sRNA178	Gene1211	0.54549
sRNA116	Gene1476	0.52491
sRNA166	Gene2243	0.4877
sRNA179	Gene503	0.5119
sRNA111	Gene2074	0.55661
sRNA208	Gene145	0.45794
sRNA79	Gene910	0.47361
sRNA118	Gene430	0.50107
sRNA210	Gene2033	0.50304
sRNA109	Gene654	0.52627
sRNA126	Gene1606	0.51231
sRNA43	Gene2434	0.49908
sRNA53	Gene751	0.55041
sRNA265	Gene1871	0.47134
sRNA46	Gene964	0.58149
sRNA80	Gene58	0.48744
sRNA178	Gene1652	0.53362
sRNA206	Gene1427	0.51234
sRNA165	Gene2266	0.45782
sRNA51	Gene685	0.57463
sRNA50	Gene696	0.54034
sRNA245	Gene895	0.56276
sRNA135	Gene2656	0.48981
sRNA97	Gene1971	0.54195
sRNA61	Gene1344	0.54565
sRNA157	Gene1267	0.5805
sRNA98	Gene1287	0.51442
sRNA40	Gene107	0.53209
sRNA144	Gene1839	0.53246
sRNA20	Gene493	0.55474
sRNA50	Gene2561	0.54537
sRNA267	Gene1143	0.45209
sRNA111	Gene119	0.54084
sRNA200	Gene2399	0.47523
sRNA166	Gene2020	0.50289
sRNA165	Gene1625	0.45278
sRNA217	Gene542	0.52738
sRNA158	Gene483	0.49635
sRNA213	Gene1445	0.51888
sRNA17	Gene235	0.50623
sRNA178	Gene1541	0.59941
sRNA9	Gene490	0.55083
sRNA1	Gene1759	0.5001
sRNA63	Gene1071	0.54127
sRNA9	Gene169	0.56834
sRNA230	Gene252	0.45728
sRNA157	Gene2699	0.57199
sRNA45	Gene194	0.50455
sRNA103	Gene1640	0.46582
sRNA131	Gene1055	0.56671
sRNA244	Gene575	0.59157
sRNA87	Gene1445	0.58904
sRNA241	Gene2208	0.53795
sRNA1	Gene83	0.52957
sRNA129	Gene2479	0.57913
sRNA222	Gene2235	0.45683
sRNA230	Gene939	0.48164
sRNA112	Gene1342	0.56821
sRNA241	Gene1559	0.55919
sRNA283	Gene2614	0.46461
sRNA160	Gene2320	0.5202
sRNA28	Gene1471	0.51448
sRNA9	Gene944	0.53693
sRNA262	Gene2181	0.52812
sRNA93	Gene700	0.54791
sRNA11	Gene2586	0.5511
sRNA6	Gene1564	0.53988
sRNA132	Gene1470	0.47988
sRNA9	Gene2623	0.46966
sRNA153	Gene519	0.54841
sRNA211	Gene948	0.51767
sRNA166	Gene784	0.46165
sRNA245	Gene1048	0.54659
sRNA278	Gene2238	0.48645
sRNA257	Gene2005	0.51425
sRNA319	Gene914	0.50816
sRNA71	Gene2388	0.55204
sRNA45	Gene2726	0.45865
sRNA2	Gene2532	0.56803
sRNA9	Gene1386	0.54741
sRNA170	Gene64	0.52389
sRNA65	Gene803	0.54096
sRNA219	Gene2315	0.51102
sRNA9	Gene196	0.54647
sRNA187	Gene1750	0.52792
sRNA197	Gene2217	0.54077
sRNA71	Gene1960	0.55948
sRNA75	Gene320	0.5546
sRNA196	Gene334	0.47274
sRNA103	Gene2511	0.55683
sRNA236	Gene2734	0.55791
sRNA139	Gene1100	0.50251
sRNA200	Gene2074	0.49742
sRNA167	Gene1590	0.48085
sRNA50	Gene410	0.51727
sRNA126	Gene1666	0.47296
sRNA204	Gene1248	0.52219
sRNA273	Gene2721	0.47463
sRNA198	Gene1048	0.52476
sRNA217	Gene1330	0.53085
sRNA190	Gene1592	0.57153
sRNA217	Gene2267	0.46111
sRNA291	Gene2104	0.4785
sRNA58	Gene791	0.48542
sRNA106	Gene1804	0.50366
sRNA191	Gene608	0.46975
sRNA148	Gene2680	0.56911
sRNA3	Gene2738	0.53724
sRNA158	Gene2144	0.53527
sRNA168	Gene363	0.49107
sRNA9	Gene1985	0.44896
sRNA36	Gene41	0.52859
sRNA33	Gene1985	0.55531
sRNA145	Gene1302	0.53763
sRNA71	Gene2297	0.50697
sRNA97	Gene334	0.53513
sRNA218	Gene1694	0.54231
sRNA126	Gene1006	0.52806
sRNA146	Gene479	0.53304
sRNA85	Gene1783	0.4644
sRNA144	Gene1501	0.56439
sRNA264	Gene454	0.49138
sRNA104	Gene988	0.52134
sRNA142	Gene2853	0.5057
sRNA9	Gene2581	0.50939
sRNA206	Gene2423	0.50377
sRNA3	Gene876	0.53574
sRNA230	Gene985	0.48289
sRNA145	Gene1554	0.50613
sRNA127	Gene1804	0.51999
sRNA150	Gene84	0.54895
sRNA140	Gene1240	0.53999
sRNA62	Gene509	0.55428
sRNA76	Gene1744	0.56444
sRNA108	Gene2652	0.50843
sRNA189	Gene2510	0.51819
sRNA81	Gene2391	0.54119
sRNA19	Gene583	0.53538
sRNA127	Gene2533	0.55923
sRNA246	Gene1885	0.53931
sRNA58	Gene519	0.53523
sRNA50	Gene1047	0.45351
sRNA171	Gene507	0.47464
sRNA9	Gene1167	0.48102
sRNA277	Gene471	0.46331
sRNA146	Gene1416	0.52049
sRNA30	Gene216	0.52712
sRNA12	Gene6	0.52754
sRNA249	Gene727	0.46544
sRNA277	Gene14	0.4512
sRNA75	Gene2420	0.55873
sRNA35	Gene2199	0.54234
sRNA120	Gene824	0.50796
sRNA9	Gene989	0.60713
sRNA111	Gene1406	0.53255
sRNA248	Gene1320	0.46714
sRNA50	Gene2536	0.54748
sRNA83	Gene222	0.49833
sRNA21	Gene1660	0.51048
sRNA164	Gene964	0.47856
sRNA45	Gene1115	0.58909
sRNA30	Gene1971	0.5488
sRNA43	Gene2729	0.45566
sRNA126	Gene1181	0.52779
sRNA174	Gene1906	0.51753
sRNA81	Gene2509	0.49217
sRNA213	Gene2696	0.52969
sRNA115	Gene156	0.57978
sRNA50	Gene2738	0.49582
sRNA181	Gene1480	0.55528
sRNA174	Gene2229	0.4859
sRNA108	Gene1644	0.55128
sRNA70	Gene1050	0.61224
sRNA159	Gene1353	0.5285
sRNA220	Gene2159	0.56893
sRNA89	Gene1937	0.50186
sRNA47	Gene411	0.46288
sRNA129	Gene2369	0.57101
sRNA206	Gene2025	0.51507
sRNA104	Gene2012	0.47939
sRNA88	Gene1473	0.52981
sRNA172	Gene2509	0.55568
sRNA134	Gene676	0.51809
sRNA211	Gene608	0.45744
sRNA6	Gene1868	0.49119
sRNA68	Gene198	0.48911
sRNA33	Gene297	0.52409
sRNA10	Gene2410	0.54504
sRNA170	Gene546	0.51724
sRNA108	Gene2476	0.57829
sRNA92	Gene190	0.49427
sRNA26	Gene2597	0.50846
sRNA9	Gene609	0.58828
sRNA21	Gene188	0.52287
sRNA9	Gene756	0.54683
sRNA37	Gene16	0.60501
sRNA144	Gene1830	0.48986
sRNA225	Gene604	0.56726
sRNA137	Gene1350	0.4695
sRNA152	Gene946	0.52127
sRNA208	Gene1526	0.50223
sRNA58	Gene1173	0.54168
sRNA106	Gene2079	0.50279
sRNA227	Gene1948	0.58542
sRNA236	Gene572	0.59329
sRNA82	Gene1731	0.53692
sRNA148	Gene197	0.55416
sRNA132	Gene1141	0.52335
sRNA33	Gene70	0.51052
sRNA106	Gene2601	0.56431
sRNA126	Gene137	0.51067
sRNA50	Gene2090	0.58509
sRNA234	Gene530	0.50826
sRNA208	Gene2232	0.46864
sRNA96	Gene594	0.54554
sRNA127	Gene94	0.59186
sRNA82	Gene504	0.50471
sRNA52	Gene2293	0.55264
sRNA276	Gene2196	0.54211
sRNA73	Gene193	0.4786
sRNA109	Gene229	0.52657
sRNA225	Gene370	0.51907
sRNA136	Gene764	0.53321
sRNA62	Gene149	0.57013
sRNA187	Gene870	0.58041
sRNA240	Gene2747	0.59563
sRNA22	Gene1184	0.52166
sRNA66	Gene1531	0.49756
sRNA64	Gene2179	0.58612
sRNA224	Gene1810	0.58282
sRNA26	Gene2777	0.51594
sRNA13	Gene1863	0.46858
sRNA75	Gene1376	0.52402
sRNA218	Gene1162	0.58161
sRNA162	Gene715	0.53594
sRNA286	Gene1790	0.47669
sRNA118	Gene1656	0.49226
sRNA9	Gene317	0.51467
sRNA240	Gene2752	0.5797
sRNA231	Gene594	0.51217
sRNA58	Gene1071	0.50052
sRNA172	Gene513	0.55974
sRNA98	Gene303	0.53513
sRNA169	Gene593	0.49609
sRNA77	Gene2007	0.54874
sRNA157	Gene747	0.55476
sRNA270	Gene972	0.51376
sRNA30	Gene1468	0.52803
sRNA12	Gene989	0.55333
sRNA252	Gene1870	0.4953
sRNA199	Gene957	0.57562
sRNA175	Gene501	0.4929
sRNA24	Gene1035	0.46798
sRNA7	Gene1764	0.57095
sRNA190	Gene874	0.56141
sRNA45	Gene2467	0.47335
sRNA93	Gene638	0.492
sRNA101	Gene2101	0.52402
sRNA9	Gene539	0.53764
sRNA189	Gene2310	0.50719
sRNA185	Gene878	0.48877
sRNA170	Gene1675	0.51771
sRNA235	Gene767	0.54152
sRNA131	Gene1049	0.56728
sRNA151	Gene2393	0.49806
sRNA31	Gene2721	0.49604
sRNA141	Gene1848	0.52799
sRNA9	Gene2728	0.4744
sRNA70	Gene2582	0.56624
sRNA148	Gene13	0.57032
sRNA8	Gene735	0.55393
sRNA129	Gene813	0.57493
sRNA9	Gene1639	0.51133
sRNA165	Gene2657	0.44734
sRNA276	Gene1887	0.55732
sRNA197	Gene844	0.55774
sRNA50	Gene1072	0.52959
sRNA76	Gene2162	0.56391
sRNA226	Gene1648	0.54733
sRNA52	Gene748	0.58467
sRNA9	Gene2002	0.45083
sRNA154	Gene2660	0.57744
sRNA9	Gene1940	0.4978
sRNA89	Gene740	0.51549
sRNA234	Gene6	0.56299
sRNA152	Gene2634	0.47309
sRNA185	Gene1143	0.50423
sRNA9	Gene1787	0.56348
sRNA126	Gene627	0.4865
sRNA147	Gene1156	0.55034
sRNA238	Gene2569	0.47327
sRNA224	Gene2684	0.57558
sRNA130	Gene679	0.59475
sRNA50	Gene1650	0.48814
sRNA266	Gene2479	0.477
sRNA26	Gene2693	0.48643
sRNA82	Gene2815	0.5241
sRNA43	Gene2155	0.46783
sRNA112	Gene681	0.55522
sRNA128	Gene224	0.58484
sRNA59	Gene986	0.57535
sRNA148	Gene357	0.58572
sRNA68	Gene2468	0.51591
sRNA147	Gene1936	0.55397
sRNA147	Gene17	0.50672
sRNA37	Gene2773	0.58258
sRNA16	Gene404	0.49961
sRNA82	Gene1766	0.50934
sRNA176	Gene2817	0.59876
sRNA50	Gene1519	0.53401
sRNA232	Gene1134	0.54398
sRNA192	Gene501	0.51057
sRNA170	Gene14	0.50297
sRNA169	Gene713	0.51426
sRNA3	Gene1805	0.51256
sRNA221	Gene199	0.55124
sRNA167	Gene1036	0.5517
sRNA245	Gene1144	0.56696
sRNA219	Gene2016	0.47258
sRNA152	Gene2554	0.49985
sRNA159	Gene542	0.54071
sRNA115	Gene972	0.54756
sRNA132	Gene2172	0.52386
sRNA144	Gene693	0.52279
sRNA48	Gene296	0.56537
sRNA185	Gene1964	0.46595
sRNA86	Gene2009	0.59248
sRNA3	Gene1967	0.55212
sRNA96	Gene2184	0.48516
sRNA62	Gene594	0.50993
sRNA146	Gene1381	0.54912
sRNA176	Gene2632	0.52664
sRNA87	Gene2293	0.53896
sRNA221	Gene1953	0.54913
sRNA9	Gene2215	0.56801
sRNA283	Gene2773	0.47457
sRNA6	Gene2757	0.57886
sRNA166	Gene1349	0.50881
sRNA9	Gene2690	0.55511
sRNA90	Gene1619	0.55224
sRNA143	Gene1356	0.58778
sRNA257	Gene2746	0.52255
sRNA250	Gene2687	0.47864
sRNA120	Gene648	0.46064
sRNA50	Gene10	0.52738
sRNA289	Gene109	0.52339
sRNA168	Gene683	0.44687
sRNA19	Gene2442	0.54546
sRNA56	Gene2744	0.45849
sRNA9	Gene2491	0.52625
sRNA60	Gene392	0.46787
sRNA78	Gene2594	0.55952
sRNA188	Gene1200	0.587
sRNA141	Gene2753	0.57401
sRNA198	Gene2296	0.44791
sRNA112	Gene1416	0.56196
sRNA148	Gene108	0.52645
sRNA50	Gene2707	0.5623
sRNA178	Gene2342	0.57389
sRNA132	Gene2025	0.50323
sRNA236	Gene1486	0.56647
sRNA265	Gene935	0.50737
sRNA162	Gene1971	0.51238
sRNA223	Gene2450	0.61192
sRNA112	Gene1132	0.56703
sRNA132	Gene545	0.5483
sRNA16	Gene802	0.49858
sRNA199	Gene846	0.53918
sRNA9	Gene2721	0.48213
sRNA9	Gene1226	0.45011
sRNA1	Gene448	0.54493
sRNA185	Gene1632	0.46561
sRNA9	Gene412	0.49992
sRNA220	Gene273	0.54419
sRNA93	Gene1395	0.48917
sRNA155	Gene1398	0.48174
sRNA140	Gene474	0.54946
sRNA227	Gene2687	0.58524
sRNA73	Gene2341	0.48356
sRNA224	Gene1649	0.60742
sRNA9	Gene1842	0.49388
sRNA241	Gene1176	0.53792
sRNA273	Gene1023	0.46969
sRNA32	Gene678	0.51454
sRNA173	Gene1950	0.52231
sRNA32	Gene707	0.50682
sRNA233	Gene2790	0.58913
sRNA40	Gene1329	0.52675
sRNA26	Gene1117	0.53981
sRNA89	Gene2767	0.48301
sRNA285	Gene1331	0.46764
sRNA187	Gene166	0.55758
sRNA12	Gene196	0.5202
sRNA36	Gene1467	0.51625
sRNA60	Gene1403	0.52031
sRNA214	Gene2541	0.5598
sRNA124	Gene276	0.50061
sRNA35	Gene2738	0.51964
sRNA57	Gene1721	0.49315
sRNA139	Gene2057	0.56392
sRNA109	Gene394	0.53183
sRNA244	Gene839	0.6101
sRNA31	Gene554	0.48622
sRNA227	Gene2463	0.5547
sRNA123	Gene2673	0.48353
sRNA9	Gene1967	0.50192
sRNA222	Gene1579	0.54014
sRNA68	Gene403	0.51006
sRNA89	Gene574	0.48242
sRNA79	Gene1200	0.51417
sRNA182	Gene845	0.50079
sRNA255	Gene265	0.45573
sRNA32	Gene389	0.54839
sRNA90	Gene1768	0.53018
sRNA234	Gene230	0.56175
sRNA208	Gene2481	0.47783
sRNA9	Gene1022	0.54531
sRNA223	Gene150	0.61458
sRNA69	Gene2243	0.49714
sRNA53	Gene148	0.5323
sRNA19	Gene946	0.55341
sRNA183	Gene796	0.52385
sRNA71	Gene579	0.53769
sRNA100	Gene342	0.53059
sRNA267	Gene274	0.44749
sRNA25	Gene1834	0.54304
sRNA211	Gene1985	0.49953
sRNA86	Gene2041	0.56926
sRNA48	Gene2839	0.57082
sRNA116	Gene923	0.50356
sRNA153	Gene1445	0.54525
sRNA143	Gene599	0.6131
sRNA278	Gene342	0.45704
sRNA142	Gene838	0.51116
sRNA159	Gene2160	0.55134
sRNA294	Gene141	0.48205
sRNA249	Gene1773	0.47488
sRNA104	Gene2292	0.47867
sRNA3	Gene343	0.51065
sRNA67	Gene2786	0.50333
sRNA208	Gene1916	0.47748
sRNA9	Gene134	0.54844
sRNA100	Gene1170	0.59173
sRNA162	Gene2432	0.50762
sRNA34	Gene177	0.52689
sRNA278	Gene1561	0.45199
sRNA92	Gene564	0.52325
sRNA171	Gene1786	0.52278
sRNA163	Gene364	0.54255
sRNA197	Gene1736	0.47377
sRNA50	Gene2137	0.51992
sRNA116	Gene1422	0.51704
sRNA96	Gene156	0.53078
sRNA135	Gene901	0.53072
sRNA56	Gene594	0.48083
sRNA1	Gene140	0.53663
sRNA249	Gene2513	0.50006
sRNA247	Gene2761	0.5132
sRNA63	Gene1026	0.53523
sRNA87	Gene2561	0.55169
sRNA176	Gene1424	0.55021
sRNA212	Gene1738	0.49559
sRNA50	Gene506	0.55224
sRNA218	Gene1844	0.51508
sRNA145	Gene1083	0.54071
sRNA214	Gene2801	0.50875
sRNA141	Gene2379	0.51718
sRNA53	Gene2463	0.51597
sRNA224	Gene1653	0.57465
sRNA153	Gene247	0.55389
sRNA129	Gene2083	0.54684
sRNA190	Gene1813	0.563
sRNA92	Gene1402	0.5263
sRNA9	Gene696	0.50803
sRNA213	Gene2716	0.48994
sRNA48	Gene1914	0.53967
sRNA117	Gene2774	0.57598
sRNA288	Gene2427	0.51933
sRNA106	Gene945	0.56801
sRNA3	Gene287	0.50729
sRNA266	Gene1384	0.4804
sRNA266	Gene2199	0.4531
sRNA170	Gene1035	0.49514
sRNA128	Gene366	0.52823
sRNA104	Gene1282	0.49045
sRNA79	Gene358	0.49622
sRNA160	Gene1498	0.51427
sRNA157	Gene1622	0.54653
sRNA50	Gene2156	0.60604
sRNA9	Gene1179	0.5013
sRNA168	Gene763	0.48084
sRNA243	Gene2342	0.5602
sRNA228	Gene1775	0.51293
sRNA176	Gene1248	0.51844
sRNA237	Gene722	0.49968
sRNA38	Gene751	0.56967
sRNA177	Gene2171	0.571
sRNA237	Gene398	0.51594
sRNA79	Gene4	0.55334
sRNA9	Gene146	0.45687
sRNA150	Gene2276	0.5276
sRNA265	Gene994	0.51449
sRNA109	Gene702	0.53396
sRNA276	Gene2817	0.54104
sRNA5	Gene541	0.56253
sRNA145	Gene2098	0.5163
sRNA178	Gene2194	0.51457
sRNA53	Gene2509	0.48993
sRNA83	Gene1672	0.53075
sRNA9	Gene2387	0.52813
sRNA282	Gene697	0.45079
sRNA17	Gene2623	0.51368
sRNA245	Gene255	0.46225
sRNA72	Gene870	0.51475
sRNA92	Gene822	0.4945
sRNA240	Gene2248	0.57901
sRNA142	Gene2838	0.47379
sRNA266	Gene2383	0.46143
sRNA55	Gene303	0.57253
sRNA242	Gene1434	0.55299
sRNA177	Gene2086	0.56021
sRNA234	Gene2058	0.57891
sRNA237	Gene256	0.50333
sRNA33	Gene2692	0.50683
sRNA164	Gene2742	0.50503
sRNA216	Gene2851	0.55261
sRNA32	Gene756	0.54937
sRNA160	Gene2139	0.54794
sRNA247	Gene149	0.46274
sRNA214	Gene185	0.5374
sRNA92	Gene1513	0.5705
sRNA90	Gene1576	0.51802
sRNA10	Gene1385	0.53163
sRNA151	Gene636	0.57303
sRNA77	Gene1349	0.57692
sRNA108	Gene1343	0.5334
sRNA83	Gene2273	0.50794
sRNA130	Gene336	0.52839
sRNA45	Gene145	0.54068
sRNA226	Gene2279	0.51448
sRNA31	Gene946	0.49643
sRNA118	Gene1880	0.48643
sRNA177	Gene2744	0.55977
sRNA52	Gene900	0.56355
sRNA234	Gene517	0.57596
sRNA103	Gene1556	0.53648
sRNA24	Gene541	0.49079
sRNA117	Gene355	0.57736
sRNA209	Gene2253	0.59765
sRNA207	Gene1378	0.55811
sRNA50	Gene2064	0.49396
sRNA34	Gene793	0.50119
sRNA150	Gene135	0.52281
sRNA219	Gene639	0.54321
sRNA178	Gene2640	0.55842
sRNA129	Gene2799	0.54226
sRNA177	Gene2662	0.5344
sRNA47	Gene905	0.47338
sRNA164	Gene2367	0.50853
sRNA26	Gene2052	0.49725
sRNA82	Gene1387	0.49496
sRNA82	Gene2047	0.5098
sRNA65	Gene40	0.54184
sRNA222	Gene2037	0.4523
sRNA135	Gene2683	0.54877
sRNA43	Gene1436	0.4822
sRNA246	Gene1061	0.50217
sRNA124	Gene1913	0.48862
sRNA3	Gene809	0.50967
sRNA17	Gene2621	0.51477
sRNA96	Gene852	0.5243
sRNA25	Gene2129	0.52005
sRNA141	Gene2696	0.53926
sRNA205	Gene2205	0.4774
sRNA228	Gene484	0.51693
sRNA173	Gene172	0.5157
sRNA3	Gene1619	0.4613
sRNA179	Gene2412	0.47886
sRNA187	Gene2261	0.50847
sRNA96	Gene905	0.48777
sRNA140	Gene1105	0.57725
sRNA69	Gene1161	0.49132
sRNA259	Gene950	0.46946
sRNA166	Gene223	0.48319
sRNA220	Gene1011	0.52439
sRNA216	Gene776	0.5755
sRNA212	Gene1252	0.56839
sRNA225	Gene2153	0.52893
sRNA19	Gene1562	0.53757
sRNA7	Gene1405	0.57381
sRNA29	Gene2209	0.55518
sRNA166	Gene1009	0.47133
sRNA175	Gene191	0.52053
sRNA9	Gene2370	0.52382
sRNA185	Gene1366	0.48746
sRNA265	Gene2493	0.45609
sRNA87	Gene2116	0.58511
sRNA269	Gene2553	0.45728
sRNA204	Gene919	0.48762
sRNA10	Gene1199	0.53304
sRNA210	Gene640	0.55217
sRNA18	Gene1696	0.53033
sRNA46	Gene2593	0.56104
sRNA130	Gene1813	0.52459
sRNA50	Gene1888	0.49509
sRNA89	Gene2739	0.53483
sRNA81	Gene600	0.50481
sRNA257	Gene2535	0.55842
sRNA150	Gene483	0.58637
sRNA239	Gene699	0.48595
sRNA105	Gene1652	0.51461
sRNA24	Gene1824	0.47825
sRNA106	Gene213	0.55211
sRNA216	Gene260	0.49449
sRNA24	Gene2567	0.46275
sRNA185	Gene287	0.52161
sRNA139	Gene844	0.47964
sRNA9	Gene234	0.50278
sRNA111	Gene635	0.57483
sRNA10	Gene1758	0.55196
sRNA59	Gene399	0.55958
sRNA50	Gene2274	0.4583
sRNA6	Gene2467	0.51662
sRNA206	Gene1251	0.53743
sRNA264	Gene1024	0.4915
sRNA124	Gene1764	0.54324
sRNA9	Gene439	0.56384
sRNA68	Gene134	0.55939
sRNA9	Gene120	0.48067
sRNA118	Gene465	0.52757
sRNA42	Gene2801	0.51318
sRNA154	Gene1921	0.55094
sRNA34	Gene2515	0.50589
sRNA279	Gene560	0.48532
sRNA288	Gene602	0.51609
sRNA233	Gene581	0.53279
sRNA153	Gene995	0.553
sRNA87	Gene232	0.58543
sRNA107	Gene2468	0.54197
sRNA148	Gene425	0.5891
sRNA71	Gene310	0.56811
sRNA240	Gene1951	0.5728
sRNA255	Gene35	0.47386
sRNA62	Gene507	0.51269
sRNA146	Gene2029	0.54246
sRNA142	Gene2368	0.49345
sRNA93	Gene2170	0.50856
sRNA50	Gene1312	0.50192
sRNA75	Gene1810	0.51267
sRNA114	Gene1398	0.53649
sRNA11	Gene2553	0.53335
sRNA236	Gene1757	0.57716
sRNA233	Gene2518	0.52977
sRNA204	Gene77	0.50489
sRNA81	Gene153	0.52551
sRNA79	Gene678	0.56658
sRNA225	Gene233	0.58423
sRNA29	Gene756	0.55195
sRNA104	Gene1278	0.45875
sRNA9	Gene2384	0.50527
sRNA206	Gene1267	0.51129
sRNA135	Gene350	0.54799
sRNA68	Gene1222	0.48365
sRNA109	Gene1766	0.51415
sRNA81	Gene2144	0.52943
sRNA66	Gene1796	0.48854
sRNA95	Gene200	0.57247
sRNA60	Gene482	0.53829
sRNA204	Gene262	0.48003
sRNA62	Gene1630	0.46625
sRNA35	Gene2474	0.54957
sRNA9	Gene2375	0.53123
sRNA176	Gene1662	0.55885
sRNA210	Gene1971	0.48652
sRNA154	Gene1183	0.55035
sRNA249	Gene1769	0.48899
sRNA60	Gene797	0.50627
sRNA169	Gene1742	0.54147
sRNA60	Gene1867	0.45664
sRNA138	Gene581	0.51036
sRNA9	Gene2738	0.49815
sRNA52	Gene1391	0.56544
sRNA45	Gene733	0.5053
sRNA146	Gene2605	0.51884
sRNA50	Gene1945	0.57113
sRNA17	Gene1766	0.54042
sRNA199	Gene2302	0.49038
sRNA235	Gene2135	0.50779
sRNA276	Gene2567	0.54653
sRNA198	Gene183	0.48516
sRNA239	Gene1341	0.49785
sRNA285	Gene1661	0.46372
sRNA71	Gene735	0.59184
sRNA216	Gene2265	0.55108
sRNA50	Gene1638	0.58825
sRNA50	Gene908	0.54829
sRNA225	Gene507	0.56978
sRNA50	Gene1562	0.46811
sRNA155	Gene2633	0.44986
sRNA239	Gene2248	0.52082
sRNA157	Gene1753	0.52813
sRNA183	Gene521	0.55439
sRNA142	Gene2684	0.53958
sRNA136	Gene140	0.52397
sRNA130	Gene2060	0.55661
sRNA203	Gene269	0.52998
sRNA93	Gene660	0.56416
sRNA190	Gene751	0.53525
sRNA12	Gene2176	0.56594
sRNA68	Gene2631	0.54919
sRNA258	Gene1161	0.45146
sRNA235	Gene328	0.50146
sRNA171	Gene2580	0.50754
sRNA7	Gene1232	0.52243
sRNA9	Gene1092	0.53446
sRNA174	Gene18	0.49436
sRNA152	Gene1442	0.49698
sRNA25	Gene631	0.5058
sRNA244	Gene653	0.5252
sRNA64	Gene297	0.54816
sRNA167	Gene669	0.56291
sRNA2	Gene2567	0.54217
sRNA204	Gene842	0.46967
sRNA183	Gene15	0.51991
sRNA50	Gene1353	0.52472
sRNA68	Gene1552	0.52736
sRNA165	Gene2381	0.52986
sRNA9	Gene508	0.50873
sRNA160	Gene2167	0.52015
sRNA166	Gene1775	0.48772
sRNA32	Gene238	0.53871
sRNA83	Gene307	0.51814
sRNA155	Gene648	0.48622
sRNA227	Gene1620	0.54283
sRNA1	Gene1526	0.51136
sRNA160	Gene2595	0.5336
sRNA98	Gene2153	0.51487
sRNA31	Gene1550	0.4972
sRNA12	Gene1580	0.56822
sRNA51	Gene2699	0.52978
sRNA181	Gene339	0.56375
sRNA190	Gene2383	0.54451
sRNA61	Gene2426	0.55638
sRNA9	Gene936	0.54774
sRNA166	Gene1171	0.48478
sRNA7	Gene87	0.59396
sRNA128	Gene1690	0.5111
sRNA39	Gene415	0.55367
sRNA60	Gene1469	0.49242
sRNA234	Gene1422	0.57642
sRNA200	Gene652	0.4853
sRNA211	Gene1264	0.44842
sRNA50	Gene1715	0.45979
sRNA276	Gene1221	0.5662
sRNA87	Gene458	0.5414
sRNA47	Gene2724	0.48676
sRNA25	Gene438	0.53604
sRNA214	Gene831	0.58802
sRNA29	Gene1201	0.54903
sRNA141	Gene2681	0.51842
sRNA125	Gene1652	0.55871
sRNA198	Gene2611	0.45775
sRNA169	Gene1117	0.52908
sRNA258	Gene697	0.49016
sRNA225	Gene1626	0.56092
sRNA89	Gene1056	0.54754
sRNA228	Gene2557	0.48815
sRNA171	Gene2254	0.54083
sRNA265	Gene783	0.48004
sRNA208	Gene2421	0.51521
sRNA228	Gene2822	0.49196
sRNA139	Gene2560	0.46277
sRNA37	Gene722	0.56792
sRNA3	Gene31	0.56598
sRNA218	Gene2186	0.5359
sRNA150	Gene2428	0.53236
sRNA223	Gene1436	0.56944
sRNA96	Gene1588	0.48689
sRNA131	Gene1923	0.51456
sRNA84	Gene1259	0.51624
sRNA154	Gene79	0.57895
sRNA231	Gene260	0.5366
sRNA65	Gene2358	0.52576
sRNA176	Gene2317	0.53624
sRNA104	Gene1765	0.56276
sRNA214	Gene372	0.57027
sRNA64	Gene1324	0.55161
sRNA44	Gene211	0.48116
sRNA214	Gene1449	0.51036
sRNA176	Gene821	0.55128
sRNA40	Gene611	0.57783
sRNA64	Gene1834	0.57935
sRNA237	Gene1216	0.47801
sRNA91	Gene922	0.48599
sRNA142	Gene1699	0.55747
sRNA164	Gene510	0.50847
sRNA59	Gene1330	0.55416
sRNA244	Gene685	0.55771
sRNA96	Gene958	0.50448
sRNA93	Gene2324	0.54016
sRNA257	Gene2546	0.51416
sRNA216	Gene935	0.57123
sRNA134	Gene455	0.55261
sRNA225	Gene1506	0.53705
sRNA178	Gene2445	0.4866
sRNA9	Gene354	0.51513
sRNA59	Gene1337	0.57369
sRNA111	Gene712	0.56457
sRNA41	Gene2258	0.56543
sRNA146	Gene2104	0.51856
sRNA45	Gene685	0.52214
sRNA142	Gene508	0.55136
sRNA130	Gene2558	0.5356
sRNA104	Gene1193	0.5058
sRNA155	Gene112	0.5173
sRNA125	Gene506	0.50531
sRNA16	Gene2758	0.50719
sRNA84	Gene2500	0.48625
sRNA279	Gene2112	0.49449
sRNA58	Gene1036	0.49859
sRNA272	Gene2863	0.4618
sRNA64	Gene1887	0.55525
sRNA248	Gene1057	0.46322
sRNA92	Gene1737	0.52933
sRNA148	Gene1100	0.54848
sRNA141	Gene1761	0.53329
sRNA154	Gene1354	0.60388
sRNA109	Gene1858	0.56164
sRNA73	Gene535	0.53185
sRNA39	Gene2215	0.5289
sRNA198	Gene261	0.46705
sRNA9	Gene1249	0.52343
sRNA138	Gene2116	0.50842
sRNA207	Gene468	0.5397
sRNA75	Gene2600	0.51433
sRNA151	Gene762	0.53046
sRNA173	Gene128	0.47961
sRNA50	Gene538	0.52275
sRNA166	Gene2421	0.4783
sRNA226	Gene336	0.51451
sRNA236	Gene2661	0.56027
sRNA222	Gene1771	0.50701
sRNA226	Gene2675	0.51983
sRNA223	Gene861	0.58441
sRNA139	Gene617	0.51488
sRNA112	Gene1025	0.56903
sRNA77	Gene2531	0.52713
sRNA5	Gene2184	0.53945
sRNA144	Gene238	0.52665
sRNA25	Gene1525	0.49463
sRNA234	Gene1719	0.56982
sRNA9	Gene690	0.57437
sRNA138	Gene2703	0.45141
sRNA63	Gene2189	0.52067
sRNA187	Gene2398	0.53874
sRNA173	Gene720	0.50557
sRNA178	Gene203	0.56322
sRNA240	Gene1125	0.59231
sRNA247	Gene289	0.50753
sRNA216	Gene91	0.52568
sRNA79	Gene120	0.53179
sRNA60	Gene2383	0.54627
sRNA209	Gene1493	0.57497
sRNA50	Gene1860	0.50868
sRNA66	Gene355	0.51699
sRNA124	Gene612	0.53472
sRNA283	Gene1906	0.47126
sRNA212	Gene1498	0.51305
sRNA95	Gene1624	0.55118
sRNA19	Gene357	0.56188
sRNA116	Gene189	0.52033
sRNA28	Gene779	0.55175
sRNA28	Gene1774	0.49925
sRNA317	Gene2199	0.46204
sRNA116	Gene205	0.56813
sRNA133	Gene1010	0.53828
sRNA2	Gene2709	0.51304
sRNA36	Gene1668	0.52147
sRNA101	Gene1129	0.54549
sRNA73	Gene1950	0.47608
sRNA48	Gene2628	0.54148
sRNA17	Gene1638	0.52878
sRNA9	Gene192	0.5455
sRNA176	Gene1501	0.55286
sRNA9	Gene1474	0.48956
sRNA261	Gene233	0.50034
sRNA78	Gene2587	0.56414
sRNA236	Gene2442	0.56624
sRNA229	Gene2166	0.52356
sRNA123	Gene2242	0.5146
sRNA82	Gene1143	0.54641
sRNA148	Gene727	0.56259
sRNA80	Gene2582	0.4768
sRNA232	Gene2587	0.47265
sRNA216	Gene1252	0.47797
sRNA198	Gene2118	0.47109
sRNA53	Gene2665	0.50689
sRNA223	Gene450	0.5723
sRNA224	Gene1497	0.5909
sRNA68	Gene697	0.46578
sRNA38	Gene2498	0.60035
sRNA120	Gene561	0.53442
sRNA9	Gene949	0.46471
sRNA81	Gene2728	0.54518
sRNA50	Gene116	0.60032
sRNA198	Gene1142	0.48922
sRNA169	Gene2787	0.56038
sRNA150	Gene558	0.52968
sRNA68	Gene903	0.4978
sRNA62	Gene1460	0.46488
sRNA62	Gene2721	0.46842
sRNA31	Gene175	0.49655
sRNA256	Gene1162	0.45613
sRNA124	Gene178	0.51671
sRNA93	Gene2834	0.50738
sRNA11	Gene2200	0.5296
sRNA97	Gene1162	0.59126
sRNA139	Gene355	0.55122
sRNA9	Gene49	0.55194
sRNA52	Gene2629	0.5616
sRNA142	Gene1419	0.57056
sRNA181	Gene1048	0.54969
sRNA40	Gene411	0.50321
sRNA43	Gene40	0.48342
sRNA211	Gene692	0.45647
sRNA208	Gene610	0.48232
sRNA185	Gene1116	0.54394
sRNA111	Gene2846	0.59833
sRNA259	Gene2210	0.47143
sRNA259	Gene34	0.51758
sRNA216	Gene1915	0.48976
sRNA127	Gene1862	0.56805
sRNA9	Gene2804	0.46436
sRNA265	Gene543	0.46102
sRNA163	Gene991	0.50662
sRNA28	Gene690	0.49885
sRNA152	Gene1696	0.51923
sRNA218	Gene1333	0.56597
sRNA69	Gene2662	0.44913
sRNA186	Gene297	0.61773
sRNA50	Gene2641	0.44785
sRNA126	Gene974	0.47392
sRNA163	Gene1608	0.51707
sRNA85	Gene1789	0.49874
sRNA152	Gene2305	0.47067
sRNA103	Gene2120	0.55034
sRNA158	Gene2629	0.5504
sRNA183	Gene252	0.48417
sRNA53	Gene1245	0.50063
sRNA255	Gene309	0.48946
sRNA141	Gene329	0.60241
sRNA225	Gene275	0.56542
sRNA144	Gene2348	0.54839
sRNA158	Gene1009	0.51721
sRNA189	Gene510	0.48982
sRNA18	Gene931	0.47676
sRNA117	Gene2157	0.57869
sRNA180	Gene2782	0.54589
sRNA64	Gene1190	0.54892
sRNA118	Gene2273	0.46673
sRNA76	Gene2307	0.53285
sRNA165	Gene377	0.55314
sRNA52	Gene184	0.57929
sRNA197	Gene1642	0.50636
sRNA66	Gene1558	0.48744
sRNA141	Gene2162	0.55994
sRNA207	Gene2553	0.57976
sRNA226	Gene2393	0.51606
sRNA188	Gene1386	0.50485
sRNA64	Gene2089	0.55311
sRNA45	Gene1609	0.53103
sRNA26	Gene793	0.55202
sRNA128	Gene60	0.56396
sRNA130	Gene851	0.57641
sRNA186	Gene1465	0.44915
sRNA50	Gene2554	0.52464
sRNA273	Gene1370	0.48256
sRNA19	Gene2611	0.51078
sRNA50	Gene2714	0.49752
sRNA56	Gene837	0.49934
sRNA128	Gene355	0.51602
sRNA160	Gene855	0.49119
sRNA130	Gene164	0.53028
sRNA259	Gene2540	0.45444
sRNA261	Gene384	0.50292
sRNA111	Gene1965	0.54904
sRNA179	Gene272	0.51849
sRNA204	Gene1769	0.51756
sRNA11	Gene2636	0.53032
sRNA198	Gene2788	0.50413
sRNA26	Gene2732	0.52946
sRNA155	Gene1557	0.49998
sRNA70	Gene1312	0.52278
sRNA109	Gene2229	0.50045
sRNA1	Gene1650	0.51733
sRNA52	Gene1827	0.53925
sRNA177	Gene2190	0.58805
sRNA34	Gene2491	0.47848
sRNA64	Gene171	0.58358
sRNA47	Gene1983	0.51347
sRNA215	Gene794	0.53873
sRNA176	Gene2568	0.51166
sRNA71	Gene603	0.58623
sRNA126	Gene2141	0.55049
sRNA30	Gene664	0.52273
sRNA307	Gene2776	0.44848
sRNA265	Gene2532	0.49245
sRNA90	Gene2622	0.54338
sRNA118	Gene561	0.52714
sRNA152	Gene2604	0.49402
sRNA46	Gene539	0.60138
sRNA9	Gene1261	0.5215
sRNA216	Gene2562	0.46687
sRNA155	Gene24	0.49438
sRNA140	Gene2418	0.48513
sRNA39	Gene914	0.58077
sRNA182	Gene2817	0.48413
sRNA76	Gene1597	0.55208
sRNA130	Gene135	0.53372
sRNA9	Gene1995	0.51823
sRNA187	Gene750	0.5593
sRNA26	Gene1968	0.44919
sRNA168	Gene2456	0.56096
sRNA202	Gene304	0.50966
sRNA286	Gene2745	0.50216
sRNA267	Gene1348	0.46223
sRNA278	Gene1706	0.49544
sRNA78	Gene2165	0.54568
sRNA196	Gene1653	0.44748
sRNA9	Gene959	0.54537
sRNA2	Gene1569	0.56798
sRNA100	Gene34	0.59178
sRNA173	Gene1649	0.49133
sRNA237	Gene2855	0.5255
sRNA282	Gene2117	0.45754
sRNA73	Gene2627	0.51232
sRNA60	Gene1874	0.51647
sRNA87	Gene2817	0.4906
sRNA159	Gene41	0.46904
sRNA31	Gene2343	0.48422
sRNA30	Gene2736	0.5125
sRNA92	Gene740	0.5699
sRNA148	Gene442	0.54838
sRNA198	Gene208	0.49572
sRNA119	Gene970	0.51478
sRNA194	Gene960	0.56883
sRNA18	Gene2665	0.53025
sRNA9	Gene934	0.54866
sRNA9	Gene2160	0.48051
sRNA234	Gene1435	0.57062
sRNA187	Gene596	0.53838
sRNA160	Gene1093	0.57161
sRNA151	Gene1503	0.49933
sRNA214	Gene1614	0.54675
sRNA66	Gene2474	0.49039
sRNA150	Gene387	0.47041
sRNA31	Gene1679	0.48752
sRNA148	Gene1142	0.54359
sRNA66	Gene1046	0.45004
sRNA182	Gene522	0.52479
sRNA117	Gene1582	0.49734
sRNA59	Gene2754	0.50221
sRNA112	Gene2370	0.55825
sRNA9	Gene1324	0.52997
sRNA235	Gene27	0.5575
sRNA141	Gene649	0.4671
sRNA197	Gene1823	0.4989
sRNA159	Gene551	0.53914
sRNA237	Gene297	0.50617
sRNA231	Gene807	0.53931
sRNA174	Gene2463	0.54428
sRNA30	Gene1122	0.51546
sRNA153	Gene2176	0.55259
sRNA58	Gene1196	0.48544
sRNA206	Gene2663	0.49655
sRNA24	Gene1778	0.47582
sRNA50	Gene2519	0.55894
sRNA120	Gene588	0.54559
sRNA187	Gene288	0.52008
sRNA223	Gene940	0.5945
sRNA227	Gene2204	0.49777
sRNA197	Gene917	0.50231
sRNA68	Gene660	0.53072
sRNA211	Gene1141	0.47939
sRNA139	Gene2799	0.52203
sRNA154	Gene994	0.55997
sRNA212	Gene551	0.54383
sRNA41	Gene761	0.57042
sRNA58	Gene1488	0.51379
sRNA196	Gene1262	0.47693
sRNA53	Gene1203	0.51704
sRNA81	Gene2805	0.49423
sRNA48	Gene2363	0.53831
sRNA298	Gene848	0.54185
sRNA17	Gene1396	0.49282
sRNA174	Gene358	0.51079
sRNA131	Gene19	0.54586
sRNA49	Gene1749	0.54965
sRNA118	Gene1745	0.51975
sRNA50	Gene2031	0.49132
sRNA280	Gene485	0.50733
sRNA50	Gene2313	0.51474
sRNA199	Gene1706	0.54881
sRNA118	Gene2566	0.54273
sRNA185	Gene2664	0.50919
sRNA9	Gene2338	0.5475
sRNA107	Gene142	0.51259
sRNA120	Gene1344	0.56434
sRNA9	Gene2680	0.54808
sRNA207	Gene1270	0.5496
sRNA89	Gene1575	0.51406
sRNA191	Gene639	0.52074
sRNA183	Gene544	0.52402
sRNA109	Gene165	0.54534
sRNA90	Gene2225	0.51342
sRNA199	Gene2847	0.54233
sRNA212	Gene1638	0.51205
sRNA85	Gene610	0.50328
sRNA9	Gene588	0.5712
sRNA61	Gene1370	0.51774
sRNA265	Gene597	0.49893
sRNA239	Gene1755	0.50305
sRNA196	Gene2102	0.44731
sRNA244	Gene1588	0.525
sRNA220	Gene1900	0.57578
sRNA9	Gene1102	0.59892
sRNA153	Gene615	0.52912
sRNA234	Gene2309	0.56119
sRNA235	Gene1788	0.55304
sRNA1	Gene802	0.49857
sRNA109	Gene2181	0.5409
sRNA9	Gene2800	0.55624
sRNA267	Gene1981	0.47347
sRNA62	Gene2475	0.467
sRNA199	Gene1412	0.5776
sRNA62	Gene1785	0.48432
sRNA50	Gene24	0.56826
sRNA71	Gene2118	0.55823
sRNA18	Gene1759	0.50603
sRNA169	Gene118	0.57925
sRNA166	Gene1133	0.45502
sRNA231	Gene815	0.48995
sRNA119	Gene695	0.52448
sRNA106	Gene1210	0.50326
sRNA193	Gene2126	0.48885
sRNA59	Gene79	0.5968
sRNA37	Gene664	0.58468
sRNA75	Gene573	0.56526
sRNA119	Gene946	0.53092
sRNA183	Gene978	0.52354
sRNA11	Gene1701	0.47485
sRNA265	Gene2113	0.50459
sRNA244	Gene1201	0.61993
sRNA124	Gene831	0.54249
sRNA27	Gene2565	0.46469
sRNA26	Gene680	0.55691
sRNA82	Gene1755	0.5355
sRNA9	Gene1975	0.52051
sRNA191	Gene1993	0.52606
sRNA187	Gene1690	0.5538
sRNA44	Gene326	0.51016
sRNA61	Gene2680	0.56292
sRNA74	Gene1532	0.54627
sRNA5	Gene918	0.47306
sRNA226	Gene2401	0.52214
sRNA111	Gene2483	0.54715
sRNA151	Gene573	0.5703
sRNA103	Gene1972	0.54084
sRNA87	Gene954	0.56788
sRNA139	Gene300	0.53817
sRNA229	Gene756	0.52885
sRNA141	Gene277	0.50328
sRNA235	Gene2078	0.52469
sRNA181	Gene991	0.5403
sRNA236	Gene2055	0.59449
sRNA106	Gene412	0.5014
sRNA71	Gene2224	0.58185
sRNA169	Gene2736	0.59938
sRNA138	Gene22	0.55141
sRNA64	Gene728	0.60217
sRNA169	Gene821	0.50822
sRNA185	Gene644	0.48552
sRNA220	Gene2687	0.56292
sRNA9	Gene2798	0.53549
sRNA62	Gene1236	0.53734
sRNA75	Gene508	0.53945
sRNA276	Gene2461	0.53367
sRNA9	Gene1084	0.53757
sRNA175	Gene1815	0.52907
sRNA98	Gene2496	0.4829
sRNA210	Gene619	0.51097
sRNA70	Gene2420	0.54396
sRNA36	Gene1490	0.47907
sRNA135	Gene1713	0.49944
sRNA71	Gene704	0.55789
sRNA50	Gene2116	0.54614
sRNA45	Gene416	0.53973
sRNA210	Gene188	0.48331
sRNA143	Gene1018	0.56935
sRNA55	Gene685	0.57844
sRNA106	Gene2180	0.55609
sRNA19	Gene1114	0.55227
sRNA197	Gene516	0.5277
sRNA174	Gene390	0.46574
sRNA76	Gene221	0.53743
sRNA93	Gene2806	0.50165
sRNA123	Gene2187	0.47464
sRNA92	Gene1401	0.54571
sRNA46	Gene961	0.58794
sRNA171	Gene842	0.48287
sRNA103	Gene1572	0.46635
sRNA140	Gene2087	0.51447
sRNA53	Gene2674	0.52932
sRNA170	Gene995	0.50861
sRNA51	Gene2803	0.56144
sRNA186	Gene2460	0.55688
sRNA225	Gene1648	0.56025
sRNA51	Gene1602	0.55705
sRNA70	Gene920	0.58043
sRNA291	Gene2220	0.49329
sRNA164	Gene2696	0.47586
sRNA38	Gene1107	0.60342
sRNA95	Gene2407	0.57904
sRNA40	Gene1430	0.58776
sRNA46	Gene1081	0.57011
sRNA71	Gene853	0.51535
sRNA36	Gene1741	0.53894
sRNA37	Gene258	0.59499
sRNA76	Gene561	0.58335
sRNA9	Gene890	0.50395
sRNA26	Gene1959	0.4979
sRNA75	Gene382	0.54726
sRNA147	Gene845	0.53905
sRNA285	Gene1384	0.48209
sRNA245	Gene1461	0.47035
sRNA128	Gene2237	0.5668
sRNA190	Gene2381	0.52934
sRNA32	Gene488	0.55709
sRNA9	Gene1445	0.49392
sRNA162	Gene2689	0.50542
sRNA235	Gene986	0.52425
sRNA97	Gene857	0.56523
sRNA200	Gene1291	0.46735
sRNA45	Gene544	0.57477
sRNA247	Gene1795	0.48972
sRNA257	Gene2255	0.54107
sRNA222	Gene1137	0.54286
sRNA111	Gene506	0.55042
sRNA69	Gene446	0.48494
sRNA166	Gene2013	0.50785
sRNA221	Gene939	0.52823
sRNA58	Gene210	0.484
sRNA2	Gene494	0.59254
sRNA143	Gene3	0.54229
sRNA9	Gene616	0.57248
sRNA124	Gene46	0.59407
sRNA141	Gene792	0.46333
sRNA239	Gene1353	0.51885
sRNA147	Gene64	0.48361
sRNA32	Gene850	0.50464
sRNA178	Gene1757	0.55658
sRNA32	Gene1868	0.49228
sRNA66	Gene2645	0.49439
sRNA108	Gene601	0.50994
sRNA12	Gene398	0.56383
sRNA48	Gene994	0.55936
sRNA18	Gene2156	0.51797
sRNA216	Gene454	0.5161
sRNA187	Gene1643	0.51648
sRNA3	Gene1082	0.53645
sRNA194	Gene248	0.58041
sRNA82	Gene2139	0.50864
sRNA37	Gene2575	0.5853
sRNA186	Gene1522	0.56657
sRNA47	Gene1658	0.51437
sRNA98	Gene1913	0.47315
sRNA5	Gene564	0.48776
sRNA38	Gene818	0.58895
sRNA249	Gene454	0.46523
sRNA126	Gene2550	0.49079
sRNA163	Gene1861	0.58088
sRNA156	Gene1988	0.5112
sRNA135	Gene1653	0.49065
sRNA176	Gene694	0.54175
sRNA150	Gene2437	0.52792
sRNA159	Gene28	0.54486
sRNA224	Gene1924	0.59079
sRNA18	Gene2716	0.50888
sRNA176	Gene188	0.56464
sRNA119	Gene1690	0.53291
sRNA48	Gene1907	0.57256
sRNA194	Gene1194	0.56162
sRNA150	Gene2635	0.4966
sRNA71	Gene601	0.57423
sRNA88	Gene2059	0.51788
sRNA6	Gene2823	0.52337
sRNA70	Gene792	0.55088
sRNA38	Gene2679	0.58643
sRNA185	Gene1809	0.50671
sRNA87	Gene2519	0.56165
sRNA26	Gene948	0.54117
sRNA65	Gene153	0.57833
sRNA197	Gene2736	0.55168
sRNA143	Gene755	0.54769
sRNA168	Gene2677	0.47532
sRNA73	Gene2741	0.49164
sRNA92	Gene784	0.59239
sRNA9	Gene1469	0.53276
sRNA160	Gene2295	0.51011
sRNA177	Gene959	0.53362
sRNA234	Gene41	0.55075
sRNA265	Gene319	0.51205
sRNA259	Gene568	0.46329
sRNA87	Gene1488	0.56782
sRNA83	Gene1810	0.50196
sRNA127	Gene1963	0.54123
sRNA129	Gene2565	0.54703
sRNA97	Gene284	0.51418
sRNA125	Gene341	0.51611
sRNA214	Gene374	0.53071
sRNA122	Gene2386	0.47403
sRNA64	Gene210	0.56953
sRNA9	Gene917	0.50862
sRNA3	Gene1272	0.55471
sRNA106	Gene2107	0.5729
sRNA9	Gene2612	0.53035
sRNA13	Gene685	0.4933
sRNA191	Gene716	0.54457
sRNA245	Gene961	0.5872
sRNA170	Gene161	0.5052
sRNA152	Gene1464	0.53256
sRNA232	Gene1907	0.49734
sRNA211	Gene578	0.47521
sRNA230	Gene2099	0.47591
sRNA55	Gene2545	0.55799
sRNA206	Gene2765	0.52493
sRNA50	Gene574	0.56208
sRNA11	Gene1699	0.50336
sRNA174	Gene650	0.53474
sRNA135	Gene280	0.52089
sRNA118	Gene2268	0.51093
sRNA200	Gene1452	0.47019
sRNA181	Gene1162	0.55706
sRNA216	Gene1161	0.54025
sRNA188	Gene2443	0.50976
sRNA259	Gene762	0.46197
sRNA3	Gene192	0.4883
sRNA198	Gene306	0.49616
sRNA131	Gene2367	0.52806
sRNA47	Gene1568	0.50485
sRNA93	Gene2336	0.54661
sRNA46	Gene198	0.55172
sRNA267	Gene2209	0.49713
sRNA101	Gene2016	0.5078
sRNA227	Gene1886	0.5004
sRNA9	Gene84	0.53745
sRNA229	Gene650	0.55031
sRNA237	Gene1747	0.47347
sRNA227	Gene989	0.56791
sRNA58	Gene1700	0.52343
sRNA83	Gene2099	0.50951
sRNA285	Gene767	0.44957
sRNA9	Gene582	0.58971
sRNA48	Gene2640	0.53488
sRNA18	Gene456	0.54247
sRNA10	Gene1033	0.56908
sRNA157	Gene1506	0.5314
sRNA71	Gene1462	0.58318
sRNA175	Gene925	0.52923
sRNA60	Gene2842	0.52949
sRNA77	Gene2135	0.55649
sRNA50	Gene174	0.55409
sRNA147	Gene30	0.55812
sRNA79	Gene1094	0.53362
sRNA9	Gene680	0.56883
sRNA92	Gene1503	0.53837
sRNA9	Gene259	0.4612
sRNA25	Gene1696	0.48953
sRNA145	Gene1848	0.54018
sRNA245	Gene1631	0.51499
sRNA61	Gene1395	0.52419
sRNA36	Gene2021	0.48071
sRNA143	Gene2363	0.54627
sRNA79	Gene2194	0.50688
sRNA30	Gene1887	0.54978
sRNA175	Gene949	0.49635
sRNA117	Gene2732	0.53041
sRNA47	Gene1953	0.45574
sRNA135	Gene2309	0.52986
sRNA220	Gene2314	0.58879
sRNA9	Gene2578	0.48226
sRNA9	Gene305	0.61997
sRNA173	Gene113	0.48843
sRNA163	Gene2143	0.54656
sRNA239	Gene1778	0.50276
sRNA101	Gene1174	0.53448
sRNA223	Gene752	0.60156
sRNA12	Gene142	0.57194
sRNA59	Gene936	0.60595
sRNA23	Gene2738	0.49071
sRNA18	Gene2554	0.50439
sRNA160	Gene2729	0.50643
sRNA187	Gene264	0.54213
sRNA244	Gene2575	0.52716
sRNA173	Gene465	0.47611
sRNA33	Gene1453	0.50663
sRNA170	Gene654	0.51549
sRNA213	Gene2016	0.5396
sRNA291	Gene697	0.50108
sRNA115	Gene2732	0.54584
sRNA152	Gene2407	0.5489
sRNA70	Gene2583	0.51635
sRNA147	Gene1162	0.54665
sRNA9	Gene113	0.52072
sRNA6	Gene2636	0.54922
sRNA18	Gene2138	0.54339
sRNA92	Gene1861	0.52183
sRNA63	Gene2121	0.51388
sRNA212	Gene1214	0.52796
sRNA236	Gene1673	0.5767
sRNA233	Gene639	0.56428
sRNA180	Gene2401	0.55465
sRNA50	Gene1616	0.47285
sRNA208	Gene288	0.45948
sRNA76	Gene126	0.5923
sRNA218	Gene1620	0.57295
sRNA198	Gene1958	0.46196
sRNA294	Gene1118	0.48275
sRNA197	Gene1882	0.55617
sRNA180	Gene2408	0.5083
sRNA218	Gene2666	0.54352
sRNA92	Gene136	0.52343
sRNA257	Gene953	0.52527
sRNA231	Gene2784	0.56072
sRNA104	Gene2862	0.47397
sRNA131	Gene2746	0.53261
sRNA9	Gene1401	0.56757
sRNA135	Gene2443	0.4888
sRNA178	Gene1834	0.56667
sRNA9	Gene1250	0.47109
sRNA152	Gene1782	0.53533
sRNA55	Gene384	0.57349
sRNA267	Gene770	0.47596
sRNA216	Gene1838	0.53856
sRNA17	Gene903	0.50228
sRNA231	Gene1904	0.52087
sRNA25	Gene1003	0.57919
sRNA49	Gene2637	0.5697
sRNA75	Gene298	0.53413
sRNA197	Gene750	0.54363
sRNA64	Gene2666	0.52973
sRNA30	Gene2555	0.53146
sRNA44	Gene374	0.51
sRNA138	Gene974	0.50046
sRNA87	Gene1572	0.59975
sRNA86	Gene2400	0.56866
sRNA50	Gene1154	0.544
sRNA14	Gene1450	0.54165
sRNA11	Gene1520	0.57254
sRNA203	Gene1128	0.54443
sRNA191	Gene456	0.46201
sRNA106	Gene897	0.56781
sRNA148	Gene277	0.53157
sRNA44	Gene944	0.48766
sRNA243	Gene1451	0.56251
sRNA218	Gene2048	0.48524
sRNA74	Gene552	0.51252
sRNA93	Gene265	0.55683
sRNA234	Gene2300	0.54027
sRNA63	Gene2714	0.50425
sRNA169	Gene1696	0.47029
sRNA273	Gene1530	0.54056
sRNA172	Gene348	0.50644
sRNA50	Gene1110	0.52459
sRNA52	Gene2677	0.56557
sRNA187	Gene2518	0.55323
sRNA87	Gene628	0.57915
sRNA204	Gene2171	0.54116
sRNA125	Gene1474	0.47098
sRNA265	Gene2404	0.45944
sRNA235	Gene1988	0.55796
sRNA18	Gene1367	0.49595
sRNA86	Gene1880	0.54129
sRNA51	Gene1192	0.53123
sRNA152	Gene33	0.5406
sRNA144	Gene893	0.56666
sRNA50	Gene1867	0.50756
sRNA86	Gene211	0.57917
sRNA265	Gene1002	0.54884
sRNA161	Gene557	0.52649
sRNA191	Gene504	0.50047
sRNA223	Gene1335	0.57387
sRNA59	Gene650	0.60451
sRNA80	Gene1277	0.49948
sRNA84	Gene904	0.57969
sRNA87	Gene128	0.56026
sRNA9	Gene768	0.52343
sRNA213	Gene2311	0.55223
sRNA76	Gene2088	0.51625
sRNA34	Gene2184	0.46715
sRNA213	Gene548	0.55036
sRNA143	Gene2172	0.55219
sRNA265	Gene493	0.4641
sRNA126	Gene915	0.48867
sRNA244	Gene2813	0.52773
sRNA9	Gene738	0.51716
sRNA277	Gene1175	0.45069
sRNA225	Gene2120	0.56986
sRNA83	Gene2328	0.52464
sRNA89	Gene419	0.53424
sRNA98	Gene2383	0.5328
sRNA76	Gene794	0.55491
sRNA228	Gene2761	0.5308
sRNA113	Gene1343	0.50226
sRNA34	Gene2370	0.4852
sRNA169	Gene2384	0.53499
sRNA65	Gene2816	0.53365
sRNA71	Gene553	0.56782
sRNA205	Gene497	0.51752
sRNA50	Gene1235	0.53044
sRNA189	Gene1295	0.46568
sRNA275	Gene1045	0.47673
sRNA127	Gene1553	0.53336
sRNA154	Gene2520	0.55572
sRNA177	Gene2498	0.52384
sRNA158	Gene2586	0.51589
sRNA208	Gene647	0.50115
sRNA275	Gene1566	0.45759
sRNA183	Gene2362	0.48816
sRNA195	Gene1138	0.49814
sRNA103	Gene2481	0.49697
sRNA45	Gene2211	0.5513
sRNA188	Gene487	0.54199
sRNA188	Gene2760	0.47769
sRNA113	Gene711	0.5124
sRNA50	Gene2777	0.52123
sRNA167	Gene1346	0.53028
sRNA60	Gene1588	0.51541
sRNA124	Gene1938	0.5614
sRNA50	Gene2102	0.52714
sRNA68	Gene2432	0.5195
sRNA101	Gene528	0.52775
sRNA43	Gene1869	0.46107
sRNA245	Gene2075	0.57477
sRNA217	Gene2321	0.50013
sRNA141	Gene2136	0.54247
sRNA161	Gene2419	0.49239
sRNA43	Gene714	0.5357
sRNA238	Gene1162	0.52539
sRNA91	Gene1703	0.49283
sRNA133	Gene35	0.54524
sRNA122	Gene347	0.49417
sRNA249	Gene2770	0.46182
sRNA58	Gene1276	0.49463
sRNA200	Gene1834	0.47105
sRNA65	Gene24	0.58496
sRNA30	Gene2360	0.48418
sRNA211	Gene513	0.53837
sRNA266	Gene2171	0.49317
sRNA69	Gene1910	0.4875
sRNA5	Gene1851	0.51406
sRNA172	Gene2006	0.49759
sRNA234	Gene177	0.55295
sRNA80	Gene1873	0.46102
sRNA223	Gene2201	0.57684
sRNA80	Gene494	0.49797
sRNA81	Gene1661	0.52877
sRNA198	Gene2690	0.48946
sRNA123	Gene2686	0.47254
sRNA83	Gene356	0.53146
sRNA129	Gene2433	0.56915
sRNA9	Gene2177	0.48876
sRNA257	Gene1789	0.54732
sRNA39	Gene1490	0.55077
sRNA50	Gene768	0.5394
sRNA210	Gene1134	0.5957
sRNA92	Gene183	0.56486
sRNA185	Gene2468	0.45885
sRNA225	Gene628	0.54246
sRNA265	Gene571	0.52049
sRNA9	Gene197	0.57227
sRNA71	Gene215	0.60395
sRNA220	Gene830	0.55481
sRNA21	Gene484	0.54075
sRNA87	Gene1449	0.52516
sRNA50	Gene2847	0.54823
sRNA41	Gene244	0.53101
sRNA47	Gene1392	0.49392
sRNA152	Gene1671	0.50147
sRNA233	Gene877	0.55887
sRNA32	Gene1027	0.51905
sRNA14	Gene655	0.5281
sRNA196	Gene2101	0.46001
sRNA76	Gene1229	0.5724
sRNA198	Gene1047	0.50346
sRNA6	Gene285	0.50531
sRNA275	Gene998	0.48822
sRNA79	Gene437	0.55751
sRNA9	Gene1755	0.50941
sRNA168	Gene1646	0.46245
sRNA152	Gene1352	0.54037
sRNA10	Gene1490	0.53937
sRNA8	Gene1671	0.50045
sRNA118	Gene2681	0.52658
sRNA257	Gene1842	0.49261
sRNA199	Gene2224	0.5867
sRNA70	Gene2669	0.46985
sRNA68	Gene1416	0.47512
sRNA181	Gene94	0.58117
sRNA152	Gene2611	0.48782
sRNA9	Gene116	0.52941
sRNA225	Gene2285	0.48735
sRNA26	Gene2151	0.50288
sRNA83	Gene2142	0.52656
sRNA147	Gene1698	0.57824
sRNA97	Gene2103	0.47837
sRNA133	Gene2288	0.522
sRNA218	Gene370	0.53149
sRNA46	Gene2248	0.5351
sRNA214	Gene1678	0.55075
sRNA3	Gene1581	0.49042
sRNA152	Gene1823	0.50884
sRNA210	Gene1042	0.48532
sRNA213	Gene2163	0.45673
sRNA66	Gene1783	0.47132
sRNA47	Gene2332	0.48929
sRNA30	Gene171	0.50216
sRNA28	Gene947	0.49653
sRNA23	Gene2739	0.55357
sRNA222	Gene1878	0.50204
sRNA86	Gene1635	0.57012
sRNA109	Gene1265	0.54822
sRNA9	Gene724	0.54538
sRNA210	Gene321	0.49749
sRNA118	Gene1270	0.52254
sRNA128	Gene735	0.55903
sRNA20	Gene105	0.4907
sRNA63	Gene749	0.51828
sRNA20	Gene382	0.53247
sRNA313	Gene1676	0.53104
sRNA249	Gene1440	0.48119
sRNA227	Gene1049	0.5635
sRNA198	Gene1712	0.44919
sRNA154	Gene2382	0.53652
sRNA239	Gene1109	0.47876
sRNA226	Gene1610	0.51113
sRNA165	Gene1334	0.45617
sRNA223	Gene742	0.55958
sRNA239	Gene113	0.50553
sRNA232	Gene1819	0.47186
sRNA261	Gene1038	0.51586
sRNA11	Gene601	0.5346
sRNA110	Gene431	0.53446
sRNA272	Gene768	0.52517
sRNA28	Gene1602	0.4513
sRNA86	Gene156	0.58875
sRNA164	Gene1395	0.46491
sRNA159	Gene1163	0.50808
sRNA199	Gene557	0.52179
sRNA254	Gene1518	0.45984
sRNA42	Gene2393	0.5548
sRNA109	Gene1922	0.54238
sRNA201	Gene1637	0.49246
sRNA69	Gene2816	0.45898
sRNA82	Gene212	0.52289
sRNA100	Gene1721	0.55341
sRNA9	Gene1480	0.49863
sRNA76	Gene1383	0.49496
sRNA79	Gene859	0.50089
sRNA222	Gene1380	0.46623
sRNA32	Gene717	0.55569
sRNA26	Gene225	0.54677
sRNA18	Gene1427	0.52602
sRNA143	Gene954	0.53517
sRNA37	Gene2068	0.57617
sRNA181	Gene1749	0.56795
sRNA245	Gene469	0.56857
sRNA45	Gene1879	0.47861
sRNA183	Gene1389	0.50308
sRNA208	Gene495	0.51778
sRNA80	Gene1012	0.46636
sRNA36	Gene2721	0.51692
sRNA190	Gene1163	0.54228
sRNA135	Gene1900	0.52022
sRNA104	Gene2753	0.49978
sRNA166	Gene2001	0.50169
sRNA175	Gene505	0.46468
sRNA9	Gene2645	0.57749
sRNA118	Gene111	0.5756
sRNA37	Gene2390	0.54699
sRNA165	Gene531	0.52217
sRNA154	Gene1996	0.56597
sRNA39	Gene573	0.5974
sRNA58	Gene2207	0.53063
sRNA190	Gene2094	0.55491
sRNA189	Gene953	0.48868
sRNA141	Gene397	0.54441
sRNA140	Gene1355	0.53604
sRNA285	Gene2348	0.4599
sRNA219	Gene171	0.49249
sRNA9	Gene1120	0.51527
sRNA7	Gene1575	0.51311
sRNA200	Gene2208	0.52917
sRNA173	Gene1523	0.48058
sRNA108	Gene346	0.52486
sRNA40	Gene2046	0.51522
sRNA173	Gene598	0.46799
sRNA79	Gene2278	0.50833
sRNA65	Gene295	0.55035
sRNA124	Gene1592	0.51258
sRNA185	Gene2296	0.48482
sRNA252	Gene966	0.48973
sRNA12	Gene1303	0.48027
sRNA165	Gene750	0.53718
sRNA40	Gene2473	0.52745
sRNA77	Gene820	0.58524
sRNA69	Gene174	0.46044
sRNA58	Gene1917	0.50247
sRNA29	Gene2106	0.5206
sRNA9	Gene655	0.49764
sRNA35	Gene1728	0.56364
sRNA288	Gene673	0.53552
sRNA9	Gene2012	0.48402
sRNA216	Gene129	0.55296
sRNA63	Gene123	0.51163
sRNA95	Gene1632	0.55508
sRNA146	Gene1613	0.51749
sRNA211	Gene2647	0.47484
sRNA18	Gene1517	0.52437
sRNA50	Gene993	0.47364
sRNA136	Gene2535	0.53417
sRNA5	Gene983	0.52829
sRNA12	Gene2255	0.57145
sRNA34	Gene2721	0.48287
sRNA34	Gene169	0.50804
sRNA154	Gene2599	0.56883
sRNA212	Gene2380	0.54452
sRNA20	Gene345	0.53339
sRNA87	Gene309	0.5486
sRNA180	Gene1719	0.50175
sRNA1	Gene2785	0.49714
sRNA125	Gene1550	0.56579
sRNA255	Gene1344	0.44865
sRNA187	Gene1423	0.55926
sRNA274	Gene862	0.48197
sRNA213	Gene1067	0.51902
sRNA249	Gene222	0.51526
sRNA20	Gene2325	0.5472
sRNA124	Gene1649	0.55447
sRNA96	Gene1649	0.51181
sRNA48	Gene137	0.60914
sRNA162	Gene1621	0.56928
sRNA176	Gene2676	0.53793
sRNA50	Gene2377	0.555
sRNA150	Gene1913	0.47864
sRNA50	Gene411	0.4687
sRNA9	Gene2597	0.58003
sRNA163	Gene1688	0.54147
sRNA17	Gene851	0.53717
sRNA129	Gene798	0.55292
sRNA37	Gene1447	0.54428
sRNA120	Gene2732	0.55569
sRNA50	Gene17	0.56463
sRNA9	Gene343	0.58185
sRNA9	Gene2780	0.53919
sRNA35	Gene609	0.53401
sRNA130	Gene577	0.57235
sRNA269	Gene2136	0.46524
sRNA71	Gene1598	0.56498
sRNA110	Gene286	0.54715
sRNA226	Gene1102	0.54014
sRNA124	Gene591	0.54926
sRNA287	Gene1588	0.46451
sRNA214	Gene2333	0.53566
sRNA142	Gene1040	0.51653
sRNA214	Gene970	0.58293
sRNA103	Gene429	0.5782
sRNA111	Gene2401	0.55458
sRNA65	Gene187	0.55852
sRNA166	Gene2047	0.45869
sRNA216	Gene2421	0.48715
sRNA26	Gene1393	0.50879
sRNA124	Gene1442	0.52527
sRNA68	Gene1768	0.48572
sRNA9	Gene1568	0.4683
sRNA222	Gene1731	0.49426
sRNA7	Gene2522	0.57313
sRNA195	Gene346	0.49277
sRNA180	Gene247	0.60017
sRNA209	Gene2704	0.56898
sRNA70	Gene2804	0.59206
sRNA107	Gene2518	0.50975
sRNA86	Gene1041	0.55968
sRNA135	Gene757	0.57549
sRNA280	Gene31	0.52658
sRNA119	Gene431	0.51576
sRNA28	Gene2508	0.53223
sRNA37	Gene1221	0.54008
sRNA9	Gene1216	0.53819
sRNA36	Gene1604	0.50021
sRNA153	Gene2622	0.50137
sRNA129	Gene1111	0.54539
sRNA216	Gene581	0.54271
sRNA60	Gene463	0.54586
sRNA189	Gene2504	0.48073
sRNA213	Gene1702	0.52287
sRNA197	Gene697	0.48229
sRNA220	Gene1968	0.52034
sRNA51	Gene199	0.53547
sRNA213	Gene1873	0.55633
sRNA17	Gene1506	0.48422
sRNA95	Gene1947	0.56264
sRNA40	Gene526	0.50735
sRNA125	Gene2374	0.50744
sRNA3	Gene550	0.59144
sRNA209	Gene475	0.55882
sRNA89	Gene1773	0.49815
sRNA68	Gene165	0.4823
sRNA218	Gene1534	0.52792
sRNA210	Gene605	0.50852
sRNA204	Gene578	0.48762
sRNA146	Gene1991	0.53568
sRNA214	Gene2042	0.53788
sRNA66	Gene630	0.44721
sRNA210	Gene2767	0.48268
sRNA151	Gene1214	0.516
sRNA50	Gene267	0.52903
sRNA95	Gene2463	0.55904
sRNA104	Gene40	0.5604
sRNA81	Gene959	0.55565
sRNA285	Gene1917	0.46464
sRNA207	Gene2005	0.55199
sRNA132	Gene2146	0.4615
sRNA233	Gene1233	0.53556
sRNA9	Gene1504	0.54914
sRNA169	Gene1235	0.56159
sRNA48	Gene48	0.58736
sRNA8	Gene1203	0.53929
sRNA68	Gene1500	0.45522
sRNA210	Gene2702	0.49296
sRNA134	Gene748	0.55437
sRNA103	Gene518	0.51946
sRNA245	Gene2780	0.5245
sRNA236	Gene1381	0.55837
sRNA98	Gene551	0.53304
sRNA163	Gene2119	0.56787
sRNA234	Gene301	0.52072
sRNA96	Gene898	0.50099
sRNA140	Gene511	0.58611
sRNA9	Gene125	0.538
sRNA103	Gene1580	0.46463
sRNA95	Gene2517	0.55783
sRNA177	Gene2042	0.54875
sRNA111	Gene392	0.50432
sRNA71	Gene1058	0.523
sRNA190	Gene2005	0.53725
sRNA112	Gene1826	0.5481
sRNA107	Gene1262	0.5098
sRNA197	Gene935	0.54991
sRNA75	Gene2124	0.51062
sRNA283	Gene2580	0.49176
sRNA64	Gene2799	0.58438
sRNA6	Gene1514	0.50648
sRNA249	Gene890	0.45781
sRNA216	Gene1185	0.58611
sRNA208	Gene36	0.50149
sRNA225	Gene2712	0.5828
sRNA178	Gene762	0.44841
sRNA148	Gene637	0.53952
sRNA43	Gene1141	0.53683
sRNA204	Gene1873	0.51512
sRNA189	Gene2107	0.46868
sRNA87	Gene439	0.58032
sRNA208	Gene230	0.53179
sRNA219	Gene938	0.53812
sRNA265	Gene1025	0.54104
sRNA9	Gene1681	0.52513
sRNA221	Gene2057	0.61079
sRNA237	Gene2442	0.51545
sRNA3	Gene2375	0.515
sRNA135	Gene27	0.54111
sRNA180	Gene2566	0.49191
sRNA107	Gene613	0.52826
sRNA60	Gene17	0.53965
sRNA65	Gene1320	0.54729
sRNA56	Gene2752	0.47
sRNA85	Gene1277	0.51468
sRNA183	Gene2498	0.56076
sRNA208	Gene972	0.53361
sRNA127	Gene2518	0.53027
sRNA45	Gene2487	0.53215
sRNA133	Gene1127	0.52066
sRNA3	Gene2739	0.54275
sRNA216	Gene473	0.5623
sRNA31	Gene841	0.44633
sRNA209	Gene377	0.56044
sRNA51	Gene215	0.58665
sRNA151	Gene2663	0.49336
sRNA108	Gene1204	0.53116
sRNA76	Gene168	0.56226
sRNA132	Gene296	0.48611
sRNA19	Gene218	0.52736
sRNA87	Gene1268	0.59975
sRNA3	Gene90	0.57013
sRNA225	Gene2248	0.58046
sRNA127	Gene1761	0.55721
sRNA273	Gene2044	0.51657
sRNA240	Gene2635	0.55286
sRNA61	Gene2582	0.55307
sRNA143	Gene1686	0.54833
sRNA204	Gene978	0.51541
sRNA50	Gene789	0.45518
sRNA111	Gene1774	0.56365
sRNA181	Gene494	0.50051
sRNA70	Gene659	0.57099
sRNA243	Gene1272	0.56323
sRNA145	Gene166	0.52985
sRNA125	Gene379	0.54782
sRNA172	Gene2740	0.48573
sRNA9	Gene1670	0.55141
sRNA159	Gene257	0.53169
sRNA149	Gene1063	0.49954
sRNA9	Gene2586	0.47498
sRNA176	Gene750	0.53514
sRNA240	Gene1887	0.58883
sRNA117	Gene692	0.56654
sRNA275	Gene997	0.48123
sRNA74	Gene1363	0.49628
sRNA297	Gene1147	0.46032
sRNA266	Gene2302	0.47583
sRNA119	Gene654	0.51463
sRNA35	Gene1015	0.54374
sRNA267	Gene1006	0.46023
sRNA133	Gene2820	0.53128
sRNA140	Gene2406	0.53191
sRNA172	Gene1433	0.4845
sRNA9	Gene1060	0.47677
sRNA172	Gene315	0.52538
sRNA176	Gene2622	0.55737
sRNA194	Gene512	0.5526
sRNA12	Gene1767	0.57359
sRNA108	Gene2760	0.54992
sRNA220	Gene677	0.56489
sRNA7	Gene1159	0.61009
sRNA247	Gene581	0.46995
sRNA158	Gene2587	0.5392
sRNA76	Gene37	0.56705
sRNA76	Gene654	0.57101
sRNA5	Gene2714	0.48408
sRNA33	Gene6	0.5732
sRNA29	Gene327	0.5593
sRNA78	Gene1012	0.48397
sRNA206	Gene151	0.52899
sRNA243	Gene616	0.57908
sRNA1	Gene942	0.52932
sRNA212	Gene2781	0.54255
sRNA21	Gene871	0.53501
sRNA208	Gene2305	0.50658
sRNA143	Gene306	0.56437
sRNA210	Gene1774	0.49747
sRNA283	Gene894	0.45785
sRNA181	Gene1712	0.58858
sRNA250	Gene2063	0.44815
sRNA85	Gene2438	0.51216
sRNA224	Gene2341	0.59878
sRNA212	Gene780	0.51856
sRNA62	Gene2770	0.5231
sRNA92	Gene732	0.51066
sRNA9	Gene2218	0.50146
sRNA50	Gene774	0.5749
sRNA257	Gene2492	0.55639
sRNA197	Gene2307	0.50453
sRNA9	Gene2198	0.53856
sRNA34	Gene809	0.46896
sRNA242	Gene983	0.45413
sRNA163	Gene1280	0.56768
sRNA37	Gene531	0.58267
sRNA26	Gene1141	0.55141
sRNA131	Gene737	0.54097
sRNA66	Gene421	0.5165
sRNA81	Gene2421	0.52568
sRNA17	Gene2448	0.55178
sRNA278	Gene1602	0.45262
sRNA52	Gene2396	0.58194
sRNA214	Gene781	0.52699
sRNA7	Gene2399	0.54999
sRNA36	Gene744	0.49745
sRNA48	Gene319	0.51805
sRNA87	Gene1706	0.5307
sRNA64	Gene1679	0.55192
sRNA172	Gene2299	0.48545
sRNA153	Gene1265	0.58681
sRNA162	Gene2184	0.51507
sRNA15	Gene1564	0.53071
sRNA51	Gene681	0.55001
sRNA37	Gene2739	0.60277
sRNA103	Gene2863	0.52015
sRNA12	Gene2663	0.56566
sRNA9	Gene94	0.49338
sRNA188	Gene908	0.54598
sRNA180	Gene1648	0.52161
sRNA214	Gene1699	0.55608
sRNA132	Gene2096	0.49679
sRNA175	Gene380	0.52742
sRNA61	Gene2482	0.57954
sRNA161	Gene1837	0.54867
sRNA205	Gene151	0.49443
sRNA252	Gene617	0.45935
sRNA27	Gene2386	0.4587
sRNA111	Gene1143	0.56831
sRNA208	Gene339	0.46642
sRNA73	Gene1691	0.44818
sRNA228	Gene429	0.51918
sRNA151	Gene1247	0.52636
sRNA35	Gene99	0.53643
sRNA239	Gene178	0.49781
sRNA273	Gene1449	0.48293
sRNA161	Gene159	0.5128
sRNA81	Gene901	0.50271
sRNA26	Gene869	0.53019
sRNA193	Gene1801	0.51479
sRNA90	Gene485	0.55531
sRNA53	Gene19	0.55253
sRNA221	Gene1167	0.57608
sRNA194	Gene287	0.50153
sRNA66	Gene2095	0.46976
sRNA105	Gene414	0.47839
sRNA132	Gene2341	0.49529
sRNA68	Gene1844	0.44926
sRNA57	Gene1268	0.45994
sRNA209	Gene2427	0.56114
sRNA210	Gene1997	0.49918
sRNA89	Gene278	0.52094
sRNA106	Gene607	0.50673
sRNA182	Gene235	0.50436
sRNA16	Gene2481	0.58393
sRNA100	Gene2388	0.55522
sRNA80	Gene2095	0.47505
sRNA131	Gene599	0.48269
sRNA267	Gene658	0.46096
sRNA21	Gene141	0.56297
sRNA132	Gene2337	0.49704
sRNA37	Gene2524	0.52177
sRNA31	Gene527	0.4906
sRNA308	Gene2551	0.4979
sRNA225	Gene2048	0.55934
sRNA106	Gene1837	0.52488
sRNA142	Gene2481	0.52738
sRNA204	Gene439	0.5062
sRNA39	Gene13	0.5971
sRNA18	Gene1897	0.55045
sRNA265	Gene1449	0.49927
sRNA70	Gene2570	0.54372
sRNA204	Gene19	0.50072
sRNA113	Gene652	0.51643
sRNA9	Gene636	0.49099
sRNA229	Gene385	0.54406
sRNA190	Gene2069	0.54333
sRNA129	Gene1873	0.55358
sRNA129	Gene2779	0.51877
sRNA305	Gene2431	0.54023
sRNA244	Gene564	0.5145
sRNA6	Gene2393	0.54391
sRNA221	Gene2178	0.53015
sRNA154	Gene768	0.56802
sRNA9	Gene661	0.52612
sRNA108	Gene2518	0.54785
sRNA131	Gene2518	0.53674
sRNA50	Gene222	0.5615
sRNA101	Gene1071	0.54341
sRNA123	Gene1626	0.49128
sRNA58	Gene161	0.50986
sRNA58	Gene503	0.52486
sRNA131	Gene851	0.57534
sRNA111	Gene603	0.53314
sRNA235	Gene2029	0.5253
sRNA258	Gene2738	0.47426
sRNA144	Gene304	0.54413
sRNA102	Gene385	0.48794
sRNA162	Gene1392	0.54375
sRNA50	Gene2106	0.56247
sRNA150	Gene1212	0.47385
sRNA81	Gene2516	0.54021
sRNA277	Gene553	0.45333
sRNA133	Gene311	0.56225
sRNA61	Gene2566	0.53013
sRNA114	Gene1813	0.54628
sRNA162	Gene491	0.57581
sRNA143	Gene2027	0.57245
sRNA239	Gene292	0.52726
sRNA9	Gene1047	0.55185
sRNA69	Gene2686	0.50576
sRNA91	Gene2505	0.51374
sRNA2	Gene2815	0.53982
sRNA247	Gene2785	0.48821
sRNA175	Gene1626	0.55093
sRNA243	Gene111	0.58721
sRNA40	Gene133	0.50574
sRNA81	Gene2420	0.5247
sRNA59	Gene2509	0.55938
sRNA41	Gene2458	0.51222
sRNA45	Gene1892	0.50648
sRNA76	Gene1820	0.56641
sRNA204	Gene418	0.50444
sRNA45	Gene330	0.55707
sRNA148	Gene120	0.53767
sRNA60	Gene1535	0.52332
sRNA131	Gene999	0.5589
sRNA63	Gene284	0.51828
sRNA101	Gene2770	0.53756
sRNA255	Gene2742	0.45823
sRNA131	Gene1766	0.54417
sRNA78	Gene2251	0.53973
sRNA185	Gene2483	0.46753
sRNA286	Gene2389	0.50442
sRNA89	Gene562	0.55486
sRNA182	Gene431	0.50253
sRNA7	Gene2305	0.46488
sRNA265	Gene99	0.51066
sRNA174	Gene1486	0.44903
sRNA177	Gene547	0.51913
sRNA203	Gene394	0.54562
sRNA1	Gene1149	0.47739
sRNA103	Gene1282	0.47068
sRNA191	Gene2558	0.51303
sRNA142	Gene750	0.54752
sRNA53	Gene1160	0.50463
sRNA93	Gene466	0.46859
sRNA67	Gene1360	0.47755
sRNA9	Gene389	0.5181
sRNA197	Gene277	0.53137
sRNA4	Gene1950	0.46454
sRNA30	Gene1033	0.53633
sRNA169	Gene2239	0.54313
sRNA70	Gene1283	0.55159
sRNA205	Gene1826	0.47338
sRNA226	Gene1621	0.52776
sRNA47	Gene384	0.56409
sRNA108	Gene615	0.53523
sRNA125	Gene1784	0.57465
sRNA132	Gene1862	0.57111
sRNA3	Gene2391	0.50292
sRNA183	Gene342	0.51249
sRNA70	Gene1902	0.53274
sRNA164	Gene2247	0.44797
sRNA37	Gene1116	0.59571
sRNA26	Gene2657	0.52391
sRNA9	Gene2286	0.51622
sRNA77	Gene2146	0.55756
sRNA68	Gene501	0.54828
sRNA174	Gene295	0.50194
sRNA95	Gene2154	0.5426
sRNA322	Gene302	0.49644
sRNA111	Gene1314	0.54208
sRNA1	Gene413	0.49937
sRNA77	Gene313	0.55016
sRNA164	Gene306	0.47891
sRNA243	Gene1840	0.54504
sRNA9	Gene273	0.51427
sRNA31	Gene1556	0.48992
sRNA196	Gene839	0.45729
sRNA109	Gene74	0.55082
sRNA9	Gene601	0.54924
sRNA40	Gene37	0.54824
sRNA49	Gene2681	0.54221
sRNA60	Gene1110	0.55315
sRNA273	Gene186	0.50398
sRNA136	Gene2531	0.50629
sRNA130	Gene2645	0.55605
sRNA5	Gene291	0.52859
sRNA6	Gene2589	0.45443
sRNA223	Gene351	0.56972
sRNA50	Gene2184	0.48874
sRNA213	Gene580	0.47644
sRNA257	Gene2522	0.55601
sRNA93	Gene1874	0.48421
sRNA91	Gene1976	0.49017
sRNA166	Gene714	0.4713
sRNA17	Gene1258	0.59186
sRNA21	Gene2410	0.5448
sRNA20	Gene2463	0.56108
sRNA78	Gene1492	0.51626
sRNA47	Gene1569	0.5516
sRNA199	Gene1816	0.57383
sRNA259	Gene1666	0.458
sRNA285	Gene386	0.44931
sRNA9	Gene2631	0.51646
sRNA39	Gene1740	0.50085
sRNA140	Gene1358	0.59819
sRNA37	Gene2448	0.61938
sRNA48	Gene1989	0.52564
sRNA152	Gene2432	0.49532
sRNA237	Gene1607	0.54346
sRNA70	Gene1744	0.56011
sRNA31	Gene1846	0.4518
sRNA239	Gene2253	0.52699
sRNA156	Gene1344	0.5239
sRNA85	Gene412	0.51523
sRNA32	Gene2111	0.48175
sRNA210	Gene2249	0.49453
sRNA126	Gene2185	0.50369
sRNA9	Gene1852	0.46929
sRNA170	Gene339	0.53579
sRNA231	Gene2265	0.54854
sRNA145	Gene1314	0.53899
sRNA51	Gene1760	0.53588
sRNA70	Gene1434	0.58888
sRNA9	Gene855	0.4818
sRNA48	Gene2817	0.58581
sRNA43	Gene2735	0.52305
sRNA79	Gene173	0.53435
sRNA161	Gene2725	0.57881
sRNA189	Gene319	0.48298
sRNA177	Gene2377	0.55836
sRNA129	Gene174	0.56951
sRNA182	Gene2113	0.48454
sRNA53	Gene2686	0.51792
sRNA65	Gene1252	0.5073
sRNA205	Gene773	0.44813
sRNA30	Gene1956	0.51087
sRNA215	Gene1004	0.54685
sRNA48	Gene2398	0.50129
sRNA239	Gene2090	0.5087
sRNA146	Gene2693	0.5072
sRNA9	Gene2552	0.47394
sRNA113	Gene281	0.51197
sRNA229	Gene576	0.56296
sRNA262	Gene586	0.54541
sRNA82	Gene925	0.51819
sRNA286	Gene2242	0.45614
sRNA226	Gene498	0.52561
sRNA231	Gene1639	0.54368
sRNA227	Gene2336	0.5257
sRNA192	Gene186	0.50912
sRNA112	Gene92	0.55767
sRNA18	Gene2027	0.49008
sRNA135	Gene2401	0.51093
sRNA46	Gene2100	0.54564
sRNA50	Gene1870	0.52753
sRNA225	Gene2287	0.56337
sRNA228	Gene1493	0.51528
sRNA132	Gene253	0.51741
sRNA82	Gene2620	0.53572
sRNA174	Gene459	0.5042
sRNA140	Gene2823	0.56732
sRNA135	Gene1308	0.45108
sRNA166	Gene2647	0.46735
sRNA10	Gene1048	0.56668
sRNA28	Gene714	0.53548
sRNA165	Gene1240	0.47022
sRNA58	Gene1322	0.48689
sRNA47	Gene615	0.54948
sRNA186	Gene2212	0.51985
sRNA258	Gene1121	0.46317
sRNA37	Gene2406	0.56892
sRNA242	Gene2333	0.52539
sRNA127	Gene2005	0.58751
sRNA161	Gene2383	0.5727
sRNA10	Gene2680	0.61342
sRNA183	Gene843	0.55983
sRNA247	Gene314	0.4839
sRNA40	Gene2002	0.58953
sRNA191	Gene2057	0.50809
sRNA106	Gene10	0.56309
sRNA255	Gene328	0.48251
sRNA24	Gene2168	0.4857
sRNA223	Gene1525	0.56574
sRNA277	Gene195	0.46712
sRNA20	Gene1635	0.54831
sRNA223	Gene2203	0.56798
sRNA175	Gene364	0.52579
sRNA266	Gene1749	0.48171
sRNA227	Gene1480	0.5723
sRNA91	Gene453	0.47548
sRNA105	Gene471	0.49151
sRNA81	Gene408	0.50948
sRNA42	Gene334	0.56418
sRNA119	Gene2846	0.50224
sRNA72	Gene1885	0.54622
sRNA191	Gene543	0.50762
sRNA317	Gene253	0.47612
sRNA87	Gene99	0.55687
sRNA110	Gene1394	0.55195
sRNA177	Gene2475	0.57843
sRNA156	Gene215	0.54758
sRNA25	Gene1490	0.50431
sRNA38	Gene2157	0.5688
sRNA128	Gene1921	0.52303
sRNA204	Gene583	0.52789
sRNA104	Gene1681	0.48105
sRNA60	Gene1531	0.50473
sRNA85	Gene1043	0.49965
sRNA274	Gene1709	0.4635
sRNA211	Gene2629	0.47893
sRNA239	Gene1830	0.51234
sRNA95	Gene482	0.51479
sRNA125	Gene376	0.55102
sRNA187	Gene1380	0.50566
sRNA151	Gene2392	0.58681
sRNA58	Gene1178	0.48842
sRNA53	Gene2302	0.53166
sRNA95	Gene1946	0.57292
sRNA160	Gene1446	0.51493
sRNA87	Gene1239	0.56059
sRNA3	Gene506	0.52164
sRNA71	Gene2785	0.54587
sRNA187	Gene2372	0.53603
sRNA245	Gene2301	0.54652
sRNA107	Gene303	0.46389
sRNA226	Gene2249	0.57934
sRNA233	Gene682	0.56775
sRNA86	Gene2833	0.58511
sRNA130	Gene255	0.50618
sRNA138	Gene1045	0.49962
sRNA151	Gene2035	0.52158
sRNA197	Gene1569	0.55465
sRNA172	Gene226	0.56965
sRNA73	Gene561	0.53125
sRNA90	Gene2550	0.49178
sRNA96	Gene1637	0.48412
sRNA230	Gene1113	0.51162
sRNA23	Gene1907	0.51338
sRNA50	Gene2018	0.54877
sRNA176	Gene1914	0.52883
sRNA222	Gene583	0.50313
sRNA57	Gene2771	0.51876
sRNA195	Gene1920	0.4732
sRNA53	Gene143	0.53753
sRNA177	Gene598	0.51202
sRNA146	Gene1647	0.49757
sRNA221	Gene1946	0.55334
sRNA129	Gene2428	0.57683
sRNA9	Gene486	0.5457
sRNA51	Gene656	0.58197
sRNA111	Gene2518	0.58153
sRNA165	Gene606	0.51823
sRNA82	Gene313	0.56411
sRNA210	Gene171	0.51309
sRNA285	Gene642	0.47319
sRNA104	Gene2780	0.5191
sRNA86	Gene700	0.58829
sRNA58	Gene1052	0.49727
sRNA112	Gene1783	0.55454
sRNA168	Gene930	0.49603
sRNA80	Gene283	0.50715
sRNA244	Gene1259	0.53202
sRNA100	Gene1334	0.56076
sRNA42	Gene2060	0.52221
sRNA175	Gene1731	0.51455
sRNA17	Gene769	0.50825
sRNA218	Gene158	0.49845
sRNA112	Gene1478	0.54989
sRNA233	Gene972	0.51546
sRNA73	Gene2253	0.47237
sRNA60	Gene725	0.5214
sRNA183	Gene468	0.56793
sRNA72	Gene713	0.56585
sRNA209	Gene408	0.51202
sRNA76	Gene1726	0.5552
sRNA201	Gene823	0.48927
sRNA197	Gene1055	0.56413
sRNA82	Gene2538	0.50094
sRNA46	Gene2297	0.54857
sRNA9	Gene1137	0.48002
sRNA187	Gene2681	0.51392
sRNA46	Gene2243	0.56321
sRNA244	Gene277	0.50118
sRNA177	Gene337	0.56272
sRNA80	Gene175	0.5389
sRNA225	Gene477	0.48373
sRNA112	Gene2428	0.54936
sRNA9	Gene1903	0.48187
sRNA144	Gene1916	0.52816
sRNA219	Gene76	0.48164
sRNA278	Gene1571	0.52068
sRNA95	Gene2252	0.55217
sRNA86	Gene2566	0.5578
sRNA135	Gene446	0.51405
sRNA35	Gene1814	0.53354
sRNA13	Gene1517	0.52854
sRNA158	Gene1950	0.56251
sRNA177	Gene2865	0.51074
sRNA68	Gene1774	0.49505
sRNA214	Gene802	0.47295
sRNA266	Gene1828	0.44863
sRNA68	Gene19	0.56699
sRNA73	Gene606	0.50896
sRNA124	Gene2562	0.53708
sRNA25	Gene685	0.5222
sRNA50	Gene2278	0.51469
sRNA8	Gene2733	0.51627
sRNA82	Gene109	0.52805
sRNA60	Gene258	0.55151
sRNA34	Gene1034	0.46324
sRNA259	Gene1741	0.44583
sRNA211	Gene1345	0.4842
sRNA9	Gene2051	0.4864
sRNA184	Gene436	0.47821
sRNA216	Gene2110	0.48828
sRNA206	Gene890	0.52061
sRNA58	Gene759	0.51376
sRNA9	Gene2482	0.49483
sRNA73	Gene2037	0.4747
sRNA131	Gene2698	0.56964
sRNA183	Gene1053	0.51144
sRNA30	Gene1535	0.50545
sRNA76	Gene48	0.5616
sRNA128	Gene815	0.57653
sRNA155	Gene658	0.48367
sRNA9	Gene870	0.52912
sRNA154	Gene2843	0.57001
sRNA82	Gene2722	0.53622
sRNA226	Gene1100	0.48112
sRNA122	Gene2552	0.51654
sRNA9	Gene1944	0.54535
sRNA155	Gene1480	0.51136
sRNA10	Gene2364	0.57779
sRNA135	Gene1867	0.50164
sRNA183	Gene1840	0.46575
sRNA72	Gene1436	0.54519
sRNA162	Gene2729	0.53722
sRNA183	Gene848	0.54408
sRNA218	Gene1767	0.58127
sRNA77	Gene350	0.61354
sRNA9	Gene618	0.44639
sRNA50	Gene1845	0.50899
sRNA165	Gene1063	0.483
sRNA10	Gene626	0.56346
sRNA174	Gene2736	0.52626
sRNA9	Gene1470	0.50373
sRNA162	Gene683	0.52417
sRNA243	Gene2203	0.52172
sRNA72	Gene2133	0.55104
sRNA93	Gene2506	0.56826
sRNA167	Gene1667	0.50439
sRNA174	Gene2371	0.48592
sRNA152	Gene2011	0.46595
sRNA265	Gene2158	0.4479
sRNA135	Gene1029	0.48343
sRNA83	Gene2250	0.50874
sRNA9	Gene2219	0.54884
sRNA128	Gene719	0.54653
sRNA92	Gene399	0.51417
sRNA232	Gene2808	0.44574
sRNA95	Gene2320	0.56142
sRNA165	Gene2771	0.48698
sRNA113	Gene1495	0.5283
sRNA157	Gene2775	0.57717
sRNA7	Gene198	0.54065
sRNA51	Gene2837	0.54649
sRNA47	Gene866	0.48125
sRNA234	Gene1649	0.57063
sRNA201	Gene905	0.4918
sRNA96	Gene2650	0.49669
sRNA160	Gene993	0.5106
sRNA10	Gene586	0.60705
sRNA63	Gene1497	0.54064
sRNA89	Gene371	0.45559
sRNA146	Gene2216	0.50268
sRNA36	Gene2318	0.53348
sRNA9	Gene2271	0.51801
sRNA32	Gene1414	0.53969
sRNA162	Gene1890	0.56925
sRNA9	Gene713	0.52065
sRNA162	Gene1647	0.56467
sRNA62	Gene386	0.45215
sRNA23	Gene1599	0.51313
sRNA82	Gene2325	0.54332
sRNA228	Gene1398	0.52269
sRNA131	Gene2654	0.47634
sRNA75	Gene2857	0.49655
sRNA273	Gene1772	0.44935
sRNA48	Gene1281	0.48879
sRNA35	Gene702	0.51915
sRNA189	Gene153	0.47165
sRNA77	Gene2592	0.52193
sRNA56	Gene2	0.52477
sRNA267	Gene1110	0.4795
sRNA112	Gene158	0.55971
sRNA247	Gene880	0.52449
sRNA214	Gene670	0.58053
sRNA32	Gene808	0.53591
sRNA285	Gene1997	0.4495
sRNA235	Gene923	0.51837
sRNA160	Gene2480	0.55786
sRNA45	Gene2157	0.52685
sRNA112	Gene1481	0.55744
sRNA200	Gene2823	0.46269
sRNA9	Gene1982	0.51395
sRNA232	Gene60	0.47627
sRNA22	Gene1681	0.4658
sRNA181	Gene896	0.52517
sRNA232	Gene1978	0.48143
sRNA46	Gene2247	0.56118
sRNA131	Gene2425	0.56278
sRNA128	Gene408	0.55355
sRNA33	Gene1706	0.545
sRNA176	Gene1763	0.54278
sRNA210	Gene904	0.53714
sRNA205	Gene2277	0.4609
sRNA51	Gene1018	0.54768
sRNA215	Gene2735	0.50442
sRNA53	Gene711	0.52292
sRNA104	Gene1984	0.48625
sRNA237	Gene1173	0.49014
sRNA51	Gene2354	0.58437
sRNA150	Gene150	0.5026
sRNA9	Gene2273	0.45433
sRNA199	Gene1461	0.56829
sRNA151	Gene1146	0.55899
sRNA105	Gene499	0.45821
sRNA58	Gene1158	0.54602
sRNA159	Gene480	0.52332
sRNA197	Gene731	0.58006
sRNA27	Gene1519	0.44708
sRNA48	Gene2354	0.54001
sRNA139	Gene1031	0.50141
sRNA153	Gene758	0.54474
sRNA53	Gene632	0.50742
sRNA264	Gene393	0.47667
sRNA271	Gene619	0.54237
sRNA60	Gene1580	0.48058
sRNA9	Gene498	0.58639
sRNA233	Gene2431	0.54765
sRNA186	Gene2344	0.51239
sRNA143	Gene1279	0.57692
sRNA111	Gene945	0.57186
sRNA111	Gene340	0.52901
sRNA237	Gene1265	0.55321
sRNA86	Gene2372	0.58536
sRNA9	Gene2627	0.49561
sRNA8	Gene2358	0.54327
sRNA166	Gene111	0.49071
sRNA219	Gene1713	0.45262
sRNA248	Gene1206	0.45406
sRNA218	Gene1923	0.52828
sRNA187	Gene1391	0.51852
sRNA12	Gene1839	0.55375
sRNA7	Gene2356	0.56777
sRNA57	Gene2610	0.49727
sRNA52	Gene2203	0.51629
sRNA9	Gene426	0.5409
sRNA207	Gene441	0.51086
sRNA233	Gene302	0.56366
sRNA185	Gene1677	0.4717
sRNA97	Gene758	0.58505
sRNA95	Gene559	0.55722
sRNA46	Gene1834	0.57817
sRNA212	Gene2153	0.51993
sRNA166	Gene2622	0.47563
sRNA186	Gene191	0.57151
sRNA47	Gene1417	0.50927
sRNA285	Gene2796	0.45634
sRNA157	Gene1707	0.54476
sRNA289	Gene808	0.4729
sRNA72	Gene2546	0.51781
sRNA190	Gene1617	0.53592
sRNA78	Gene2391	0.52322
sRNA70	Gene2477	0.50689
sRNA202	Gene1142	0.50337
sRNA111	Gene948	0.56282
sRNA3	Gene598	0.45768
sRNA248	Gene40	0.45316
sRNA96	Gene1652	0.50164
sRNA176	Gene2244	0.57471
sRNA162	Gene1823	0.52698
sRNA185	Gene794	0.56078
sRNA108	Gene1014	0.50718
sRNA16	Gene622	0.57122
sRNA58	Gene1069	0.52184
sRNA186	Gene1395	0.56428
sRNA161	Gene135	0.49257
sRNA4	Gene1597	0.46052
sRNA240	Gene2406	0.53569
sRNA41	Gene786	0.55909
sRNA9	Gene2129	0.54528
sRNA252	Gene1972	0.50238
sRNA205	Gene21	0.4979
sRNA189	Gene1105	0.52304
sRNA152	Gene1206	0.5165
sRNA163	Gene550	0.55806
sRNA250	Gene73	0.46657
sRNA63	Gene120	0.5058
sRNA209	Gene2317	0.56675
sRNA240	Gene100	0.58152
sRNA81	Gene2439	0.53424
sRNA8	Gene923	0.51347
sRNA212	Gene1374	0.51228
sRNA167	Gene953	0.49549
sRNA100	Gene2739	0.54553
sRNA273	Gene2439	0.47171
sRNA133	Gene900	0.52156
sRNA211	Gene2155	0.48228
sRNA259	Gene1600	0.4493
sRNA145	Gene159	0.5331
sRNA74	Gene387	0.48275
sRNA239	Gene654	0.52576
sRNA50	Gene1745	0.50588
sRNA143	Gene1966	0.57599
sRNA179	Gene2120	0.48914
sRNA216	Gene1233	0.5299
sRNA102	Gene664	0.46571
sRNA7	Gene1598	0.60032
sRNA80	Gene2143	0.52691
sRNA92	Gene1246	0.52796
sRNA25	Gene1013	0.59283
sRNA185	Gene2536	0.46576
sRNA71	Gene1813	0.57498
sRNA220	Gene1886	0.53451
sRNA96	Gene939	0.5081
sRNA110	Gene1225	0.50743
sRNA103	Gene2417	0.46404
sRNA201	Gene1952	0.50881
sRNA146	Gene2207	0.53986
sRNA119	Gene2244	0.57437
sRNA158	Gene301	0.55302
sRNA267	Gene302	0.45494
sRNA104	Gene2236	0.52648
sRNA111	Gene2526	0.54624
sRNA9	Gene2541	0.50156
sRNA239	Gene179	0.49542
sRNA104	Gene574	0.56478
sRNA9	Gene596	0.54001
sRNA119	Gene2635	0.5303
sRNA128	Gene529	0.60606
sRNA176	Gene2822	0.56555
sRNA130	Gene542	0.57199
sRNA80	Gene551	0.54833
sRNA81	Gene1177	0.51286
sRNA189	Gene317	0.5062
sRNA79	Gene2477	0.4877
sRNA226	Gene2045	0.50978
sRNA159	Gene855	0.54001
sRNA25	Gene2712	0.55089
sRNA191	Gene1781	0.51328
sRNA11	Gene1122	0.45347
sRNA126	Gene1583	0.51724
sRNA43	Gene593	0.46572
sRNA54	Gene835	0.49788
sRNA202	Gene875	0.50516
sRNA109	Gene249	0.54937
sRNA232	Gene2098	0.46762
sRNA112	Gene315	0.53782
sRNA241	Gene727	0.55333
sRNA288	Gene2573	0.51162
sRNA8	Gene1160	0.50883
sRNA132	Gene983	0.4846
sRNA233	Gene1394	0.58759
sRNA210	Gene464	0.52291
sRNA48	Gene1946	0.52541
sRNA206	Gene2860	0.4767
sRNA126	Gene2026	0.48289
sRNA9	Gene1836	0.5477
sRNA9	Gene2431	0.53293
sRNA66	Gene861	0.4539
sRNA106	Gene978	0.58592
sRNA130	Gene1345	0.57024
sRNA182	Gene2349	0.4958
sRNA201	Gene2603	0.51806
sRNA50	Gene999	0.45119
sRNA7	Gene412	0.53394
sRNA89	Gene1588	0.51932
sRNA82	Gene2627	0.51239
sRNA149	Gene1427	0.5125
sRNA144	Gene1128	0.47195
sRNA219	Gene718	0.50682
sRNA159	Gene1401	0.52091
sRNA3	Gene1609	0.53137
sRNA189	Gene1892	0.47607
sRNA190	Gene756	0.55671
sRNA239	Gene376	0.5046
sRNA221	Gene754	0.59247
sRNA273	Gene731	0.46007
sRNA118	Gene1677	0.519
sRNA137	Gene443	0.45032
sRNA35	Gene2389	0.55908
sRNA148	Gene1238	0.55573
sRNA240	Gene1831	0.59422
sRNA234	Gene1309	0.47719
sRNA76	Gene2673	0.52276
sRNA37	Gene1400	0.56563
sRNA9	Gene566	0.5108
sRNA50	Gene1407	0.54025
sRNA146	Gene880	0.55547
sRNA93	Gene2418	0.49254
sRNA222	Gene1901	0.47622
sRNA201	Gene175	0.4984
sRNA28	Gene263	0.49494
sRNA31	Gene421	0.53523
sRNA157	Gene1309	0.51102
sRNA245	Gene1829	0.48027
sRNA141	Gene229	0.54011
sRNA75	Gene1980	0.51515
sRNA117	Gene1240	0.58951
sRNA124	Gene148	0.52698
sRNA13	Gene120	0.46312
sRNA164	Gene1918	0.45724
sRNA246	Gene2210	0.53727
sRNA259	Gene1881	0.47416
sRNA176	Gene1044	0.5703
sRNA4	Gene1770	0.49181
sRNA105	Gene835	0.50811
sRNA187	Gene382	0.55007
sRNA195	Gene1391	0.50743
sRNA160	Gene1491	0.58074
sRNA3	Gene1943	0.48549
sRNA131	Gene969	0.55437
sRNA41	Gene1774	0.56514
sRNA12	Gene2126	0.55145
sRNA150	Gene1055	0.54899
sRNA129	Gene2588	0.57465
sRNA244	Gene2612	0.53309
sRNA124	Gene280	0.56342
sRNA265	Gene2217	0.46911
sRNA131	Gene1015	0.55742
sRNA87	Gene2385	0.55284
sRNA192	Gene848	0.49862
sRNA3	Gene780	0.58244
sRNA240	Gene2243	0.55568
sRNA39	Gene1315	0.57039
sRNA46	Gene1273	0.5658
sRNA229	Gene1367	0.5208
sRNA70	Gene2133	0.56373
sRNA257	Gene1583	0.51648
sRNA71	Gene2129	0.57372
sRNA139	Gene982	0.49954
sRNA146	Gene81	0.49614
sRNA77	Gene1330	0.53298
sRNA9	Gene931	0.46401
sRNA3	Gene2741	0.54443
sRNA136	Gene634	0.52331
sRNA134	Gene1334	0.56242
sRNA58	Gene186	0.52495
sRNA166	Gene1925	0.52608
sRNA96	Gene2756	0.51487
sRNA109	Gene790	0.50804
sRNA245	Gene951	0.57165
sRNA38	Gene1235	0.58404
sRNA25	Gene964	0.53059
sRNA131	Gene2550	0.50819
sRNA3	Gene374	0.55655
sRNA180	Gene946	0.51867
sRNA93	Gene2292	0.51811
sRNA172	Gene911	0.5378
sRNA265	Gene322	0.53304
sRNA226	Gene1781	0.56321
sRNA33	Gene329	0.52389
sRNA207	Gene49	0.5242
sRNA141	Gene2557	0.52453
sRNA12	Gene38	0.54532
sRNA9	Gene2256	0.47247
sRNA226	Gene70	0.52398
sRNA72	Gene1318	0.52344
sRNA32	Gene1639	0.55213
sRNA107	Gene929	0.52024
sRNA214	Gene1532	0.52456
sRNA163	Gene2537	0.54648
sRNA278	Gene201	0.49732
sRNA154	Gene2744	0.53513
sRNA28	Gene1693	0.49244
sRNA136	Gene780	0.51774
sRNA213	Gene2324	0.48924
sRNA9	Gene399	0.52844
sRNA99	Gene2662	0.49983
sRNA193	Gene296	0.4804
sRNA285	Gene1233	0.45215
sRNA190	Gene658	0.54494
sRNA46	Gene374	0.55303
sRNA150	Gene941	0.54914
sRNA50	Gene223	0.57735
sRNA161	Gene2444	0.55441
sRNA98	Gene2470	0.51851
sRNA160	Gene709	0.56761
sRNA285	Gene225	0.47527
sRNA101	Gene2790	0.51074
sRNA102	Gene2321	0.48585
sRNA179	Gene524	0.52443
sRNA50	Gene1219	0.51782
sRNA93	Gene2275	0.4963
sRNA110	Gene362	0.54624
sRNA133	Gene1610	0.51805
sRNA266	Gene640	0.45338
sRNA50	Gene2244	0.5386
sRNA9	Gene1024	0.50735
sRNA116	Gene166	0.51818
sRNA36	Gene2803	0.48663
sRNA96	Gene1826	0.50929
sRNA29	Gene1767	0.56677
sRNA154	Gene2657	0.54397
sRNA9	Gene1527	0.50175
sRNA2	Gene406	0.5284
sRNA214	Gene2861	0.48725
sRNA77	Gene2718	0.57452
sRNA245	Gene26	0.54731
sRNA32	Gene2859	0.56504
sRNA223	Gene180	0.57182
sRNA199	Gene261	0.55099
sRNA105	Gene594	0.49871
sRNA45	Gene1784	0.55597
sRNA111	Gene1989	0.57988
sRNA151	Gene850	0.61157
sRNA258	Gene309	0.48073
sRNA215	Gene487	0.54893
sRNA83	Gene317	0.56111
sRNA9	Gene649	0.48997
sRNA224	Gene2295	0.5715
sRNA108	Gene1327	0.54377
sRNA189	Gene2531	0.50854
sRNA113	Gene2317	0.475
sRNA15	Gene1105	0.47829
sRNA147	Gene1447	0.5697
sRNA143	Gene1361	0.586
sRNA155	Gene2233	0.45539
sRNA158	Gene1608	0.5435
sRNA259	Gene2314	0.4541
sRNA159	Gene1649	0.55577
sRNA273	Gene960	0.45277
sRNA185	Gene2487	0.48551
sRNA89	Gene1557	0.53725
sRNA140	Gene883	0.53895
sRNA150	Gene877	0.54129
sRNA30	Gene2707	0.5205
sRNA100	Gene2779	0.49991
sRNA231	Gene753	0.53104
sRNA32	Gene858	0.51425
sRNA140	Gene397	0.52604
sRNA246	Gene1230	0.51338
sRNA187	Gene2707	0.56819
sRNA160	Gene1633	0.54267
sRNA78	Gene2098	0.53812
sRNA200	Gene207	0.49144
sRNA9	Gene16	0.55367
sRNA135	Gene28	0.56134
sRNA6	Gene1406	0.47399
sRNA51	Gene1434	0.55175
sRNA221	Gene1574	0.537
sRNA9	Gene2005	0.49438
sRNA42	Gene2402	0.55118
sRNA61	Gene1776	0.53168
sRNA9	Gene1932	0.53074
sRNA9	Gene1083	0.48613
sRNA79	Gene1013	0.55779
sRNA65	Gene2409	0.55969
sRNA50	Gene2439	0.57826
sRNA58	Gene2129	0.52881
sRNA151	Gene2390	0.5388
sRNA178	Gene1101	0.5834
sRNA90	Gene1127	0.52334
sRNA176	Gene960	0.59556
sRNA50	Gene2120	0.49887
sRNA291	Gene2787	0.487
sRNA145	Gene931	0.53992
sRNA135	Gene648	0.5383
sRNA9	Gene1301	0.53701
sRNA64	Gene1697	0.58332
sRNA250	Gene1222	0.45866
sRNA177	Gene153	0.55656
sRNA35	Gene2558	0.55863
sRNA190	Gene495	0.56332
sRNA243	Gene1052	0.55548
sRNA98	Gene4	0.56361
sRNA118	Gene227	0.5328
sRNA112	Gene1317	0.59518
sRNA266	Gene2531	0.54055
sRNA46	Gene247	0.52584
sRNA177	Gene1039	0.5494
sRNA240	Gene1679	0.57937
sRNA167	Gene484	0.54452
sRNA9	Gene1284	0.53432
sRNA198	Gene2720	0.48469
sRNA23	Gene2050	0.47749
sRNA45	Gene1290	0.44996
sRNA42	Gene490	0.56504
sRNA244	Gene2325	0.52773
sRNA160	Gene1798	0.58664
sRNA225	Gene2678	0.54843
sRNA205	Gene169	0.50032
sRNA65	Gene1850	0.52305
sRNA66	Gene597	0.51914
sRNA140	Gene2695	0.50669
sRNA175	Gene1729	0.5296
sRNA273	Gene947	0.47202
sRNA132	Gene1194	0.494
sRNA12	Gene265	0.58861
sRNA243	Gene1053	0.54542
sRNA64	Gene1177	0.57535
sRNA131	Gene2154	0.55517
sRNA31	Gene725	0.49084
sRNA169	Gene2589	0.56113
sRNA228	Gene4	0.49815
sRNA81	Gene457	0.52157
sRNA74	Gene1365	0.51983
sRNA34	Gene1362	0.50317
sRNA196	Gene1774	0.44936
sRNA7	Gene980	0.56346
sRNA248	Gene299	0.45202
sRNA50	Gene2413	0.4664
sRNA178	Gene326	0.54388
sRNA165	Gene2576	0.44554
sRNA9	Gene1928	0.49948
sRNA85	Gene2222	0.54326
sRNA210	Gene1186	0.49801
sRNA9	Gene2673	0.52042
sRNA61	Gene2225	0.52513
sRNA250	Gene247	0.47074
sRNA9	Gene545	0.52175
sRNA18	Gene663	0.56407
sRNA225	Gene1639	0.61123
sRNA132	Gene2817	0.51502
sRNA112	Gene986	0.55465
sRNA167	Gene1618	0.51349
sRNA224	Gene380	0.57413
sRNA125	Gene2861	0.50854
sRNA9	Gene2296	0.46795
sRNA224	Gene2416	0.59012
sRNA61	Gene1226	0.55344
sRNA278	Gene372	0.46783
sRNA171	Gene1575	0.51776
sRNA177	Gene1921	0.56568
sRNA196	Gene2540	0.45485
sRNA250	Gene280	0.45679
sRNA16	Gene533	0.50438
sRNA60	Gene2380	0.59621
sRNA25	Gene2500	0.51207
sRNA265	Gene589	0.54496
sRNA65	Gene2261	0.47833
sRNA9	Gene1125	0.49932
sRNA9	Gene2163	0.49258
sRNA118	Gene709	0.53236
sRNA123	Gene1396	0.51686
sRNA89	Gene1589	0.50162
sRNA38	Gene636	0.58014
sRNA235	Gene671	0.54674
sRNA264	Gene438	0.44631
sRNA14	Gene1516	0.50353
sRNA231	Gene2436	0.54889
sRNA34	Gene1562	0.46482
sRNA175	Gene1297	0.52697
sRNA131	Gene1704	0.5634
sRNA108	Gene2239	0.51987
sRNA93	Gene1286	0.49931
sRNA150	Gene1519	0.52529
sRNA223	Gene189	0.57708
sRNA237	Gene1128	0.53938
sRNA200	Gene969	0.48223
sRNA148	Gene1806	0.522
sRNA193	Gene893	0.50446
sRNA37	Gene1931	0.59799
sRNA9	Gene1142	0.54966
sRNA225	Gene748	0.54103
sRNA140	Gene698	0.53183
sRNA117	Gene70	0.54195
sRNA149	Gene2470	0.49612
sRNA77	Gene2046	0.53669
sRNA177	Gene1216	0.54444
sRNA14	Gene456	0.495
sRNA287	Gene1297	0.49918
sRNA133	Gene1042	0.55503
sRNA12	Gene2826	0.56927
sRNA184	Gene293	0.47935
sRNA84	Gene73	0.51883
sRNA171	Gene1970	0.52384
sRNA153	Gene2829	0.53639
sRNA227	Gene2443	0.49305
sRNA212	Gene2624	0.53961
sRNA150	Gene1336	0.53992
sRNA162	Gene2322	0.53918
sRNA146	Gene2737	0.52554
sRNA69	Gene1621	0.47527
sRNA89	Gene2157	0.53442
sRNA77	Gene1384	0.55584
sRNA95	Gene1809	0.5806
sRNA9	Gene2865	0.46842
sRNA260	Gene2317	0.53464
sRNA110	Gene513	0.49032
sRNA40	Gene1909	0.54575
sRNA165	Gene2230	0.48412
sRNA29	Gene1743	0.48372
sRNA20	Gene1371	0.54081
sRNA133	Gene2397	0.52966
sRNA212	Gene182	0.5149
sRNA48	Gene757	0.55843
sRNA52	Gene1297	0.59764
sRNA3	Gene284	0.50306
sRNA264	Gene2570	0.4908
sRNA88	Gene652	0.56047
sRNA96	Gene2080	0.50702
sRNA131	Gene1250	0.52246
sRNA186	Gene2783	0.49037
sRNA229	Gene1156	0.51108
sRNA136	Gene2723	0.51993
sRNA175	Gene353	0.5155
sRNA218	Gene1947	0.55595
sRNA86	Gene2319	0.57262
sRNA121	Gene542	0.46623
sRNA116	Gene856	0.56034
sRNA166	Gene724	0.49889
sRNA96	Gene2213	0.47861
sRNA9	Gene2233	0.49471
sRNA70	Gene1716	0.57559
sRNA55	Gene315	0.55964
sRNA20	Gene2581	0.57368
sRNA89	Gene2553	0.49447
sRNA231	Gene1260	0.5067
sRNA198	Gene1410	0.45887
sRNA146	Gene2175	0.5555
sRNA226	Gene1928	0.54584
sRNA84	Gene799	0.5016
sRNA50	Gene1503	0.50962
sRNA236	Gene1874	0.56119
sRNA237	Gene2743	0.5274
sRNA224	Gene407	0.53727
sRNA216	Gene562	0.57102
sRNA207	Gene2425	0.54836
sRNA126	Gene2383	0.53245
sRNA53	Gene2498	0.56172
sRNA51	Gene1906	0.58254
sRNA108	Gene1815	0.54813
sRNA56	Gene527	0.52639
sRNA50	Gene725	0.50706
sRNA221	Gene1130	0.5267
sRNA220	Gene2490	0.51792
sRNA90	Gene436	0.53721
sRNA42	Gene706	0.57398
sRNA165	Gene1985	0.4795
sRNA153	Gene2250	0.53634
sRNA159	Gene999	0.49661
sRNA190	Gene494	0.55674
sRNA106	Gene1758	0.6016
sRNA108	Gene709	0.58699
sRNA112	Gene1774	0.56961
sRNA199	Gene2721	0.58751
sRNA199	Gene1769	0.57281
sRNA21	Gene1040	0.52319
sRNA221	Gene2145	0.53672
sRNA201	Gene1851	0.49547
sRNA164	Gene1186	0.50168
sRNA222	Gene1843	0.48505
sRNA124	Gene312	0.57887
sRNA50	Gene1387	0.55998
sRNA265	Gene2796	0.50412
sRNA180	Gene1904	0.50949
sRNA150	Gene783	0.54742
sRNA106	Gene1579	0.56576
sRNA162	Gene40	0.57439
sRNA146	Gene106	0.53559
sRNA224	Gene635	0.57251
sRNA227	Gene502	0.58792
sRNA148	Gene325	0.55274
sRNA146	Gene1473	0.49145
sRNA41	Gene41	0.51121
sRNA89	Gene2766	0.54237
sRNA10	Gene1793	0.55723
sRNA58	Gene1673	0.48697
sRNA180	Gene698	0.47103
sRNA50	Gene209	0.52129
sRNA130	Gene855	0.54846
sRNA190	Gene1751	0.51206
sRNA3	Gene398	0.59633
sRNA215	Gene2692	0.50307
sRNA89	Gene560	0.57107
sRNA111	Gene1274	0.48843
sRNA141	Gene1265	0.51253
sRNA105	Gene2448	0.54333
sRNA162	Gene388	0.48446
sRNA257	Gene2520	0.5361
sRNA9	Gene257	0.54751
sRNA45	Gene2311	0.56045
sRNA58	Gene2649	0.48512
sRNA50	Gene2289	0.57299
sRNA170	Gene169	0.49081
sRNA130	Gene2749	0.55457
sRNA86	Gene1450	0.59362
sRNA207	Gene533	0.55257
sRNA226	Gene1353	0.58054
sRNA9	Gene712	0.53787
sRNA37	Gene559	0.64659
sRNA14	Gene1160	0.52181
sRNA9	Gene2230	0.53819
sRNA219	Gene1704	0.53928
sRNA22	Gene2199	0.4521
sRNA50	Gene1598	0.51493
sRNA12	Gene520	0.57617
sRNA194	Gene639	0.58041
sRNA9	Gene2649	0.50914
sRNA62	Gene1120	0.54373
sRNA207	Gene2467	0.50996
sRNA159	Gene2172	0.53581
sRNA85	Gene2627	0.51249
sRNA95	Gene453	0.49221
sRNA154	Gene213	0.55219
sRNA155	Gene1117	0.51913
sRNA96	Gene2544	0.50028
sRNA89	Gene2004	0.49483
sRNA47	Gene184	0.47756
sRNA124	Gene109	0.53069
sRNA189	Gene353	0.49398
sRNA42	Gene2519	0.52844
sRNA143	Gene814	0.5506
sRNA229	Gene2711	0.51999
sRNA287	Gene2252	0.4986
sRNA204	Gene1314	0.50632
sRNA178	Gene2122	0.47747
sRNA183	Gene2298	0.52941
sRNA200	Gene1560	0.46083
sRNA9	Gene1585	0.44813
sRNA1	Gene2731	0.5174
sRNA251	Gene241	0.47846
sRNA166	Gene418	0.48989
sRNA24	Gene352	0.46008
sRNA169	Gene843	0.52256
sRNA51	Gene14	0.57952
sRNA143	Gene1707	0.56005
sRNA7	Gene2591	0.52267
sRNA225	Gene1314	0.56
sRNA285	Gene879	0.45746
sRNA201	Gene164	0.47788
sRNA9	Gene1404	0.56548
sRNA160	Gene2070	0.52149
sRNA92	Gene773	0.55441
sRNA24	Gene1469	0.49482
sRNA102	Gene2722	0.47034
sRNA160	Gene2385	0.54572
sRNA111	Gene427	0.54952
sRNA162	Gene555	0.53979
sRNA95	Gene2646	0.52006
sRNA40	Gene1022	0.56233
sRNA4	Gene1476	0.44893
sRNA240	Gene1748	0.54745
sRNA133	Gene1978	0.51994
sRNA22	Gene1821	0.46773
sRNA29	Gene1711	0.55938
sRNA82	Gene851	0.50361
sRNA221	Gene2806	0.54243
sRNA232	Gene2220	0.47821
sRNA219	Gene105	0.46914
sRNA163	Gene117	0.51405
sRNA47	Gene2001	0.54551
sRNA151	Gene577	0.57536
sRNA44	Gene739	0.50538
sRNA180	Gene2677	0.49926
sRNA33	Gene1187	0.50414
sRNA9	Gene2561	0.5043
sRNA133	Gene268	0.5555
sRNA265	Gene2205	0.5318
sRNA96	Gene823	0.51409
sRNA74	Gene678	0.53672
sRNA141	Gene2770	0.56568
sRNA32	Gene422	0.54158
sRNA181	Gene2096	0.5783
sRNA95	Gene2122	0.52167
sRNA111	Gene350	0.56067
sRNA223	Gene2257	0.56618
sRNA154	Gene2187	0.5738
sRNA196	Gene711	0.46847
sRNA19	Gene2230	0.56147
sRNA216	Gene2786	0.53808
sRNA191	Gene2409	0.50841
sRNA195	Gene694	0.50643
sRNA37	Gene2384	0.56295
sRNA9	Gene1152	0.54679
sRNA132	Gene111	0.49403
sRNA155	Gene2456	0.5222
sRNA258	Gene2236	0.51222
sRNA274	Gene501	0.4648
sRNA34	Gene1621	0.47314
sRNA187	Gene1137	0.55579
sRNA160	Gene811	0.50986
sRNA211	Gene942	0.46171
sRNA14	Gene1343	0.53852
sRNA245	Gene687	0.55013
sRNA176	Gene2057	0.56226
sRNA87	Gene2370	0.53172
sRNA179	Gene1133	0.51038
sRNA36	Gene2811	0.50721
sRNA197	Gene1157	0.55914
sRNA152	Gene2759	0.47899
sRNA60	Gene2459	0.53201
sRNA155	Gene481	0.46295
sRNA188	Gene2216	0.49854
sRNA207	Gene1464	0.52506
sRNA126	Gene1707	0.51146
sRNA41	Gene348	0.54069
sRNA183	Gene721	0.51696
sRNA242	Gene1830	0.48032
sRNA165	Gene1211	0.50204
sRNA9	Gene150	0.58738
sRNA130	Gene1228	0.57807
sRNA274	Gene2733	0.46863
sRNA50	Gene1381	0.5622
sRNA141	Gene2629	0.52396
sRNA264	Gene1767	0.52001
sRNA50	Gene340	0.5376
sRNA63	Gene1570	0.52745
sRNA32	Gene417	0.51771
sRNA238	Gene220	0.47448
sRNA77	Gene101	0.55573
sRNA29	Gene95	0.57257
sRNA229	Gene1856	0.50538
sRNA9	Gene414	0.49115
sRNA112	Gene2273	0.53605
sRNA250	Gene157	0.45895
sRNA88	Gene27	0.52695
sRNA66	Gene1667	0.44842
sRNA260	Gene116	0.49948
sRNA112	Gene1763	0.58193
sRNA247	Gene2192	0.4484
sRNA29	Gene1421	0.56087
sRNA139	Gene270	0.5233
sRNA204	Gene1591	0.52104
sRNA139	Gene1963	0.51368
sRNA175	Gene2585	0.48597
sRNA7	Gene889	0.59361
sRNA18	Gene1021	0.52628
sRNA285	Gene71	0.45339
sRNA191	Gene1908	0.49106
sRNA79	Gene626	0.50667
sRNA240	Gene850	0.61115
sRNA191	Gene1269	0.49759
sRNA9	Gene1704	0.5375
sRNA236	Gene1262	0.56602
sRNA219	Gene583	0.4615
sRNA234	Gene952	0.55182
sRNA134	Gene1036	0.56613
sRNA20	Gene2634	0.55038
sRNA146	Gene99	0.55153
sRNA130	Gene1776	0.55811
sRNA76	Gene1119	0.5713
sRNA9	Gene2550	0.45455
sRNA50	Gene2155	0.54524
sRNA60	Gene374	0.51853
sRNA244	Gene406	0.55914
sRNA184	Gene2157	0.47267
sRNA9	Gene2062	0.49734
sRNA236	Gene942	0.57992
sRNA74	Gene2796	0.49812
sRNA72	Gene2769	0.51725
sRNA161	Gene442	0.51993
sRNA165	Gene2548	0.5202
sRNA79	Gene1740	0.52278
sRNA9	Gene1862	0.5333
sRNA241	Gene162	0.54974
sRNA27	Gene2527	0.4783
sRNA153	Gene1132	0.57756
sRNA39	Gene2193	0.58562
sRNA207	Gene192	0.58473
sRNA240	Gene147	0.58987
sRNA234	Gene2395	0.57946
sRNA267	Gene1485	0.48947
sRNA98	Gene739	0.47949
sRNA197	Gene2167	0.50509
sRNA130	Gene2649	0.56771
sRNA224	Gene110	0.57502
sRNA117	Gene835	0.54488
sRNA236	Gene200	0.55438
sRNA13	Gene737	0.46951
sRNA216	Gene521	0.56176
sRNA95	Gene649	0.46049
sRNA155	Gene670	0.45857
sRNA126	Gene1667	0.5156
sRNA259	Gene2661	0.45552
sRNA244	Gene2051	0.50859
sRNA96	Gene64	0.51401
sRNA222	Gene1086	0.5299
sRNA10	Gene979	0.51536
sRNA134	Gene1816	0.57271
sRNA96	Gene726	0.51005
sRNA150	Gene1782	0.59923
sRNA185	Gene1038	0.48211
sRNA96	Gene2340	0.50309
sRNA108	Gene2513	0.55262
sRNA178	Gene1151	0.57436
sRNA143	Gene2139	0.54628
sRNA71	Gene499	0.5445
sRNA19	Gene1278	0.5073
sRNA114	Gene753	0.53817
sRNA65	Gene2101	0.52983
sRNA173	Gene2486	0.5321
sRNA119	Gene1164	0.54321
sRNA50	Gene925	0.56116
sRNA212	Gene974	0.53504
sRNA211	Gene1106	0.45595
sRNA39	Gene2732	0.60792
sRNA234	Gene119	0.55826
sRNA9	Gene382	0.5206
sRNA237	Gene196	0.46566
sRNA112	Gene728	0.56824
sRNA46	Gene1334	0.54354
sRNA89	Gene2569	0.51127
sRNA74	Gene2738	0.49046
sRNA180	Gene1795	0.49665
sRNA239	Gene1676	0.54409
sRNA87	Gene2657	0.50838
sRNA98	Gene876	0.49805
sRNA81	Gene1804	0.51824
sRNA72	Gene962	0.49184
sRNA104	Gene2089	0.51895
sRNA142	Gene2796	0.54122
sRNA259	Gene702	0.4461
sRNA19	Gene1969	0.57131
sRNA113	Gene2734	0.46823
sRNA224	Gene2210	0.5841
sRNA169	Gene2730	0.55107
sRNA170	Gene344	0.52109
sRNA139	Gene843	0.48954
sRNA25	Gene553	0.55302
sRNA202	Gene996	0.51137
sRNA13	Gene2790	0.48291
sRNA123	Gene2417	0.46909
sRNA108	Gene1311	0.53523
sRNA76	Gene147	0.54979
sRNA74	Gene654	0.50469
sRNA132	Gene558	0.49465
sRNA50	Gene2737	0.4477
sRNA72	Gene1694	0.5513
sRNA84	Gene665	0.51621
sRNA196	Gene743	0.46013
sRNA129	Gene262	0.54902
sRNA72	Gene267	0.53672
sRNA66	Gene2507	0.45576
sRNA214	Gene1555	0.52704
sRNA33	Gene327	0.56819
sRNA89	Gene518	0.48481
sRNA235	Gene175	0.51845
sRNA129	Gene1496	0.54343
sRNA44	Gene172	0.49918
sRNA52	Gene899	0.59117
sRNA118	Gene1418	0.53753
sRNA209	Gene1226	0.56805
sRNA145	Gene867	0.53638
sRNA206	Gene1309	0.46654
sRNA181	Gene795	0.54309
sRNA77	Gene2241	0.55128
sRNA199	Gene369	0.51639
sRNA237	Gene1731	0.52611
sRNA222	Gene2294	0.47593
sRNA50	Gene2017	0.54752
sRNA294	Gene19	0.46525
sRNA194	Gene130	0.53777
sRNA111	Gene236	0.56833
sRNA201	Gene2024	0.5244
sRNA245	Gene628	0.55177
sRNA144	Gene134	0.51733
sRNA100	Gene2027	0.48134
sRNA251	Gene1876	0.45307
sRNA122	Gene2147	0.52583
sRNA9	Gene1642	0.53823
sRNA50	Gene2304	0.47304
sRNA34	Gene1194	0.47573
sRNA237	Gene1286	0.51381
sRNA80	Gene2424	0.51255
sRNA58	Gene2792	0.47855
sRNA60	Gene562	0.51228
sRNA104	Gene1272	0.497
sRNA212	Gene714	0.50415
sRNA24	Gene462	0.49602
sRNA101	Gene1598	0.57026
sRNA108	Gene1147	0.57505
sRNA219	Gene261	0.45408
sRNA189	Gene1607	0.50309
sRNA185	Gene1405	0.50255
sRNA273	Gene478	0.46875
sRNA223	Gene2298	0.51402
sRNA332	Gene2562	0.47039
sRNA52	Gene1843	0.58937
sRNA28	Gene2058	0.53011
sRNA114	Gene779	0.52421
sRNA144	Gene2458	0.50523
sRNA152	Gene2664	0.50522
sRNA188	Gene2233	0.48422
sRNA278	Gene2412	0.48539
sRNA71	Gene420	0.59843
sRNA118	Gene2587	0.52703
sRNA59	Gene877	0.5655
sRNA257	Gene670	0.48335
sRNA127	Gene650	0.53055
sRNA50	Gene1435	0.51964
sRNA155	Gene2624	0.51461
sRNA53	Gene938	0.52559
sRNA243	Gene1937	0.52714
sRNA9	Gene1131	0.50186
sRNA166	Gene2113	0.4926
sRNA3	Gene1497	0.50889
sRNA12	Gene1899	0.4841
sRNA89	Gene970	0.52088
sRNA36	Gene1114	0.48388
sRNA145	Gene1633	0.54155
sRNA3	Gene138	0.47104
sRNA39	Gene507	0.55104
sRNA263	Gene1024	0.50846
sRNA50	Gene2411	0.51471
sRNA37	Gene1347	0.58472
sRNA76	Gene201	0.5425
sRNA178	Gene2675	0.55088
sRNA102	Gene630	0.47996
sRNA66	Gene1757	0.4807
sRNA229	Gene2723	0.5266
sRNA25	Gene2770	0.51851
sRNA273	Gene1517	0.5261
sRNA9	Gene1649	0.51098
sRNA9	Gene204	0.57664
sRNA58	Gene199	0.51138
sRNA71	Gene1050	0.60649
sRNA199	Gene1659	0.58269
sRNA131	Gene742	0.55123
sRNA146	Gene537	0.53269
sRNA206	Gene1465	0.49387
sRNA225	Gene2861	0.58097
sRNA25	Gene2727	0.51044
sRNA166	Gene2746	0.50937
sRNA181	Gene527	0.57075
sRNA22	Gene2248	0.47551
sRNA229	Gene646	0.52938
sRNA80	Gene847	0.52254
sRNA274	Gene1832	0.45989
sRNA265	Gene182	0.49348
sRNA186	Gene1329	0.54107
sRNA161	Gene735	0.50945
sRNA32	Gene539	0.56531
sRNA3	Gene1899	0.49151
sRNA219	Gene2393	0.50785
sRNA90	Gene1271	0.51263
sRNA163	Gene1611	0.53893
sRNA9	Gene232	0.54472
sRNA3	Gene1849	0.54445
sRNA132	Gene1599	0.49304
sRNA113	Gene2233	0.52137
sRNA128	Gene2296	0.53347
sRNA3	Gene2557	0.46942
sRNA29	Gene739	0.52747
sRNA225	Gene1584	0.54843
sRNA64	Gene982	0.55277
sRNA124	Gene948	0.58335
sRNA193	Gene1872	0.46197
sRNA48	Gene1724	0.56243
sRNA304	Gene892	0.45096
sRNA106	Gene1672	0.56405
sRNA51	Gene2217	0.55068
sRNA89	Gene1410	0.4795
sRNA175	Gene37	0.51857
sRNA245	Gene2564	0.45545
sRNA280	Gene490	0.50537
sRNA92	Gene1891	0.47304
sRNA9	Gene471	0.51687
sRNA68	Gene2767	0.48841
sRNA10	Gene2661	0.58313
sRNA187	Gene1246	0.57591
sRNA161	Gene2505	0.55978
sRNA168	Gene736	0.47761
sRNA14	Gene2803	0.49754
sRNA269	Gene1972	0.45203
sRNA68	Gene734	0.54069
sRNA209	Gene1990	0.55715
sRNA194	Gene2286	0.52501
sRNA189	Gene2433	0.45041
sRNA83	Gene2399	0.52537
sRNA9	Gene791	0.5081
sRNA240	Gene2237	0.58064
sRNA169	Gene647	0.53045
sRNA2	Gene1301	0.50491
sRNA29	Gene2007	0.55119
sRNA286	Gene1976	0.46202
sRNA150	Gene526	0.49853
sRNA9	Gene670	0.47013
sRNA64	Gene26	0.55777
sRNA9	Gene579	0.48067
sRNA100	Gene2705	0.52952
sRNA186	Gene1642	0.55677
sRNA109	Gene843	0.53052
sRNA68	Gene204	0.54545
sRNA1	Gene1039	0.5281
sRNA50	Gene2779	0.47402
sRNA189	Gene2518	0.51834
sRNA240	Gene148	0.56945
sRNA2	Gene1713	0.5043
sRNA80	Gene180	0.51128
sRNA45	Gene1597	0.52382
sRNA34	Gene185	0.49482
sRNA20	Gene1390	0.56312
sRNA198	Gene1933	0.46376
sRNA104	Gene700	0.5595
sRNA215	Gene1187	0.52933
sRNA50	Gene161	0.52121
sRNA231	Gene2738	0.5317
sRNA235	Gene130	0.55247
sRNA8	Gene857	0.49697
sRNA193	Gene2587	0.49094
sRNA45	Gene2743	0.5584
sRNA168	Gene2707	0.50587
sRNA37	Gene644	0.56969
sRNA224	Gene492	0.58977
sRNA225	Gene600	0.549
sRNA162	Gene2666	0.50846
sRNA204	Gene1348	0.50064
sRNA153	Gene1716	0.56587
sRNA19	Gene2177	0.54724
sRNA219	Gene1660	0.48408
sRNA154	Gene446	0.56034
sRNA140	Gene238	0.53752
sRNA140	Gene169	0.5787
sRNA14	Gene1630	0.52674
sRNA204	Gene2433	0.4882
sRNA126	Gene2490	0.47998
sRNA220	Gene2405	0.56941
sRNA143	Gene1942	0.54845
sRNA227	Gene545	0.56473
sRNA222	Gene2488	0.47777
sRNA234	Gene796	0.5717
sRNA65	Gene2676	0.57579
sRNA153	Gene1612	0.53072
sRNA160	Gene1797	0.50447
sRNA157	Gene2674	0.56893
sRNA30	Gene1471	0.49298
sRNA35	Gene1940	0.53762
sRNA196	Gene1111	0.49546
sRNA101	Gene1735	0.5123
sRNA50	Gene273	0.47519
sRNA12	Gene2298	0.55637
sRNA76	Gene715	0.5291
sRNA9	Gene103	0.50189
sRNA16	Gene281	0.4863
sRNA18	Gene1377	0.51504
sRNA153	Gene1710	0.46495
sRNA130	Gene759	0.58728
sRNA18	Gene1974	0.49989
sRNA48	Gene2722	0.53889
sRNA9	Gene260	0.53473
sRNA109	Gene673	0.53288
sRNA249	Gene2308	0.50999
sRNA9	Gene376	0.5238
sRNA56	Gene1568	0.48734
sRNA148	Gene2689	0.48984
sRNA71	Gene2162	0.53664
sRNA265	Gene371	0.48995
sRNA227	Gene1769	0.55101
sRNA9	Gene2486	0.45897
sRNA273	Gene2410	0.4468
sRNA87	Gene395	0.55248
sRNA103	Gene1705	0.53514
sRNA117	Gene2279	0.54624
sRNA152	Gene2785	0.51451
sRNA44	Gene1487	0.4976
sRNA172	Gene2695	0.50155
sRNA249	Gene1789	0.47917
sRNA50	Gene2636	0.4717
sRNA90	Gene2259	0.50136
sRNA241	Gene487	0.53405
sRNA116	Gene1831	0.50109
sRNA52	Gene906	0.60427
sRNA119	Gene877	0.53467
sRNA223	Gene2085	0.53193
sRNA233	Gene1287	0.57133
sRNA63	Gene682	0.53695
sRNA208	Gene71	0.46444
sRNA235	Gene778	0.49962
sRNA42	Gene976	0.57166
sRNA203	Gene1516	0.51974
sRNA231	Gene1783	0.54589
sRNA234	Gene2520	0.5965
sRNA145	Gene2682	0.58595
sRNA5	Gene2287	0.52473
sRNA175	Gene385	0.4845
sRNA7	Gene660	0.56686
sRNA159	Gene1614	0.55565
sRNA141	Gene155	0.54479
sRNA202	Gene898	0.51367
sRNA195	Gene1354	0.49739
sRNA298	Gene2410	0.52758
sRNA3	Gene827	0.48743
sRNA3	Gene896	0.45875
sRNA102	Gene1089	0.48319
sRNA52	Gene2453	0.56923
sRNA7	Gene1179	0.57588
sRNA30	Gene1489	0.52104
sRNA225	Gene2023	0.57233
sRNA142	Gene942	0.55342
sRNA9	Gene2567	0.51942
sRNA62	Gene636	0.51389
sRNA37	Gene1082	0.55479
sRNA29	Gene562	0.5552
sRNA197	Gene553	0.54243
sRNA225	Gene1839	0.56552
sRNA58	Gene1674	0.54619
sRNA18	Gene2291	0.48738
sRNA174	Gene2312	0.51447
sRNA212	Gene298	0.5003
sRNA47	Gene56	0.56205
sRNA89	Gene2590	0.53262
sRNA106	Gene51	0.52558
sRNA167	Gene1553	0.45692
sRNA9	Gene256	0.5468
sRNA45	Gene2761	0.54619
sRNA188	Gene2276	0.47908
sRNA96	Gene1357	0.50628
sRNA9	Gene2461	0.50155
sRNA264	Gene2236	0.51828
sRNA129	Gene25	0.52664
sRNA264	Gene316	0.5293
sRNA237	Gene1750	0.51638
sRNA9	Gene1438	0.53101
sRNA53	Gene547	0.54272
sRNA208	Gene1702	0.49575
sRNA236	Gene692	0.58233
sRNA265	Gene2136	0.47965
sRNA43	Gene857	0.52792
sRNA154	Gene373	0.57388
sRNA145	Gene2812	0.56698
sRNA6	Gene777	0.50453
sRNA103	Gene997	0.52976
sRNA30	Gene2354	0.55636
sRNA49	Gene622	0.55177
sRNA247	Gene2618	0.45113
sRNA154	Gene1072	0.57369
sRNA162	Gene1439	0.5082
sRNA137	Gene108	0.4836
sRNA233	Gene416	0.59083
sRNA274	Gene178	0.48105
sRNA211	Gene1178	0.49106
sRNA34	Gene515	0.46977
sRNA140	Gene2387	0.51691
sRNA212	Gene2808	0.54983
sRNA98	Gene2227	0.45982
sRNA87	Gene1041	0.57058
sRNA56	Gene571	0.4592
sRNA77	Gene182	0.5723
sRNA105	Gene2757	0.51289
sRNA6	Gene2014	0.47501
sRNA212	Gene311	0.51544
sRNA135	Gene2133	0.57215
sRNA100	Gene215	0.54892
sRNA224	Gene1749	0.59169
sRNA228	Gene2735	0.50229
sRNA189	Gene1979	0.53028
sRNA220	Gene569	0.56143
sRNA89	Gene2444	0.52042
sRNA223	Gene1303	0.50908
sRNA86	Gene1994	0.56849
sRNA243	Gene2765	0.5332
sRNA32	Gene1498	0.4846
sRNA53	Gene2407	0.51919
sRNA39	Gene1321	0.56308
sRNA104	Gene452	0.53344
sRNA113	Gene1290	0.53768
sRNA130	Gene2367	0.55591
sRNA265	Gene2699	0.45067
sRNA233	Gene798	0.53837
sRNA176	Gene2594	0.56924
sRNA198	Gene2376	0.46766
sRNA191	Gene2225	0.54396
sRNA154	Gene831	0.55738
sRNA243	Gene1313	0.5561
sRNA145	Gene2610	0.49752
sRNA259	Gene631	0.45026
sRNA17	Gene1111	0.57321
sRNA125	Gene81	0.53056
sRNA237	Gene2475	0.47517
sRNA134	Gene781	0.53289
sRNA142	Gene2003	0.54383
sRNA145	Gene742	0.52086
sRNA116	Gene2644	0.58211
sRNA279	Gene670	0.45476
sRNA130	Gene273	0.54047
sRNA139	Gene2755	0.50603
sRNA11	Gene415	0.57073
sRNA274	Gene2390	0.45309
sRNA151	Gene451	0.58137
sRNA195	Gene1623	0.50749
sRNA170	Gene2854	0.5458
sRNA233	Gene2165	0.5934
sRNA83	Gene371	0.51475
sRNA50	Gene326	0.51508
sRNA25	Gene1605	0.4714
sRNA142	Gene645	0.52261
sRNA36	Gene610	0.56377
sRNA131	Gene1497	0.56814
sRNA12	Gene2377	0.58262
sRNA230	Gene1582	0.5042
sRNA50	Gene432	0.47164
sRNA9	Gene1269	0.53293
sRNA35	Gene2419	0.56534
sRNA120	Gene1444	0.53686
sRNA171	Gene1660	0.49399
sRNA114	Gene2487	0.53629
sRNA7	Gene2155	0.57213
sRNA100	Gene1314	0.53312
sRNA138	Gene459	0.48969
sRNA217	Gene2009	0.49207
sRNA11	Gene1625	0.52917
sRNA201	Gene109	0.50512
sRNA49	Gene100	0.5806
sRNA236	Gene1805	0.58867
sRNA249	Gene1902	0.49778
sRNA50	Gene2665	0.48698
sRNA183	Gene566	0.52477
sRNA50	Gene81	0.53958
sRNA157	Gene2308	0.55661
sRNA220	Gene2080	0.5078
sRNA158	Gene995	0.48674
sRNA206	Gene1666	0.48256
sRNA263	Gene239	0.47657
sRNA37	Gene1126	0.54501
sRNA83	Gene877	0.53069
sRNA174	Gene2142	0.51254
sRNA172	Gene1977	0.47066
sRNA176	Gene1157	0.55077
sRNA185	Gene2107	0.53118
sRNA125	Gene1200	0.59833
sRNA234	Gene1935	0.56458
sRNA76	Gene1055	0.57906
sRNA224	Gene2593	0.63872
sRNA287	Gene2738	0.50355
sRNA84	Gene1619	0.50245
sRNA144	Gene1471	0.51771
sRNA37	Gene455	0.55418
sRNA50	Gene1169	0.48351
sRNA227	Gene650	0.58819
sRNA9	Gene185	0.51905
sRNA9	Gene2496	0.50735
sRNA102	Gene2563	0.48309
sRNA37	Gene580	0.54482
sRNA111	Gene2724	0.53501
sRNA76	Gene2835	0.50682
sRNA71	Gene1907	0.56129
sRNA116	Gene482	0.5386
sRNA147	Gene2224	0.56002
sRNA15	Gene436	0.48772
sRNA204	Gene1775	0.52567
sRNA111	Gene1837	0.53092
sRNA93	Gene1441	0.52329
sRNA260	Gene1225	0.53021
sRNA132	Gene1645	0.4856
sRNA45	Gene1971	0.50764
sRNA118	Gene182	0.4977
sRNA291	Gene774	0.49109
sRNA96	Gene1552	0.49116
sRNA130	Gene1572	0.53901
sRNA86	Gene912	0.55847
sRNA208	Gene2288	0.49533
sRNA210	Gene2662	0.46333
sRNA218	Gene1334	0.56352
sRNA187	Gene2303	0.5063
sRNA210	Gene2405	0.45664
sRNA72	Gene452	0.52917
sRNA135	Gene694	0.47269
sRNA209	Gene1325	0.58294
sRNA255	Gene2168	0.45732
sRNA71	Gene900	0.56994
sRNA50	Gene15	0.5054
sRNA58	Gene1194	0.49261
sRNA9	Gene727	0.57087
sRNA93	Gene1636	0.51715
sRNA203	Gene2355	0.50988
sRNA33	Gene507	0.53964
sRNA175	Gene370	0.47736
sRNA232	Gene2175	0.47846
sRNA146	Gene644	0.53226
sRNA240	Gene314	0.5657
sRNA113	Gene658	0.53077
sRNA183	Gene554	0.55466
sRNA96	Gene1341	0.49941
sRNA2	Gene1407	0.51177
sRNA9	Gene2845	0.4787
sRNA9	Gene2853	0.52598
sRNA90	Gene293	0.51177
sRNA59	Gene2641	0.51956
sRNA101	Gene502	0.5554
sRNA103	Gene2257	0.47874
sRNA154	Gene2555	0.55056
sRNA277	Gene1897	0.51131
sRNA26	Gene2164	0.49129
sRNA263	Gene964	0.49357
sRNA275	Gene2016	0.45044
sRNA3	Gene1247	0.47527
sRNA67	Gene1102	0.5124
sRNA172	Gene1162	0.53807
sRNA129	Gene605	0.55884
sRNA9	Gene2678	0.54733
sRNA9	Gene2420	0.56165
sRNA244	Gene1228	0.57488
sRNA214	Gene1425	0.55201
sRNA250	Gene989	0.48789
sRNA129	Gene1472	0.57334
sRNA112	Gene421	0.528
sRNA185	Gene539	0.54996
sRNA170	Gene1972	0.51114
sRNA175	Gene995	0.49716
sRNA220	Gene251	0.52593
sRNA286	Gene462	0.4722
sRNA165	Gene403	0.49009
sRNA104	Gene2260	0.47539
sRNA9	Gene2241	0.53295
sRNA167	Gene2787	0.50569
sRNA286	Gene314	0.47732
sRNA37	Gene1619	0.56206
sRNA116	Gene588	0.55857
sRNA37	Gene2786	0.60133
sRNA259	Gene958	0.47523
sRNA178	Gene686	0.59108
sRNA243	Gene1400	0.54232
sRNA176	Gene2572	0.58013
sRNA9	Gene2630	0.50648
sRNA164	Gene2042	0.53579
sRNA212	Gene1482	0.54289
sRNA4	Gene1044	0.49246
sRNA224	Gene2850	0.55114
sRNA128	Gene2440	0.55164
sRNA170	Gene2828	0.48957
sRNA204	Gene1124	0.5042
sRNA9	Gene1575	0.50314
sRNA187	Gene2396	0.58762
sRNA56	Gene2699	0.48881
sRNA3	Gene952	0.46439
sRNA71	Gene732	0.55473
sRNA116	Gene2691	0.49103
sRNA238	Gene1624	0.48754
sRNA181	Gene1553	0.53346
sRNA133	Gene2251	0.523
sRNA34	Gene1265	0.50856
sRNA193	Gene6	0.50401
sRNA161	Gene1347	0.57278
sRNA174	Gene630	0.48366
sRNA226	Gene2212	0.52372
sRNA215	Gene2818	0.52553
sRNA80	Gene1417	0.51102
sRNA317	Gene211	0.46763
sRNA197	Gene1315	0.54444
sRNA74	Gene1325	0.50703
sRNA9	Gene68	0.48491
sRNA3	Gene2574	0.57532
sRNA197	Gene1468	0.46767
sRNA109	Gene1004	0.5296
sRNA12	Gene2209	0.5707
sRNA60	Gene2360	0.558
sRNA101	Gene924	0.53435
sRNA263	Gene722	0.50117
sRNA240	Gene697	0.56553
sRNA3	Gene1428	0.54264
sRNA188	Gene1025	0.53292
sRNA245	Gene1011	0.57821
sRNA236	Gene1079	0.56496
sRNA46	Gene1506	0.48554
sRNA96	Gene982	0.48786
sRNA239	Gene1583	0.53696
sRNA111	Gene1064	0.53883
sRNA184	Gene107	0.50518
sRNA97	Gene1499	0.54145
sRNA263	Gene994	0.50007
sRNA31	Gene2284	0.51035
sRNA52	Gene946	0.58507
sRNA108	Gene891	0.53443
sRNA146	Gene1190	0.56463
sRNA9	Gene2568	0.54512
sRNA255	Gene2573	0.48342
sRNA111	Gene516	0.55491
sRNA266	Gene1220	0.48007
sRNA38	Gene463	0.54359
sRNA9	Gene857	0.45547
sRNA178	Gene1960	0.50256
sRNA178	Gene1475	0.58696
sRNA243	Gene1706	0.56274
sRNA220	Gene472	0.5517
sRNA227	Gene211	0.54182
sRNA100	Gene976	0.53142
sRNA48	Gene395	0.53384
sRNA9	Gene2189	0.57853
sRNA82	Gene2613	0.53042
sRNA152	Gene1902	0.56907
sRNA209	Gene84	0.55283
sRNA155	Gene1742	0.47188
sRNA139	Gene1036	0.50742
sRNA78	Gene1665	0.51018
sRNA177	Gene2639	0.53468
sRNA234	Gene470	0.57922
sRNA9	Gene2060	0.58187
sRNA245	Gene2169	0.56904
sRNA260	Gene1330	0.50172
sRNA100	Gene1197	0.50872
sRNA233	Gene1531	0.55074
sRNA187	Gene1192	0.53228
sRNA49	Gene607	0.48828
sRNA35	Gene2117	0.5296
sRNA240	Gene673	0.58846
sRNA240	Gene1148	0.56535
sRNA53	Gene1491	0.5271
sRNA158	Gene1203	0.52742
sRNA229	Gene1386	0.53398
sRNA205	Gene1118	0.49663
sRNA201	Gene311	0.48369
sRNA112	Gene336	0.56267
sRNA9	Gene620	0.48351
sRNA181	Gene211	0.60535
sRNA111	Gene2721	0.56415
sRNA14	Gene128	0.56541
sRNA219	Gene2675	0.54086
sRNA236	Gene2412	0.54495
sRNA3	Gene924	0.52782
sRNA33	Gene1040	0.52476
sRNA142	Gene1022	0.50101
sRNA155	Gene919	0.4473
sRNA166	Gene1383	0.459
sRNA211	Gene2476	0.48581
sRNA70	Gene1672	0.52209
sRNA190	Gene677	0.54284
sRNA257	Gene1567	0.50252
sRNA2	Gene767	0.55547
sRNA145	Gene2450	0.5578
sRNA144	Gene2284	0.52614
sRNA104	Gene746	0.54315
sRNA187	Gene293	0.57203
sRNA171	Gene2619	0.49701
sRNA252	Gene434	0.46773
sRNA249	Gene1478	0.48508
sRNA74	Gene557	0.50254
sRNA20	Gene1883	0.54212
sRNA183	Gene1655	0.53684
sRNA38	Gene2708	0.54071
sRNA130	Gene1841	0.54287
sRNA121	Gene1142	0.4833
sRNA209	Gene1540	0.5197
sRNA72	Gene1489	0.48272
sRNA9	Gene2388	0.54143
sRNA135	Gene1969	0.51696
sRNA110	Gene971	0.56157
sRNA30	Gene1265	0.47185
sRNA129	Gene372	0.52641
sRNA95	Gene545	0.4908
sRNA229	Gene2771	0.54581
sRNA239	Gene2455	0.53786
sRNA163	Gene99	0.51498
sRNA211	Gene2661	0.44792
sRNA169	Gene2153	0.50666
sRNA208	Gene2682	0.49633
sRNA53	Gene1432	0.53554
sRNA48	Gene117	0.55699
sRNA160	Gene692	0.50108
sRNA123	Gene2519	0.5173
sRNA83	Gene2717	0.5301
sRNA2	Gene897	0.53915
sRNA240	Gene1276	0.54262
sRNA214	Gene410	0.52443
sRNA87	Gene1447	0.53901
sRNA120	Gene2143	0.57319
sRNA50	Gene1740	0.48069
sRNA86	Gene1459	0.59388
sRNA9	Gene1927	0.52427
sRNA183	Gene227	0.51378
sRNA229	Gene986	0.5226
sRNA197	Gene600	0.50335
sRNA194	Gene994	0.54104
sRNA201	Gene622	0.51249
sRNA244	Gene1659	0.53081
sRNA62	Gene908	0.47226
sRNA32	Gene486	0.53746
sRNA214	Gene2002	0.54658
sRNA108	Gene1527	0.54157
sRNA3	Gene2193	0.5493
sRNA16	Gene726	0.55569
sRNA109	Gene1476	0.54053
sRNA92	Gene2622	0.5472
sRNA229	Gene1279	0.543
sRNA85	Gene161	0.52421
sRNA48	Gene74	0.51373
sRNA109	Gene2098	0.53562
sRNA43	Gene2584	0.48489
sRNA58	Gene1736	0.49127
sRNA98	Gene900	0.51139
sRNA9	Gene1958	0.50398
sRNA89	Gene767	0.53246
sRNA43	Gene2136	0.53832
sRNA87	Gene318	0.57139
sRNA9	Gene1054	0.54567
sRNA211	Gene1040	0.47166
sRNA164	Gene2854	0.48099
sRNA50	Gene1907	0.54245
sRNA13	Gene2847	0.48358
sRNA223	Gene603	0.52228
sRNA191	Gene2245	0.47316
sRNA49	Gene2397	0.55604
sRNA108	Gene2433	0.5225
sRNA183	Gene366	0.522
sRNA62	Gene2769	0.45221
sRNA40	Gene719	0.51686
sRNA41	Gene2357	0.55772
sRNA279	Gene690	0.45635
sRNA173	Gene1948	0.5156
sRNA199	Gene163	0.53327
sRNA138	Gene248	0.53841
sRNA125	Gene1617	0.57657
sRNA103	Gene1979	0.53305
sRNA116	Gene1768	0.53086
sRNA78	Gene1149	0.47529
sRNA257	Gene2632	0.52698
sRNA180	Gene2561	0.50497
sRNA89	Gene216	0.50353
sRNA180	Gene1698	0.51335
sRNA9	Gene2267	0.44551
sRNA201	Gene1226	0.52611
sRNA18	Gene1939	0.5106
sRNA249	Gene2363	0.47873
sRNA9	Gene1864	0.53199
sRNA96	Gene2532	0.53372
sRNA203	Gene712	0.5128
sRNA158	Gene2489	0.53909
sRNA187	Gene1772	0.52871
sRNA159	Gene1265	0.55548
sRNA50	Gene826	0.50267
sRNA157	Gene1114	0.5493
sRNA3	Gene2200	0.56458
sRNA2	Gene2431	0.60125
sRNA249	Gene2302	0.53998
sRNA20	Gene1757	0.53789
sRNA158	Gene1922	0.56172
sRNA162	Gene1639	0.564
sRNA250	Gene1629	0.44553
sRNA4	Gene2509	0.46683
sRNA228	Gene100	0.48755
sRNA33	Gene1249	0.51313
sRNA144	Gene436	0.52079
sRNA229	Gene1177	0.55006
sRNA50	Gene2442	0.4898
sRNA190	Gene737	0.56774
sRNA115	Gene2311	0.53139
sRNA247	Gene2747	0.45253
sRNA104	Gene749	0.51195
sRNA157	Gene2785	0.54694
sRNA44	Gene93	0.5018
sRNA207	Gene217	0.51709
sRNA72	Gene300	0.57938
sRNA48	Gene1225	0.54251
sRNA147	Gene1456	0.5127
sRNA36	Gene1884	0.49266
sRNA32	Gene2379	0.52651
sRNA113	Gene2662	0.5131
sRNA177	Gene2273	0.5446
sRNA28	Gene1206	0.49526
sRNA11	Gene2627	0.55877
sRNA3	Gene372	0.53137
sRNA83	Gene2705	0.51534
sRNA192	Gene1627	0.50298
sRNA286	Gene2455	0.4625
sRNA58	Gene130	0.51724
sRNA71	Gene734	0.56451
sRNA224	Gene1969	0.56543
sRNA50	Gene373	0.48519
sRNA77	Gene2805	0.55607
sRNA50	Gene2363	0.53308
sRNA207	Gene1261	0.50129
sRNA104	Gene2545	0.48948
sRNA130	Gene1770	0.61016
sRNA234	Gene1214	0.51035
sRNA3	Gene723	0.55106
sRNA208	Gene1697	0.48703
sRNA193	Gene2778	0.49904
sRNA218	Gene2351	0.54765
sRNA8	Gene417	0.53645
sRNA188	Gene1119	0.56458
sRNA112	Gene2288	0.55793
sRNA14	Gene1535	0.53797
sRNA147	Gene1277	0.53778
sRNA210	Gene1628	0.45014
sRNA91	Gene1964	0.48862
sRNA266	Gene1939	0.47517
sRNA216	Gene2268	0.52564
sRNA215	Gene1350	0.51371
sRNA126	Gene776	0.52458
sRNA47	Gene637	0.51651
sRNA252	Gene73	0.46452
sRNA21	Gene269	0.55582
sRNA166	Gene2702	0.4768
sRNA164	Gene2531	0.48878
sRNA134	Gene420	0.55769
sRNA160	Gene603	0.52314
sRNA152	Gene381	0.5392
sRNA113	Gene741	0.51143
sRNA111	Gene2732	0.57475
sRNA291	Gene1436	0.49024
sRNA148	Gene2174	0.54886
sRNA203	Gene878	0.53317
sRNA53	Gene709	0.5416
sRNA4	Gene2454	0.49988
sRNA25	Gene2621	0.53832
sRNA4	Gene641	0.46039
sRNA243	Gene102	0.56079
sRNA203	Gene2229	0.53972
sRNA41	Gene159	0.56422
sRNA188	Gene1863	0.54272
sRNA147	Gene2465	0.5528
sRNA141	Gene2538	0.51875
sRNA60	Gene183	0.52216
sRNA9	Gene707	0.48165
sRNA216	Gene140	0.56905
sRNA26	Gene85	0.53296
sRNA166	Gene461	0.47005
sRNA143	Gene666	0.5696
sRNA60	Gene494	0.50917
sRNA106	Gene904	0.55881
sRNA240	Gene1898	0.54901
sRNA265	Gene2506	0.47264
sRNA17	Gene613	0.48809
sRNA273	Gene1946	0.51024
sRNA219	Gene2660	0.48353
sRNA76	Gene2129	0.52275
sRNA59	Gene481	0.58831
sRNA195	Gene1318	0.48077
sRNA31	Gene2416	0.46589
sRNA239	Gene2862	0.46109
sRNA141	Gene183	0.54183
sRNA184	Gene794	0.5299
sRNA9	Gene1166	0.56932
sRNA9	Gene2641	0.47472
sRNA215	Gene1311	0.52101
sRNA173	Gene2236	0.55745
sRNA191	Gene2012	0.46769
sRNA9	Gene1893	0.51736
sRNA175	Gene1851	0.49321
sRNA213	Gene371	0.52909
sRNA13	Gene2862	0.51316
sRNA161	Gene771	0.52771
sRNA111	Gene727	0.56136
sRNA248	Gene2627	0.50045
sRNA189	Gene1581	0.49644
sRNA185	Gene126	0.51234
sRNA237	Gene1501	0.51093
sRNA7	Gene2489	0.56622
sRNA48	Gene2578	0.50224
sRNA96	Gene1686	0.53722
sRNA2	Gene2074	0.50638
sRNA155	Gene1786	0.46835
sRNA263	Gene1355	0.45607
sRNA58	Gene1569	0.55644
sRNA174	Gene1634	0.50221
sRNA67	Gene190	0.5429
sRNA99	Gene2641	0.53083
sRNA135	Gene368	0.5464
sRNA144	Gene1104	0.55527
sRNA207	Gene1983	0.5592
sRNA89	Gene1973	0.54169
sRNA162	Gene1676	0.5342
sRNA218	Gene262	0.49553
sRNA181	Gene861	0.53487
sRNA122	Gene1498	0.49021
sRNA145	Gene1504	0.54281
sRNA73	Gene854	0.50115
sRNA150	Gene1480	0.56559
sRNA189	Gene1057	0.48406
sRNA237	Gene1956	0.52714
sRNA177	Gene1945	0.5707
sRNA60	Gene1741	0.57624
sRNA31	Gene547	0.5215
sRNA159	Gene2677	0.50329
sRNA135	Gene2814	0.50636
sRNA9	Gene1876	0.49492
sRNA103	Gene1758	0.56232
sRNA162	Gene1049	0.52329
sRNA187	Gene2057	0.55987
sRNA191	Gene1210	0.49179
sRNA127	Gene1941	0.5679
sRNA100	Gene318	0.48654
sRNA60	Gene847	0.55022
sRNA9	Gene641	0.54901
sRNA194	Gene436	0.53405
sRNA139	Gene2555	0.51392
sRNA98	Gene1511	0.5291
sRNA193	Gene2155	0.49165
sRNA5	Gene2412	0.48224
sRNA142	Gene2261	0.50401
sRNA6	Gene118	0.49706
sRNA29	Gene2408	0.54601
sRNA265	Gene22	0.53509
sRNA7	Gene1942	0.57173
sRNA163	Gene749	0.55722
sRNA80	Gene890	0.52166
sRNA251	Gene199	0.51082
sRNA231	Gene1264	0.55972
sRNA90	Gene751	0.49682
sRNA44	Gene2283	0.50351
sRNA100	Gene2221	0.50665
sRNA50	Gene1283	0.57542
sRNA40	Gene992	0.54098
sRNA149	Gene991	0.47062
sRNA224	Gene2754	0.585
sRNA1	Gene2226	0.5051
sRNA315	Gene1475	0.45183
sRNA131	Gene772	0.5588
sRNA18	Gene782	0.54839
sRNA219	Gene210	0.50985
sRNA35	Gene2278	0.52935
sRNA139	Gene1565	0.52095
sRNA50	Gene451	0.53557
sRNA17	Gene73	0.51886
sRNA104	Gene1556	0.5294
sRNA9	Gene526	0.48624
sRNA240	Gene893	0.58466
sRNA50	Gene577	0.54102
sRNA163	Gene77	0.55284
sRNA133	Gene1169	0.47266
sRNA206	Gene1533	0.50513
sRNA32	Gene1632	0.50388
sRNA216	Gene2185	0.48658
sRNA30	Gene2103	0.48544
sRNA189	Gene561	0.54443
sRNA214	Gene614	0.5642
sRNA77	Gene1617	0.55416
sRNA201	Gene274	0.54422
sRNA188	Gene1109	0.51136
sRNA64	Gene858	0.55339
sRNA281	Gene501	0.45679
sRNA37	Gene2118	0.61676
sRNA67	Gene2464	0.49035
sRNA53	Gene581	0.4925
sRNA10	Gene1824	0.57083
sRNA161	Gene1114	0.52589
sRNA236	Gene1900	0.57304
sRNA219	Gene2644	0.55272
sRNA127	Gene1675	0.55831
sRNA181	Gene2355	0.53205
sRNA244	Gene1493	0.54872
sRNA202	Gene1264	0.52102
sRNA141	Gene1635	0.53355
sRNA32	Gene1584	0.49082
sRNA235	Gene674	0.5593
sRNA129	Gene356	0.56798
sRNA118	Gene2570	0.49598
sRNA114	Gene1795	0.54489
sRNA238	Gene248	0.53913
sRNA101	Gene1303	0.52905
sRNA195	Gene257	0.50216
sRNA126	Gene1982	0.526
sRNA257	Gene555	0.51451
sRNA216	Gene2194	0.47158
sRNA200	Gene979	0.45519
sRNA61	Gene2097	0.51998
sRNA50	Gene1758	0.59601
sRNA272	Gene232	0.56917
sRNA281	Gene183	0.45765
sRNA77	Gene1367	0.55883
sRNA215	Gene1710	0.51885
sRNA154	Gene10	0.53526
sRNA79	Gene1063	0.54308
sRNA120	Gene2373	0.56152
sRNA9	Gene650	0.5263
sRNA70	Gene155	0.54293
sRNA152	Gene184	0.51253
sRNA34	Gene307	0.51878
sRNA175	Gene938	0.50804
sRNA138	Gene1814	0.49467
sRNA9	Gene2424	0.50969
sRNA208	Gene889	0.49627
sRNA9	Gene1734	0.50744
sRNA244	Gene1789	0.60448
sRNA92	Gene1336	0.48927
sRNA244	Gene299	0.59232
sRNA64	Gene2251	0.53607
sRNA33	Gene648	0.47017
sRNA256	Gene2199	0.44798
sRNA50	Gene2114	0.5528
sRNA165	Gene171	0.53791
sRNA138	Gene2717	0.4645
sRNA168	Gene1330	0.49815
sRNA47	Gene625	0.45444
sRNA124	Gene2264	0.49283
sRNA204	Gene2119	0.51698
sRNA106	Gene909	0.54331
sRNA35	Gene902	0.5408
sRNA12	Gene869	0.53236
sRNA9	Gene2522	0.47498
sRNA17	Gene1663	0.52088
sRNA244	Gene2703	0.54287
sRNA47	Gene1843	0.48318
sRNA210	Gene1365	0.48935
sRNA22	Gene1603	0.46502
sRNA81	Gene18	0.51993
sRNA181	Gene2164	0.55062
sRNA60	Gene952	0.46882
sRNA220	Gene935	0.54952
sRNA163	Gene1179	0.50823
sRNA64	Gene205	0.57955
sRNA113	Gene653	0.50195
sRNA247	Gene2762	0.4887
sRNA194	Gene178	0.5285
sRNA69	Gene2846	0.48906
sRNA160	Gene2079	0.49296
sRNA19	Gene450	0.57645
sRNA162	Gene1325	0.55096
sRNA130	Gene872	0.56172
sRNA25	Gene1489	0.48491
sRNA98	Gene1262	0.54188
sRNA234	Gene1773	0.60005
sRNA274	Gene2052	0.48843
sRNA132	Gene2319	0.46844
sRNA229	Gene2530	0.51661
sRNA73	Gene1324	0.45423
sRNA123	Gene267	0.49223
sRNA113	Gene1401	0.49687
sRNA118	Gene618	0.47884
sRNA86	Gene1213	0.54674
sRNA235	Gene2481	0.49037
sRNA197	Gene533	0.55326
sRNA255	Gene303	0.47994
sRNA81	Gene1610	0.55412
sRNA188	Gene874	0.54614
sRNA61	Gene874	0.57223
sRNA234	Gene2312	0.56232
sRNA49	Gene1156	0.54549
sRNA240	Gene2120	0.56404
sRNA139	Gene1754	0.54721
sRNA243	Gene1317	0.54733
sRNA9	Gene2778	0.50028
sRNA32	Gene1155	0.49226
sRNA9	Gene2438	0.51669
sRNA9	Gene2532	0.45944
sRNA18	Gene2265	0.60283
sRNA144	Gene242	0.49942
sRNA80	Gene513	0.54273
sRNA27	Gene1426	0.45699
sRNA223	Gene1813	0.54532
sRNA23	Gene2528	0.47622
sRNA169	Gene2353	0.56188
sRNA206	Gene1114	0.49654
sRNA9	Gene2336	0.49904
sRNA50	Gene1920	0.45098
sRNA64	Gene124	0.57013
sRNA188	Gene2792	0.51631
sRNA155	Gene134	0.50453
sRNA52	Gene1724	0.59154
sRNA43	Gene182	0.52326
sRNA93	Gene1854	0.56827
sRNA199	Gene2492	0.59884
sRNA35	Gene1123	0.52257
sRNA43	Gene929	0.51225
sRNA68	Gene857	0.52164
sRNA142	Gene1857	0.53112
sRNA60	Gene2009	0.54738
sRNA50	Gene2617	0.56554
sRNA9	Gene1592	0.4998
sRNA257	Gene478	0.56061
sRNA97	Gene2645	0.54858
sRNA235	Gene1427	0.57301
sRNA153	Gene1042	0.53252
sRNA134	Gene2780	0.55306
sRNA214	Gene2800	0.55578
sRNA247	Gene438	0.45036
sRNA73	Gene1443	0.4613
sRNA212	Gene1280	0.54808
sRNA45	Gene375	0.4919
sRNA259	Gene655	0.45953
sRNA289	Gene169	0.50469
sRNA225	Gene2302	0.51909
sRNA123	Gene971	0.51735
sRNA243	Gene2574	0.55895
sRNA166	Gene1635	0.49084
sRNA57	Gene1193	0.46496
sRNA9	Gene2652	0.49107
sRNA78	Gene86	0.50801
sRNA73	Gene2101	0.45735
sRNA198	Gene369	0.50787
sRNA42	Gene815	0.56877
sRNA25	Gene1924	0.50942
sRNA124	Gene101	0.52786
sRNA90	Gene1942	0.51775
sRNA247	Gene1607	0.46816
sRNA117	Gene464	0.54476
sRNA181	Gene846	0.56811
sRNA86	Gene429	0.57722
sRNA168	Gene931	0.49362
sRNA283	Gene1497	0.46557
sRNA14	Gene1034	0.52591
sRNA71	Gene2212	0.53884
sRNA51	Gene600	0.55981
sRNA206	Gene2312	0.53781
sRNA60	Gene5	0.53292
sRNA212	Gene1041	0.53232
sRNA112	Gene308	0.55344
sRNA158	Gene996	0.48309
sRNA49	Gene432	0.52875
sRNA63	Gene1250	0.54866
sRNA10	Gene217	0.52376
sRNA221	Gene2602	0.55324
sRNA70	Gene1146	0.56741
sRNA50	Gene2682	0.59331
sRNA178	Gene1189	0.51759
sRNA177	Gene1332	0.47473
sRNA31	Gene2712	0.49136
sRNA53	Gene693	0.53679
sRNA285	Gene2398	0.44932
sRNA9	Gene2031	0.4848
sRNA160	Gene2199	0.50736
sRNA29	Gene505	0.54954
sRNA195	Gene1001	0.51241
sRNA9	Gene2453	0.49376
sRNA131	Gene1511	0.57095
sRNA162	Gene1356	0.52038
sRNA133	Gene36	0.55492
sRNA96	Gene630	0.5037
sRNA244	Gene2683	0.52282
sRNA267	Gene2545	0.45468
sRNA25	Gene196	0.55538
sRNA236	Gene1287	0.55546
sRNA192	Gene1471	0.50729
sRNA9	Gene921	0.55621
sRNA85	Gene1178	0.49789
sRNA93	Gene2691	0.4849
sRNA181	Gene2039	0.56188
sRNA23	Gene243	0.50199
sRNA149	Gene2367	0.49669
sRNA170	Gene2633	0.55605
sRNA43	Gene840	0.46324
sRNA9	Gene847	0.56372
sRNA212	Gene783	0.54216
sRNA197	Gene2331	0.47916
sRNA200	Gene2671	0.47937
sRNA74	Gene550	0.51636
sRNA9	Gene1973	0.49702
sRNA9	Gene2362	0.49606
sRNA9	Gene1238	0.55139
sRNA22	Gene1405	0.47474
sRNA245	Gene2218	0.54922
sRNA136	Gene127	0.49205
sRNA217	Gene1874	0.52304
sRNA135	Gene1110	0.5271
sRNA222	Gene2500	0.49936
sRNA195	Gene1259	0.50647
sRNA223	Gene2102	0.57776
sRNA152	Gene1596	0.52967
sRNA116	Gene2094	0.52073
sRNA9	Gene1232	0.47008
sRNA203	Gene1031	0.53098
sRNA104	Gene1919	0.50458
sRNA51	Gene2656	0.57452
sRNA235	Gene1353	0.55456
sRNA205	Gene510	0.52012
sRNA214	Gene2295	0.48341
sRNA44	Gene520	0.49856
sRNA154	Gene2820	0.56821
sRNA65	Gene1525	0.53253
sRNA90	Gene80	0.55302
sRNA218	Gene1790	0.554
sRNA244	Gene2431	0.5747
sRNA181	Gene2392	0.58706
sRNA28	Gene254	0.54579
sRNA9	Gene1895	0.54356
sRNA246	Gene1762	0.52986
sRNA276	Gene810	0.52033
sRNA275	Gene2554	0.45343
sRNA58	Gene411	0.51837
sRNA9	Gene2441	0.5312
sRNA77	Gene1131	0.57337
sRNA221	Gene824	0.50585
sRNA70	Gene2132	0.5844
sRNA220	Gene1487	0.59299
sRNA260	Gene1645	0.46972
sRNA68	Gene310	0.55608
sRNA112	Gene1999	0.59585
sRNA132	Gene1258	0.53019
sRNA219	Gene1830	0.50909
sRNA67	Gene478	0.54391
sRNA136	Gene824	0.51257
sRNA9	Gene2360	0.5204
sRNA59	Gene994	0.57807
sRNA188	Gene186	0.56626
sRNA156	Gene484	0.55358
sRNA116	Gene1084	0.53357
sRNA120	Gene14	0.54079
sRNA188	Gene1128	0.54207
sRNA153	Gene2342	0.57429
sRNA48	Gene1434	0.56146
sRNA200	Gene1249	0.48929
sRNA93	Gene408	0.48212
sRNA82	Gene2199	0.52896
sRNA83	Gene1581	0.51888
sRNA186	Gene2577	0.54738
sRNA86	Gene2343	0.60599
sRNA236	Gene2290	0.5476
sRNA22	Gene1826	0.45367
sRNA239	Gene2487	0.53237
sRNA144	Gene1810	0.51055
sRNA9	Gene115	0.54943
sRNA287	Gene436	0.50699
sRNA31	Gene892	0.49974
sRNA50	Gene1245	0.5069
sRNA50	Gene1954	0.46691
sRNA164	Gene1407	0.49972
sRNA162	Gene1364	0.49667
sRNA37	Gene2143	0.62737
sRNA152	Gene1434	0.53828
sRNA218	Gene2049	0.5193
sRNA219	Gene2104	0.52935
sRNA222	Gene2102	0.48008
sRNA191	Gene1505	0.56338
sRNA157	Gene61	0.56238
sRNA151	Gene1347	0.48617
sRNA44	Gene12	0.51957
sRNA80	Gene2614	0.50686
sRNA145	Gene669	0.51835
sRNA147	Gene261	0.57213
sRNA20	Gene48	0.56919
sRNA140	Gene540	0.53114
sRNA189	Gene617	0.45878
sRNA204	Gene2674	0.4871
sRNA178	Gene374	0.56618
sRNA119	Gene351	0.52591
sRNA276	Gene1732	0.52677
sRNA240	Gene2179	0.56
sRNA82	Gene1921	0.53602
sRNA242	Gene2691	0.5407
sRNA188	Gene2599	0.51753
sRNA197	Gene1885	0.49315
sRNA9	Gene2569	0.54152
sRNA233	Gene2304	0.53635
sRNA131	Gene1986	0.50286
sRNA13	Gene713	0.49677
sRNA11	Gene2037	0.51908
sRNA295	Gene186	0.47604
sRNA80	Gene2537	0.52998
sRNA9	Gene2849	0.55765
sRNA82	Gene1320	0.51539
sRNA143	Gene1433	0.56634
sRNA193	Gene1834	0.49709
sRNA164	Gene1637	0.45492
sRNA188	Gene2252	0.50773
sRNA110	Gene659	0.52723
sRNA159	Gene2184	0.54699
sRNA3	Gene2568	0.48877
sRNA36	Gene2454	0.5533
sRNA219	Gene1387	0.46246
sRNA50	Gene2508	0.56558
sRNA18	Gene2694	0.50704
sRNA139	Gene1129	0.5278
sRNA127	Gene84	0.55634
sRNA7	Gene189	0.55602
sRNA163	Gene630	0.55318
sRNA238	Gene2053	0.52539
sRNA180	Gene2081	0.51123
sRNA225	Gene1026	0.5825
sRNA236	Gene1062	0.52882
sRNA76	Gene1673	0.51152
sRNA123	Gene1401	0.51353
sRNA226	Gene1670	0.57545
sRNA225	Gene1791	0.56946
sRNA9	Gene2724	0.45292
sRNA199	Gene1912	0.55074
sRNA169	Gene61	0.52626
sRNA185	Gene1942	0.48163
sRNA50	Gene1548	0.52466
sRNA9	Gene1251	0.56301
sRNA98	Gene2828	0.49165
sRNA264	Gene724	0.51183
sRNA148	Gene2371	0.53192
sRNA55	Gene1585	0.55954
sRNA103	Gene2632	0.49022
sRNA32	Gene1904	0.52994
sRNA181	Gene1622	0.54085
sRNA197	Gene2214	0.52963
sRNA64	Gene2472	0.55442
sRNA161	Gene2519	0.56123
sRNA198	Gene637	0.45386
sRNA130	Gene1291	0.52005
sRNA111	Gene174	0.56799
sRNA131	Gene2403	0.55721
sRNA113	Gene1619	0.50754
sRNA68	Gene1881	0.45234
sRNA201	Gene1253	0.51478
sRNA247	Gene843	0.47388
sRNA249	Gene1701	0.48659
sRNA161	Gene101	0.54544
sRNA100	Gene2006	0.56286
sRNA223	Gene1539	0.55424
sRNA9	Gene564	0.5718
sRNA265	Gene81	0.46481
sRNA25	Gene744	0.53162
sRNA267	Gene200	0.4469
sRNA145	Gene1462	0.5912
sRNA87	Gene1127	0.55213
sRNA102	Gene848	0.5074
sRNA33	Gene1263	0.50051
sRNA9	Gene760	0.54602
sRNA244	Gene962	0.5828
sRNA174	Gene2787	0.45896
sRNA47	Gene1424	0.52558
sRNA89	Gene348	0.46372
sRNA231	Gene2242	0.54123
sRNA71	Gene1615	0.57668
sRNA96	Gene2569	0.48761
sRNA217	Gene1006	0.49466
sRNA168	Gene724	0.4504
sRNA9	Gene38	0.48073
sRNA87	Gene2592	0.54075
sRNA97	Gene1365	0.50597
sRNA9	Gene542	0.50843
sRNA50	Gene720	0.50239
sRNA265	Gene1620	0.47572
sRNA40	Gene1487	0.58372
sRNA124	Gene1012	0.597
sRNA175	Gene1488	0.51899
sRNA40	Gene2469	0.53133
sRNA52	Gene2467	0.53608
sRNA6	Gene2428	0.52275
sRNA138	Gene243	0.45649
sRNA233	Gene1930	0.54605
sRNA26	Gene2100	0.46726
sRNA232	Gene2148	0.45455
sRNA9	Gene1028	0.54414
sRNA228	Gene210	0.5256
sRNA222	Gene1754	0.47943
sRNA292	Gene1180	0.49045
sRNA202	Gene374	0.51416
sRNA189	Gene1518	0.46975
sRNA227	Gene57	0.57147
sRNA247	Gene2101	0.47788
sRNA61	Gene737	0.55253
sRNA160	Gene2419	0.54871
sRNA72	Gene637	0.56469
sRNA322	Gene1660	0.46584
sRNA20	Gene2383	0.57085
sRNA7	Gene1786	0.57448
sRNA190	Gene1796	0.55712
sRNA210	Gene784	0.46156
sRNA50	Gene2646	0.5368
sRNA192	Gene1671	0.52636
sRNA61	Gene1587	0.55294
sRNA220	Gene1492	0.537
sRNA145	Gene355	0.54756
sRNA111	Gene977	0.5584
sRNA232	Gene2036	0.48466
sRNA176	Gene1469	0.53797
sRNA208	Gene2127	0.49664
sRNA29	Gene1149	0.47564
sRNA278	Gene1018	0.45773
sRNA223	Gene1659	0.54413
sRNA170	Gene1589	0.5165
sRNA127	Gene1844	0.54625
sRNA6	Gene2705	0.48565
sRNA77	Gene198	0.56611
sRNA9	Gene1614	0.52091
sRNA114	Gene566	0.5387
sRNA4	Gene1138	0.49275
sRNA248	Gene1853	0.46295
sRNA51	Gene1175	0.60296
sRNA215	Gene2563	0.51592
sRNA83	Gene1205	0.57954
sRNA177	Gene2569	0.56856
sRNA5	Gene617	0.46753
sRNA174	Gene2231	0.45636
sRNA129	Gene1994	0.57864
sRNA47	Gene674	0.45507
sRNA23	Gene782	0.49917
sRNA76	Gene2830	0.57888
sRNA16	Gene1047	0.49542
sRNA31	Gene1712	0.46828
sRNA141	Gene1459	0.51161
sRNA193	Gene2833	0.50556
sRNA95	Gene2420	0.57566
sRNA117	Gene631	0.56069
sRNA170	Gene2107	0.55937
sRNA18	Gene16	0.52338
sRNA203	Gene533	0.53258
sRNA201	Gene1733	0.49408
sRNA244	Gene605	0.54249
sRNA28	Gene2794	0.48878
sRNA265	Gene1631	0.47547
sRNA85	Gene352	0.49892
sRNA177	Gene2343	0.54456
sRNA128	Gene1371	0.50629
sRNA31	Gene2403	0.4847
sRNA144	Gene1547	0.50367
sRNA118	Gene762	0.47898
sRNA97	Gene292	0.56178
sRNA195	Gene2662	0.49586
sRNA15	Gene422	0.48859
sRNA120	Gene214	0.50428
sRNA54	Gene241	0.47538
sRNA35	Gene98	0.54346
sRNA3	Gene832	0.49537
sRNA157	Gene1721	0.53867
sRNA75	Gene276	0.47103
sRNA217	Gene977	0.4877
sRNA146	Gene913	0.53705
sRNA290	Gene470	0.49941
sRNA9	Gene60	0.45661
sRNA47	Gene1079	0.57988
sRNA136	Gene2098	0.52158
sRNA257	Gene1587	0.48474
sRNA240	Gene2603	0.54591
sRNA197	Gene1982	0.48735
sRNA58	Gene1369	0.48023
sRNA157	Gene2801	0.55155
sRNA9	Gene2512	0.54502
sRNA160	Gene711	0.49282
sRNA176	Gene1090	0.54049
sRNA147	Gene2675	0.52578
sRNA49	Gene2242	0.56109
sRNA169	Gene927	0.55472
sRNA61	Gene855	0.48631
sRNA176	Gene1184	0.56031
sRNA144	Gene2319	0.46564
sRNA227	Gene2584	0.55108
sRNA127	Gene1616	0.49857
sRNA125	Gene2770	0.55586
sRNA267	Gene1658	0.47298
sRNA178	Gene642	0.50861
sRNA9	Gene1163	0.47089
sRNA108	Gene258	0.53722
sRNA93	Gene1085	0.56993
sRNA154	Gene2696	0.5705
sRNA68	Gene1294	0.52349
sRNA74	Gene976	0.47567
sRNA229	Gene1394	0.54232
sRNA74	Gene1244	0.50228
sRNA96	Gene1604	0.51835
sRNA233	Gene2528	0.54007
sRNA112	Gene1982	0.52703
sRNA90	Gene1147	0.55892
sRNA128	Gene1519	0.50318
sRNA193	Gene1639	0.45234
sRNA32	Gene1184	0.52327
sRNA9	Gene2533	0.49751
sRNA9	Gene1871	0.46365
sRNA155	Gene1143	0.47944
sRNA295	Gene12	0.4663
sRNA50	Gene2590	0.49901
sRNA9	Gene323	0.5144
sRNA135	Gene1631	0.50628
sRNA9	Gene2474	0.44706
sRNA230	Gene325	0.49857
sRNA95	Gene407	0.51977
sRNA198	Gene1749	0.45973
sRNA87	Gene734	0.55783
sRNA81	Gene2057	0.55414
sRNA47	Gene302	0.59325
sRNA69	Gene1133	0.47883
sRNA65	Gene2252	0.56377
sRNA135	Gene1421	0.50739
sRNA80	Gene231	0.54858
sRNA144	Gene2579	0.54971
sRNA144	Gene451	0.51887
sRNA271	Gene523	0.51592
sRNA68	Gene484	0.53404
sRNA219	Gene622	0.55429
sRNA9	Gene683	0.49996
sRNA58	Gene2778	0.52746
sRNA132	Gene2060	0.46458
sRNA82	Gene1912	0.51814
sRNA143	Gene1429	0.57317
sRNA199	Gene1711	0.56578
sRNA95	Gene2284	0.49632
sRNA100	Gene2663	0.50805
sRNA55	Gene1860	0.58666
sRNA9	Gene1898	0.49335
sRNA76	Gene1916	0.59412
sRNA224	Gene1367	0.58439
sRNA175	Gene1829	0.47269
sRNA36	Gene681	0.51949
sRNA48	Gene2807	0.50326
sRNA88	Gene393	0.50771
sRNA14	Gene1696	0.49584
sRNA129	Gene591	0.55367
sRNA90	Gene356	0.49632
sRNA188	Gene41	0.53414
sRNA217	Gene751	0.55662
sRNA247	Gene196	0.49525
sRNA92	Gene1449	0.54033
sRNA29	Gene908	0.52924
sRNA96	Gene1426	0.52251
sRNA205	Gene190	0.46782
sRNA50	Gene661	0.49512
sRNA164	Gene813	0.52717
sRNA84	Gene1936	0.51544
sRNA88	Gene1357	0.5003
sRNA142	Gene860	0.53187
sRNA60	Gene1935	0.51402
sRNA264	Gene2526	0.54101
sRNA226	Gene2420	0.54106
sRNA180	Gene2007	0.49826
sRNA289	Gene1463	0.57664
sRNA97	Gene1880	0.48694
sRNA80	Gene1864	0.49763
sRNA13	Gene2563	0.53483
sRNA26	Gene1483	0.50944
sRNA205	Gene24	0.50267
sRNA75	Gene1034	0.53975
sRNA207	Gene490	0.55411
sRNA145	Gene772	0.52104
sRNA272	Gene2270	0.52644
sRNA129	Gene2393	0.54343
sRNA218	Gene2768	0.51037
sRNA115	Gene350	0.53782
sRNA210	Gene1104	0.53369
sRNA45	Gene2414	0.50603
sRNA265	Gene1616	0.45025
sRNA142	Gene491	0.49149
sRNA5	Gene2558	0.51115
sRNA105	Gene596	0.54285
sRNA220	Gene1249	0.55578
sRNA187	Gene628	0.5701
sRNA75	Gene231	0.55238
sRNA95	Gene2768	0.51681
sRNA233	Gene937	0.53628
sRNA20	Gene2363	0.53088
sRNA92	Gene889	0.541
sRNA87	Gene872	0.5628
sRNA154	Gene1137	0.53223
sRNA119	Gene776	0.53181
sRNA196	Gene934	0.48342
sRNA68	Gene1673	0.46423
sRNA46	Gene751	0.54966
sRNA46	Gene1176	0.57124
sRNA56	Gene1144	0.48197
sRNA223	Gene281	0.61906
sRNA76	Gene241	0.57776
sRNA82	Gene523	0.5052
sRNA190	Gene1997	0.5472
sRNA122	Gene2620	0.54991
sRNA163	Gene2627	0.53097
sRNA237	Gene1830	0.49408
sRNA20	Gene1750	0.54103
sRNA37	Gene1066	0.56907
sRNA231	Gene1964	0.56178
sRNA104	Gene2228	0.47357
sRNA73	Gene1518	0.45612
sRNA87	Gene1986	0.54213
sRNA197	Gene1277	0.49185
sRNA174	Gene1608	0.47143
sRNA225	Gene798	0.5566
sRNA204	Gene1008	0.49924
sRNA9	Gene2266	0.57673
sRNA56	Gene144	0.50524
sRNA35	Gene58	0.53289
sRNA213	Gene570	0.52903
sRNA222	Gene868	0.54135
sRNA9	Gene1479	0.46018
sRNA154	Gene2357	0.54046
sRNA265	Gene314	0.49941
sRNA3	Gene1129	0.54649
sRNA245	Gene151	0.5715
sRNA54	Gene2118	0.4938
sRNA233	Gene2782	0.54084
sRNA25	Gene1143	0.5761
sRNA71	Gene953	0.586
sRNA218	Gene1295	0.49748
sRNA50	Gene1152	0.58197
sRNA13	Gene992	0.48222
sRNA64	Gene1831	0.58238
sRNA181	Gene967	0.56688
sRNA58	Gene296	0.50323
sRNA263	Gene664	0.47838
sRNA273	Gene1312	0.47351
sRNA122	Gene1409	0.51166
sRNA64	Gene2386	0.5932
sRNA58	Gene1771	0.51038
sRNA152	Gene2326	0.48764
sRNA187	Gene2152	0.55792
sRNA9	Gene1248	0.51424
sRNA40	Gene1124	0.5324
sRNA208	Gene1166	0.51337
sRNA190	Gene1736	0.54861
sRNA50	Gene2489	0.54103
sRNA151	Gene1526	0.50666
sRNA177	Gene1913	0.53222
sRNA129	Gene1330	0.55087
sRNA255	Gene716	0.47496
sRNA2	Gene1206	0.54107
sRNA18	Gene2568	0.49377
sRNA111	Gene171	0.58003
sRNA144	Gene60	0.49145
sRNA265	Gene2468	0.44945
sRNA7	Gene720	0.56753
sRNA166	Gene300	0.45361
sRNA3	Gene2103	0.53441
sRNA9	Gene1884	0.50113
sRNA238	Gene2086	0.49166
sRNA105	Gene1834	0.50206
sRNA9	Gene965	0.50215
sRNA279	Gene18	0.45634
sRNA192	Gene2733	0.49577
sRNA145	Gene926	0.50489
sRNA190	Gene2720	0.56265
sRNA141	Gene746	0.5259
sRNA140	Gene1293	0.53097
sRNA214	Gene947	0.60059
sRNA196	Gene2256	0.48566
sRNA229	Gene635	0.50507
sRNA85	Gene1282	0.51815
sRNA42	Gene2348	0.50216
sRNA257	Gene2382	0.50289
sRNA205	Gene2049	0.51043
sRNA139	Gene657	0.53771
sRNA155	Gene386	0.4914
sRNA130	Gene88	0.58404
sRNA83	Gene2025	0.50933
sRNA3	Gene163	0.54854
sRNA9	Gene994	0.53532
sRNA141	Gene918	0.55912
sRNA83	Gene1838	0.54988
sRNA197	Gene2278	0.53739
sRNA7	Gene913	0.56383
sRNA130	Gene1976	0.51795
sRNA224	Gene1359	0.60404
sRNA25	Gene351	0.55606
sRNA240	Gene1931	0.57949
sRNA3	Gene158	0.47874
sRNA218	Gene945	0.56376
sRNA142	Gene1577	0.51875
sRNA10	Gene1166	0.55079
sRNA79	Gene1388	0.53399
sRNA14	Gene2349	0.49087
sRNA114	Gene1027	0.55695
sRNA207	Gene2794	0.56429
sRNA180	Gene1707	0.50885
sRNA45	Gene1804	0.50159
sRNA135	Gene2448	0.57786
sRNA152	Gene1934	0.5155
sRNA39	Gene2412	0.576
sRNA3	Gene96	0.5012
sRNA75	Gene2123	0.44617
sRNA150	Gene153	0.57297
sRNA246	Gene1442	0.50486
sRNA204	Gene2210	0.48763
sRNA264	Gene363	0.51111
sRNA47	Gene268	0.5546
sRNA178	Gene2601	0.58357
sRNA162	Gene220	0.49883
sRNA248	Gene2166	0.54313
sRNA286	Gene2647	0.48224
sRNA131	Gene493	0.57272
sRNA76	Gene1480	0.54416
sRNA111	Gene1333	0.52391
sRNA171	Gene984	0.51029
sRNA73	Gene152	0.4791
sRNA131	Gene1814	0.55277
sRNA159	Gene2248	0.53389
sRNA130	Gene2571	0.57811
sRNA50	Gene14	0.53409
sRNA104	Gene1033	0.50744
sRNA162	Gene382	0.54561
sRNA243	Gene2337	0.54747
sRNA59	Gene1816	0.54419
sRNA39	Gene798	0.58599
sRNA86	Gene1019	0.56941
sRNA127	Gene2752	0.52675
sRNA50	Gene2769	0.49835
sRNA233	Gene625	0.58048
sRNA150	Gene2198	0.53661
sRNA9	Gene866	0.51128
sRNA186	Gene2568	0.55027
sRNA181	Gene1567	0.55481
sRNA47	Gene486	0.61997
sRNA69	Gene1478	0.4479
sRNA14	Gene978	0.5377
sRNA163	Gene2375	0.55645
sRNA90	Gene658	0.57402
sRNA76	Gene2014	0.48102
sRNA231	Gene619	0.54401
sRNA109	Gene410	0.53685
sRNA98	Gene508	0.48498
sRNA166	Gene1868	0.50304
sRNA14	Gene529	0.55269
sRNA89	Gene1126	0.5282
sRNA44	Gene2175	0.48366
sRNA18	Gene2499	0.53119
sRNA282	Gene1117	0.45437
sRNA124	Gene1975	0.54794
sRNA81	Gene61	0.50549
sRNA129	Gene234	0.57289
sRNA75	Gene536	0.56531
sRNA246	Gene521	0.52412
sRNA141	Gene235	0.52503
sRNA244	Gene925	0.53006
sRNA159	Gene1851	0.55281
sRNA164	Gene51	0.45816
sRNA233	Gene1193	0.57086
sRNA5	Gene1752	0.49842
sRNA137	Gene458	0.51315
sRNA223	Gene1630	0.55765
sRNA135	Gene619	0.5238
sRNA50	Gene976	0.50902
sRNA221	Gene1585	0.52749
sRNA58	Gene1906	0.55208
sRNA12	Gene1796	0.55126
sRNA174	Gene546	0.49216
sRNA45	Gene2184	0.5468
sRNA135	Gene1682	0.51645
sRNA149	Gene2676	0.4621
sRNA9	Gene2168	0.5361
sRNA208	Gene567	0.50049
sRNA35	Gene1393	0.54693
sRNA136	Gene1210	0.51813
sRNA105	Gene2628	0.47144
sRNA124	Gene2492	0.59598
sRNA95	Gene881	0.55549
sRNA87	Gene1967	0.56982
sRNA219	Gene2262	0.4558
sRNA56	Gene2473	0.50174
sRNA174	Gene2258	0.49501
sRNA9	Gene1	0.56987
sRNA61	Gene1815	0.53386
sRNA78	Gene1311	0.55523
sRNA21	Gene36	0.5214
sRNA227	Gene1478	0.54
sRNA9	Gene2341	0.51544
sRNA268	Gene1201	0.45319
sRNA117	Gene559	0.53511
sRNA143	Gene1724	0.56348
sRNA201	Gene742	0.48591
sRNA78	Gene2732	0.56081
sRNA77	Gene1394	0.54707
sRNA194	Gene1010	0.56646
sRNA65	Gene2292	0.48976
sRNA30	Gene2238	0.46603
sRNA157	Gene2152	0.54565
sRNA20	Gene1482	0.56274
sRNA243	Gene304	0.54391
sRNA227	Gene558	0.56111
sRNA20	Gene133	0.56115
sRNA243	Gene2547	0.56607
sRNA189	Gene905	0.46475
sRNA55	Gene2221	0.48249
sRNA221	Gene2295	0.56756
sRNA165	Gene29	0.51022
sRNA57	Gene2180	0.48363
sRNA232	Gene694	0.46471
sRNA62	Gene576	0.58649
sRNA30	Gene2208	0.47927
sRNA280	Gene2720	0.5034
sRNA117	Gene732	0.57191
sRNA159	Gene2342	0.55397
sRNA133	Gene394	0.52611
sRNA91	Gene2781	0.48161
sRNA131	Gene997	0.54256
sRNA229	Gene2721	0.50479
sRNA148	Gene1767	0.55814
sRNA145	Gene2801	0.54577
sRNA222	Gene375	0.49197
sRNA272	Gene253	0.5121
sRNA219	Gene2102	0.45716
sRNA235	Gene2408	0.55916
sRNA151	Gene1143	0.55501
sRNA131	Gene2410	0.54028
sRNA100	Gene1224	0.5793
sRNA22	Gene541	0.54036
sRNA12	Gene747	0.53017
sRNA48	Gene1841	0.49411
sRNA30	Gene2462	0.49643
sRNA9	Gene1703	0.50324
sRNA24	Gene1207	0.45944
sRNA259	Gene662	0.45424
sRNA44	Gene2767	0.49557
sRNA87	Gene1206	0.58297
sRNA157	Gene2411	0.55526
sRNA232	Gene2694	0.46503
sRNA64	Gene1707	0.57878
sRNA170	Gene1960	0.52705
sRNA98	Gene699	0.53233
sRNA9	Gene2029	0.47702
sRNA20	Gene2762	0.56845
sRNA53	Gene847	0.54708
sRNA60	Gene667	0.4839
sRNA286	Gene1442	0.45181
sRNA88	Gene1656	0.53151
sRNA103	Gene1578	0.53441
sRNA158	Gene673	0.50229
sRNA24	Gene919	0.47151
sRNA137	Gene926	0.4511
sRNA37	Gene638	0.55377
sRNA50	Gene417	0.47569
sRNA207	Gene2796	0.55839
sRNA157	Gene1931	0.57596
sRNA146	Gene1785	0.54281
sRNA44	Gene759	0.48595
sRNA130	Gene1701	0.53897
sRNA77	Gene2750	0.53395
sRNA146	Gene1981	0.53831
sRNA31	Gene2201	0.48449
sRNA120	Gene1264	0.54601
sRNA224	Gene2679	0.58688
sRNA186	Gene1306	0.48076
sRNA255	Gene1025	0.44865
sRNA39	Gene1762	0.53293
sRNA148	Gene719	0.56347
sRNA144	Gene861	0.51207
sRNA27	Gene339	0.45397
sRNA194	Gene1619	0.5251
sRNA125	Gene2355	0.54048
sRNA27	Gene731	0.45392
sRNA57	Gene2081	0.46548
sRNA82	Gene1231	0.50989
sRNA220	Gene1776	0.60561
sRNA89	Gene1403	0.50643
sRNA141	Gene87	0.54646
sRNA38	Gene526	0.59323
sRNA141	Gene934	0.50623
sRNA81	Gene884	0.4938
sRNA27	Gene1006	0.46088
sRNA28	Gene2373	0.4666
sRNA50	Gene304	0.54959
sRNA190	Gene512	0.569
sRNA172	Gene2623	0.47727
sRNA192	Gene261	0.51283
sRNA62	Gene897	0.5072
sRNA154	Gene1207	0.56199
sRNA43	Gene879	0.51828
sRNA148	Gene199	0.5455
sRNA286	Gene2311	0.47609
sRNA278	Gene712	0.49114
sRNA255	Gene362	0.52999
sRNA214	Gene1536	0.5611
sRNA60	Gene820	0.51631
sRNA212	Gene663	0.5666
sRNA24	Gene2678	0.46088
sRNA165	Gene2120	0.47655
sRNA124	Gene946	0.56043
sRNA93	Gene751	0.56421
sRNA244	Gene2320	0.51756
sRNA68	Gene2174	0.52662
sRNA50	Gene694	0.57825
sRNA113	Gene2273	0.56774
sRNA103	Gene1870	0.483
sRNA169	Gene1598	0.5339
sRNA160	Gene2264	0.49436
sRNA87	Gene2459	0.53488
sRNA50	Gene2805	0.47636
sRNA181	Gene121	0.56289
sRNA23	Gene641	0.47827
sRNA227	Gene2775	0.55907
sRNA124	Gene1041	0.53191
sRNA181	Gene525	0.5399
sRNA116	Gene492	0.56969
sRNA127	Gene2764	0.52421
sRNA265	Gene1960	0.48884
sRNA199	Gene2851	0.56529
sRNA45	Gene2686	0.5209
sRNA80	Gene336	0.49918
sRNA233	Gene1402	0.55676
sRNA196	Gene71	0.47923
sRNA87	Gene1620	0.56496
sRNA228	Gene1350	0.49682
sRNA229	Gene96	0.51654
sRNA9	Gene1539	0.49183
sRNA291	Gene235	0.47208
sRNA50	Gene541	0.53448
sRNA71	Gene330	0.56515
sRNA175	Gene237	0.5123
sRNA9	Gene537	0.5586
sRNA224	Gene1679	0.56273
sRNA183	Gene2793	0.5164
sRNA9	Gene1763	0.56261
sRNA268	Gene1206	0.4669
sRNA7	Gene777	0.57573
sRNA95	Gene1377	0.58196
sRNA145	Gene1049	0.50719
sRNA93	Gene957	0.51027
sRNA47	Gene388	0.53613
sRNA153	Gene300	0.55821
sRNA73	Gene2499	0.46264
sRNA232	Gene1592	0.49632
sRNA241	Gene2311	0.57042
sRNA67	Gene529	0.52411
sRNA76	Gene2400	0.54092
sRNA111	Gene1869	0.53501
sRNA163	Gene2051	0.55003
sRNA152	Gene244	0.53184
sRNA180	Gene1900	0.53217
sRNA60	Gene62	0.52818
sRNA54	Gene658	0.4878
sRNA122	Gene136	0.52743
sRNA299	Gene1535	0.52078
sRNA176	Gene2258	0.52048
sRNA122	Gene2556	0.54629
sRNA162	Gene2668	0.54413
sRNA169	Gene2568	0.52948
sRNA4	Gene2476	0.49767
sRNA65	Gene229	0.58317
sRNA50	Gene2398	0.52189
sRNA26	Gene2344	0.46017
sRNA90	Gene117	0.54952
sRNA92	Gene1188	0.51399
sRNA51	Gene11	0.58201
sRNA38	Gene1003	0.58146
sRNA76	Gene1066	0.58165
sRNA212	Gene875	0.4966
sRNA196	Gene343	0.46663
sRNA209	Gene2850	0.525
sRNA129	Gene2786	0.57518
sRNA277	Gene1004	0.461
sRNA166	Gene1143	0.45814
sRNA248	Gene373	0.51579
sRNA105	Gene957	0.53435
sRNA98	Gene1603	0.45837
sRNA39	Gene1639	0.59834
sRNA83	Gene1871	0.49652
sRNA16	Gene2306	0.51593
sRNA220	Gene2061	0.58834
sRNA184	Gene1238	0.50804
sRNA3	Gene1138	0.54181
sRNA181	Gene1165	0.59706
sRNA163	Gene2013	0.49616
sRNA69	Gene2681	0.48076
sRNA134	Gene1574	0.50937
sRNA46	Gene521	0.56427
sRNA84	Gene677	0.5695
sRNA249	Gene2520	0.4683
sRNA208	Gene381	0.49685
sRNA221	Gene2671	0.55153
sRNA108	Gene877	0.55831
sRNA60	Gene95	0.53054
sRNA84	Gene2512	0.5654
sRNA168	Gene2215	0.50109
sRNA241	Gene522	0.54166
sRNA9	Gene1291	0.54824
sRNA85	Gene1600	0.52921
sRNA145	Gene1878	0.49619
sRNA14	Gene195	0.48851
sRNA197	Gene1943	0.4851
sRNA64	Gene1017	0.58186
sRNA20	Gene628	0.5467
sRNA196	Gene1464	0.45039
sRNA132	Gene2623	0.5045
sRNA206	Gene1378	0.49473
sRNA133	Gene576	0.5731
sRNA228	Gene1223	0.51206
sRNA25	Gene2489	0.52767
sRNA117	Gene1259	0.55234
sRNA310	Gene1195	0.51581
sRNA100	Gene2124	0.5186
sRNA129	Gene1464	0.55344
sRNA131	Gene2725	0.54759
sRNA287	Gene798	0.50077
sRNA36	Gene784	0.51337
sRNA5	Gene2538	0.46419
sRNA38	Gene2198	0.61013
sRNA188	Gene2437	0.54026
sRNA9	Gene874	0.52582
sRNA211	Gene1837	0.45268
sRNA12	Gene257	0.57521
sRNA192	Gene353	0.50433
sRNA258	Gene817	0.48317
sRNA27	Gene1124	0.46987
sRNA43	Gene1828	0.45839
sRNA55	Gene1757	0.55764
sRNA52	Gene1567	0.56497
sRNA189	Gene987	0.49688
sRNA9	Gene178	0.52642
sRNA246	Gene1533	0.52409
sRNA68	Gene2246	0.44741
sRNA74	Gene910	0.48748
sRNA71	Gene1879	0.52036
sRNA9	Gene2796	0.5204
sRNA70	Gene2241	0.55503
sRNA163	Gene2277	0.54991
sRNA50	Gene73	0.44682
sRNA59	Gene102	0.57148
sRNA207	Gene2828	0.49623
sRNA206	Gene468	0.55633
sRNA7	Gene2520	0.59011
sRNA50	Gene1771	0.55648
sRNA81	Gene1138	0.53596
sRNA226	Gene2471	0.57607
sRNA202	Gene1116	0.53383
sRNA45	Gene1686	0.5569
sRNA142	Gene1346	0.57701
sRNA171	Gene1372	0.49705
sRNA91	Gene1220	0.51325
sRNA35	Gene697	0.5218
sRNA225	Gene2237	0.60581
sRNA97	Gene1138	0.60486
sRNA230	Gene1128	0.46937
sRNA40	Gene243	0.53524
sRNA154	Gene991	0.57576
sRNA72	Gene314	0.54694
sRNA71	Gene634	0.61006
sRNA248	Gene1418	0.46605
sRNA75	Gene1216	0.51715
sRNA74	Gene635	0.50795
sRNA21	Gene1824	0.54299
sRNA174	Gene2184	0.51994
sRNA228	Gene627	0.4795
sRNA174	Gene2364	0.51032
sRNA161	Gene1417	0.57403
sRNA72	Gene1696	0.48682
sRNA11	Gene2672	0.54129
sRNA140	Gene1808	0.50542
sRNA30	Gene95	0.54855
sRNA171	Gene1722	0.52992
sRNA152	Gene1862	0.58179
sRNA170	Gene1334	0.52274
sRNA73	Gene916	0.46219
sRNA9	Gene2670	0.50024
sRNA250	Gene1185	0.45288
sRNA5	Gene1399	0.48806
sRNA229	Gene619	0.53388
sRNA189	Gene2430	0.49409
sRNA143	Gene1826	0.54887
sRNA162	Gene2760	0.49847
sRNA189	Gene177	0.45329
sRNA145	Gene2571	0.57182
sRNA3	Gene1960	0.48521
sRNA161	Gene1930	0.54084
sRNA248	Gene2517	0.46987
sRNA205	Gene1730	0.449
sRNA111	Gene1355	0.53514
sRNA161	Gene1722	0.55763
sRNA87	Gene617	0.60321
sRNA9	Gene1816	0.54582
sRNA9	Gene1081	0.57767
sRNA165	Gene2303	0.45265
sRNA122	Gene552	0.54081
sRNA165	Gene1480	0.49534
sRNA209	Gene2119	0.55199
sRNA210	Gene57	0.46796
sRNA170	Gene198	0.5082
sRNA26	Gene796	0.49973
sRNA152	Gene1566	0.52972
sRNA82	Gene1962	0.50129
sRNA139	Gene222	0.51573
sRNA76	Gene2452	0.57823
sRNA57	Gene1676	0.48881
sRNA243	Gene1943	0.55168
sRNA188	Gene171	0.55552
sRNA48	Gene106	0.57516
sRNA101	Gene1579	0.5235
sRNA35	Gene720	0.50821
sRNA199	Gene2356	0.55232
sRNA9	Gene871	0.53743
sRNA106	Gene870	0.58155
sRNA265	Gene2582	0.44674
sRNA9	Gene2255	0.51307
sRNA142	Gene1453	0.5429
sRNA175	Gene1644	0.52967
sRNA57	Gene1738	0.51045
sRNA4	Gene469	0.48493
sRNA186	Gene1803	0.53895
sRNA14	Gene334	0.55756
sRNA14	Gene2254	0.54578
sRNA250	Gene1685	0.47021
sRNA75	Gene855	0.55032
sRNA197	Gene150	0.54928
sRNA264	Gene689	0.53828
sRNA240	Gene1608	0.59535
sRNA9	Gene1611	0.50375
sRNA146	Gene1872	0.47558
sRNA25	Gene2288	0.52641
sRNA168	Gene2176	0.49637
sRNA176	Gene1260	0.55391
sRNA224	Gene2457	0.59171
sRNA199	Gene2289	0.52957
sRNA289	Gene31	0.46078
sRNA9	Gene1376	0.45264
sRNA50	Gene948	0.56356
sRNA317	Gene167	0.44843
sRNA83	Gene2013	0.4625
sRNA86	Gene2824	0.57413
sRNA111	Gene1408	0.54166
sRNA156	Gene888	0.50959
sRNA201	Gene2546	0.47311
sRNA166	Gene247	0.45971
sRNA76	Gene434	0.58152
sRNA149	Gene71	0.48403
sRNA59	Gene2407	0.55644
sRNA60	Gene16	0.51269
sRNA101	Gene247	0.55223
sRNA273	Gene2451	0.52407
sRNA74	Gene226	0.51682
sRNA49	Gene1114	0.53243
sRNA100	Gene1895	0.5611
sRNA20	Gene477	0.50536
sRNA50	Gene1765	0.50208
sRNA46	Gene2755	0.54969
sRNA65	Gene2651	0.4759
sRNA216	Gene1029	0.48718
sRNA73	Gene2202	0.4518
sRNA236	Gene430	0.52417
sRNA225	Gene2280	0.57351
sRNA201	Gene1731	0.48235
sRNA100	Gene1630	0.5626
sRNA9	Gene240	0.50195
sRNA259	Gene1658	0.46541
sRNA188	Gene2207	0.522
sRNA214	Gene145	0.5492
sRNA45	Gene1871	0.51455
sRNA50	Gene771	0.48261
sRNA234	Gene2682	0.58576
sRNA291	Gene203	0.51132
sRNA112	Gene2715	0.5675
sRNA157	Gene2046	0.52346
sRNA233	Gene707	0.60863
sRNA214	Gene2063	0.56638
sRNA209	Gene1561	0.50196
sRNA25	Gene2508	0.556
sRNA64	Gene672	0.51729
sRNA104	Gene852	0.55743
sRNA9	Gene2592	0.56119
sRNA255	Gene604	0.45582
sRNA223	Gene600	0.58303
sRNA84	Gene2086	0.51889
sRNA311	Gene2365	0.54517
sRNA69	Gene1041	0.46021
sRNA118	Gene539	0.55791
sRNA126	Gene1655	0.49936
sRNA222	Gene1244	0.51008
sRNA39	Gene2466	0.54102
sRNA42	Gene94	0.59901
sRNA50	Gene1013	0.52139
sRNA3	Gene2548	0.47436
sRNA83	Gene531	0.55628
sRNA224	Gene1301	0.51039
sRNA67	Gene1819	0.49517
sRNA123	Gene2313	0.46993
sRNA153	Gene774	0.55123
sRNA109	Gene945	0.5365
sRNA185	Gene1131	0.51276
sRNA84	Gene720	0.54976
sRNA58	Gene2003	0.51283
sRNA34	Gene284	0.45178
sRNA70	Gene1417	0.52542
sRNA208	Gene630	0.47496
sRNA204	Gene2419	0.51871
sRNA144	Gene2646	0.53264
sRNA60	Gene459	0.5138
sRNA197	Gene2786	0.58766
sRNA9	Gene107	0.53937
sRNA166	Gene522	0.51024
sRNA174	Gene1594	0.50891
sRNA93	Gene28	0.5888
sRNA107	Gene176	0.49915
sRNA36	Gene1061	0.50723
sRNA78	Gene2195	0.51457
sRNA65	Gene2379	0.53672
sRNA82	Gene2362	0.46862
sRNA186	Gene2618	0.53246
sRNA93	Gene2449	0.55471
sRNA153	Gene16	0.49464
sRNA234	Gene826	0.52265
sRNA169	Gene1490	0.50315
sRNA171	Gene543	0.51076
sRNA206	Gene902	0.52495
sRNA273	Gene919	0.44885
sRNA5	Gene1696	0.47817
sRNA132	Gene1034	0.48434
sRNA9	Gene1610	0.48677
sRNA131	Gene2690	0.55904
sRNA50	Gene2128	0.46067
sRNA162	Gene2551	0.55297
sRNA14	Gene146	0.51919
sRNA125	Gene2632	0.56904
sRNA237	Gene1755	0.49652
sRNA9	Gene1825	0.55526
sRNA285	Gene1061	0.44961
sRNA9	Gene445	0.51155
sRNA92	Gene130	0.52189
sRNA93	Gene798	0.55629
sRNA165	Gene845	0.47982
sRNA95	Gene1569	0.56126
sRNA9	Gene2794	0.47133
sRNA142	Gene927	0.55365
sRNA61	Gene2303	0.54154
sRNA72	Gene1680	0.54164
sRNA180	Gene255	0.49398
sRNA140	Gene1437	0.52349
sRNA83	Gene2279	0.52721
sRNA58	Gene2770	0.51815
sRNA17	Gene313	0.55254
sRNA205	Gene1143	0.47201
sRNA101	Gene2382	0.53512
sRNA142	Gene308	0.48925
sRNA176	Gene1499	0.55671
sRNA239	Gene608	0.48464
sRNA254	Gene2513	0.48874
sRNA227	Gene1941	0.48562
sRNA116	Gene831	0.57201
sRNA51	Gene2580	0.53205
sRNA163	Gene358	0.5435
sRNA29	Gene157	0.53127
sRNA187	Gene1459	0.49618
sRNA139	Gene1415	0.48977
sRNA25	Gene401	0.53677
sRNA125	Gene2274	0.54191
sRNA61	Gene2387	0.52653
sRNA258	Gene1342	0.49252
sRNA145	Gene1263	0.54899
sRNA41	Gene1253	0.55363
sRNA265	Gene568	0.44629
sRNA9	Gene2616	0.55142
sRNA249	Gene315	0.51192
sRNA102	Gene1425	0.47895
sRNA258	Gene1284	0.52262
sRNA140	Gene880	0.54035
sRNA5	Gene834	0.51307
sRNA142	Gene2465	0.49008
sRNA123	Gene480	0.51609
sRNA258	Gene178	0.52841
sRNA219	Gene969	0.55061
sRNA145	Gene2093	0.47416
sRNA108	Gene902	0.53934
sRNA130	Gene352	0.53968
sRNA246	Gene2572	0.54348
sRNA105	Gene287	0.54998
sRNA9	Gene1677	0.52646
sRNA221	Gene2803	0.48362
sRNA142	Gene2575	0.53749
sRNA220	Gene1603	0.55254
sRNA257	Gene1091	0.57452
sRNA19	Gene2752	0.56003
sRNA35	Gene756	0.51933
sRNA1	Gene1243	0.54568
sRNA90	Gene725	0.56505
sRNA36	Gene672	0.55541
sRNA273	Gene1933	0.46198
sRNA1	Gene584	0.52116
sRNA120	Gene427	0.52513
sRNA230	Gene1373	0.45524
sRNA120	Gene2422	0.55423
sRNA214	Gene708	0.54778
sRNA63	Gene744	0.5318
sRNA36	Gene2117	0.54376
sRNA37	Gene2415	0.62396
sRNA9	Gene729	0.45819
sRNA245	Gene455	0.56458
sRNA122	Gene764	0.55493
sRNA137	Gene2404	0.55777
sRNA123	Gene2702	0.52102
sRNA165	Gene504	0.45549
sRNA45	Gene105	0.49924
sRNA168	Gene925	0.4868
sRNA109	Gene2823	0.48177
sRNA311	Gene486	0.48671
sRNA111	Gene452	0.50676
sRNA9	Gene1560	0.56806
sRNA237	Gene1217	0.49519
sRNA280	Gene2107	0.53215
sRNA91	Gene1932	0.50401
sRNA132	Gene1560	0.50732
sRNA266	Gene591	0.49917
sRNA250	Gene1689	0.48017
sRNA144	Gene1946	0.54603
sRNA131	Gene1513	0.53828
sRNA8	Gene761	0.54713
sRNA9	Gene2432	0.52988
sRNA206	Gene2589	0.46848
sRNA48	Gene1949	0.57641
sRNA223	Gene874	0.58164
sRNA246	Gene1096	0.55857
sRNA149	Gene2596	0.51387
sRNA174	Gene884	0.53347
sRNA83	Gene1234	0.52113
sRNA177	Gene869	0.5351
sRNA50	Gene2206	0.54143
sRNA48	Gene1439	0.54764
sRNA68	Gene2476	0.51965
sRNA223	Gene876	0.54771
sRNA9	Gene74	0.50995
sRNA130	Gene461	0.5428
sRNA155	Gene749	0.49495
sRNA229	Gene1704	0.5491
sRNA228	Gene2192	0.50214
sRNA34	Gene2075	0.51884
sRNA321	Gene2337	0.48824
sRNA216	Gene566	0.49728
sRNA175	Gene1802	0.53419
sRNA157	Gene2823	0.49489
sRNA86	Gene712	0.57833
sRNA169	Gene1001	0.47739
sRNA291	Gene83	0.49656
sRNA150	Gene1273	0.45263
sRNA74	Gene2193	0.47835
sRNA132	Gene1909	0.48024
sRNA195	Gene1185	0.50546
sRNA3	Gene2099	0.48938
sRNA75	Gene848	0.4709
sRNA79	Gene873	0.51176
sRNA89	Gene2343	0.53292
sRNA81	Gene479	0.50429
sRNA128	Gene256	0.55933
sRNA22	Gene1139	0.45602
sRNA178	Gene1396	0.53126
sRNA189	Gene1647	0.49251
sRNA60	Gene466	0.46432
sRNA141	Gene2829	0.50029
sRNA146	Gene2166	0.56892
sRNA246	Gene1366	0.52737
sRNA108	Gene48	0.56691
sRNA112	Gene1046	0.54966
sRNA50	Gene1660	0.54488
sRNA193	Gene2411	0.49989
sRNA270	Gene2457	0.48137
sRNA59	Gene1952	0.52416
sRNA58	Gene414	0.51978
sRNA131	Gene67	0.51109
sRNA9	Gene393	0.50653
sRNA25	Gene1266	0.48071
sRNA27	Gene109	0.44555
sRNA123	Gene1501	0.51165
sRNA144	Gene2605	0.54883
sRNA88	Gene1679	0.52029
sRNA151	Gene2593	0.51725
sRNA19	Gene964	0.52735
sRNA108	Gene785	0.50133
sRNA117	Gene2703	0.55487
sRNA184	Gene175	0.48716
sRNA193	Gene1599	0.53
sRNA234	Gene2195	0.56575
sRNA152	Gene2523	0.49244
sRNA117	Gene506	0.51908
sRNA124	Gene1298	0.51504
sRNA109	Gene1144	0.51657
sRNA53	Gene925	0.51914
sRNA154	Gene2572	0.56205
sRNA175	Gene282	0.52945
sRNA210	Gene440	0.47678
sRNA68	Gene1566	0.52562
sRNA161	Gene581	0.52115
sRNA129	Gene2102	0.53317
sRNA7	Gene587	0.55137
sRNA13	Gene1658	0.51225
sRNA165	Gene1410	0.47132
sRNA196	Gene179	0.46605
sRNA207	Gene493	0.54802
sRNA264	Gene197	0.4985
sRNA146	Gene2109	0.52338
sRNA12	Gene456	0.51251
sRNA75	Gene1520	0.52103
sRNA9	Gene5	0.52617
sRNA239	Gene1361	0.51241
sRNA248	Gene2541	0.46975
sRNA43	Gene1559	0.4699
sRNA14	Gene549	0.52259
sRNA103	Gene1610	0.47294
sRNA79	Gene1052	0.51545
sRNA82	Gene934	0.52564
sRNA93	Gene1212	0.51365
sRNA259	Gene607	0.48584
sRNA77	Gene1231	0.58492
sRNA221	Gene1349	0.51503
sRNA153	Gene1004	0.5352
sRNA154	Gene2200	0.5428
sRNA67	Gene2058	0.5174
sRNA168	Gene2575	0.46629
sRNA233	Gene2168	0.60003
sRNA27	Gene429	0.48401
sRNA321	Gene2563	0.49429
sRNA208	Gene1258	0.48213
sRNA3	Gene2793	0.53044
sRNA212	Gene1695	0.54552
sRNA50	Gene608	0.45823
sRNA136	Gene1608	0.55459
sRNA86	Gene2453	0.59361
sRNA274	Gene1353	0.46274
sRNA206	Gene1039	0.51902
sRNA229	Gene2204	0.49825
sRNA127	Gene2850	0.53706
sRNA77	Gene304	0.57522
sRNA103	Gene2220	0.53971
sRNA236	Gene1550	0.54615
sRNA135	Gene930	0.48552
sRNA185	Gene2443	0.46321
sRNA214	Gene780	0.59642
sRNA3	Gene1709	0.51299
sRNA231	Gene804	0.5311
sRNA239	Gene1124	0.53659
sRNA122	Gene1047	0.52556
sRNA50	Gene220	0.54203
sRNA106	Gene2273	0.4761
sRNA77	Gene1533	0.54445
sRNA181	Gene702	0.5124
sRNA53	Gene900	0.51809
sRNA116	Gene352	0.50442
sRNA98	Gene1102	0.54122
sRNA196	Gene2224	0.46802
sRNA36	Gene699	0.51954
sRNA76	Gene402	0.562
sRNA9	Gene1770	0.53856
sRNA40	Gene357	0.54001
sRNA247	Gene2542	0.4897
sRNA68	Gene2110	0.48337
sRNA51	Gene2667	0.54021
sRNA9	Gene460	0.52501
sRNA141	Gene2730	0.58497
sRNA113	Gene1569	0.50356
sRNA8	Gene161	0.50734
sRNA66	Gene894	0.4785
sRNA258	Gene673	0.46837
sRNA38	Gene258	0.57049
sRNA198	Gene1007	0.47572
sRNA96	Gene616	0.4899
sRNA130	Gene2599	0.55252
sRNA61	Gene2664	0.53087
sRNA196	Gene206	0.45591
sRNA2	Gene600	0.49686
sRNA159	Gene2428	0.56294
sRNA85	Gene2607	0.4984
sRNA104	Gene1704	0.52135
sRNA124	Gene2862	0.50472
sRNA146	Gene1153	0.52938
sRNA50	Gene2448	0.57033
sRNA52	Gene2632	0.55306
sRNA191	Gene2326	0.47561
sRNA237	Gene1473	0.49594
sRNA239	Gene361	0.46985
sRNA89	Gene1991	0.48191
sRNA9	Gene576	0.54026
sRNA190	Gene2640	0.57274
sRNA159	Gene2771	0.58641
sRNA9	Gene849	0.57866
sRNA117	Gene2301	0.50376
sRNA184	Gene20	0.49243
sRNA229	Gene306	0.50411
sRNA168	Gene1210	0.47848
sRNA121	Gene1873	0.46987
sRNA117	Gene1535	0.5823
sRNA9	Gene1280	0.55686
sRNA3	Gene135	0.50254
sRNA73	Gene2544	0.45082
sRNA244	Gene523	0.6056
sRNA111	Gene468	0.54464
sRNA78	Gene1267	0.47556
sRNA139	Gene1769	0.49954
sRNA183	Gene201	0.51555
sRNA40	Gene2358	0.54167
sRNA193	Gene1601	0.49864
sRNA153	Gene1708	0.49934
sRNA142	Gene313	0.58985
sRNA214	Gene1090	0.56164
sRNA192	Gene658	0.52582
sRNA52	Gene901	0.58715
sRNA226	Gene2820	0.55683
sRNA203	Gene752	0.53291
sRNA84	Gene2645	0.54819
sRNA201	Gene132	0.47245
sRNA119	Gene1121	0.51353
sRNA120	Gene300	0.54168
sRNA21	Gene803	0.49265
sRNA191	Gene2236	0.53292
sRNA199	Gene221	0.52703
sRNA238	Gene391	0.48193
sRNA3	Gene2305	0.46872
sRNA153	Gene788	0.50961
sRNA93	Gene2817	0.55605
sRNA87	Gene328	0.5451
sRNA9	Gene1720	0.54266
sRNA239	Gene222	0.50799
sRNA172	Gene2103	0.47314
sRNA57	Gene918	0.47325
sRNA33	Gene625	0.48085
sRNA196	Gene1277	0.45324
sRNA168	Gene989	0.54416
sRNA286	Gene2768	0.46527
sRNA241	Gene1028	0.53555
sRNA155	Gene451	0.49006
sRNA132	Gene2035	0.48598
sRNA98	Gene127	0.50868
sRNA96	Gene1244	0.52107
sRNA201	Gene2005	0.5142
sRNA121	Gene761	0.49519
sRNA222	Gene2223	0.50003
sRNA89	Gene37	0.55412
sRNA112	Gene2325	0.55756
sRNA177	Gene1773	0.55895
sRNA85	Gene1187	0.51967
sRNA149	Gene114	0.4994
sRNA147	Gene1197	0.49828
sRNA108	Gene2486	0.56714
sRNA93	Gene2614	0.54905
sRNA164	Gene1741	0.51998
sRNA9	Gene1913	0.51746
sRNA257	Gene1955	0.48143
sRNA122	Gene2218	0.52098
sRNA34	Gene328	0.47249
sRNA50	Gene2347	0.55603
sRNA35	Gene1172	0.54261
sRNA193	Gene2203	0.48958
sRNA141	Gene1366	0.55112
sRNA78	Gene1933	0.51896
sRNA78	Gene2383	0.54039
sRNA206	Gene2499	0.50941
sRNA92	Gene113	0.5173
sRNA216	Gene499	0.5588
sRNA171	Gene2481	0.49978
sRNA257	Gene2298	0.54526
sRNA224	Gene715	0.59613
sRNA231	Gene2101	0.50495
sRNA122	Gene1425	0.53568
sRNA244	Gene852	0.58842
sRNA132	Gene236	0.46123
sRNA119	Gene382	0.55509
sRNA58	Gene2047	0.49973
sRNA201	Gene1032	0.51468
sRNA225	Gene1774	0.58677
sRNA157	Gene1949	0.53639
sRNA53	Gene2403	0.50581
sRNA9	Gene321	0.53324
sRNA282	Gene140	0.46465
sRNA66	Gene2582	0.49429
sRNA121	Gene766	0.47911
sRNA171	Gene2042	0.5236
sRNA192	Gene1909	0.4883
sRNA216	Gene2287	0.48182
sRNA259	Gene59	0.47448
sRNA87	Gene1873	0.52918
sRNA5	Gene2765	0.50484
sRNA233	Gene403	0.5235
sRNA67	Gene94	0.4867
sRNA181	Gene1040	0.57298
sRNA172	Gene2432	0.47478
sRNA45	Gene2472	0.5526
sRNA3	Gene2661	0.51771
sRNA227	Gene488	0.58479
sRNA263	Gene383	0.45982
sRNA35	Gene975	0.54285
sRNA16	Gene19	0.54528
sRNA60	Gene1280	0.49698
sRNA265	Gene1884	0.45293
sRNA131	Gene1148	0.55229
sRNA114	Gene630	0.53233
sRNA200	Gene2484	0.51177
sRNA106	Gene1603	0.49174
sRNA85	Gene2764	0.51896
sRNA179	Gene2518	0.54395
sRNA196	Gene2293	0.47576
sRNA269	Gene700	0.45245
sRNA189	Gene1160	0.48195
sRNA46	Gene5	0.524
sRNA167	Gene636	0.55422
sRNA48	Gene1423	0.53179
sRNA291	Gene1733	0.49401
sRNA5	Gene960	0.44998
sRNA130	Gene1206	0.60307
sRNA233	Gene2554	0.55017
sRNA230	Gene1343	0.47881
sRNA87	Gene1892	0.54027
sRNA10	Gene2298	0.56215
sRNA148	Gene616	0.50577
sRNA268	Gene1015	0.46565
sRNA120	Gene1357	0.54633
sRNA79	Gene369	0.51756
sRNA60	Gene697	0.51091
sRNA50	Gene1666	0.46973
sRNA42	Gene500	0.54324
sRNA240	Gene665	0.53243
sRNA54	Gene1851	0.47947
sRNA9	Gene411	0.5341
sRNA37	Gene745	0.59638
sRNA158	Gene1096	0.53264
sRNA241	Gene2151	0.53097
sRNA88	Gene351	0.56069
sRNA77	Gene797	0.56323
sRNA231	Gene872	0.5338
sRNA39	Gene354	0.49313
sRNA156	Gene2238	0.51522
sRNA182	Gene2787	0.52188
sRNA50	Gene2275	0.54974
sRNA141	Gene1504	0.55479
sRNA165	Gene2181	0.46832
sRNA43	Gene1942	0.50953
sRNA146	Gene1691	0.51215
sRNA9	Gene638	0.5383
sRNA131	Gene1838	0.52081
sRNA143	Gene2629	0.54342
sRNA276	Gene1928	0.51361
sRNA160	Gene1458	0.53964
sRNA118	Gene2771	0.53569
sRNA175	Gene2587	0.53642
sRNA215	Gene1323	0.49374
sRNA245	Gene860	0.54217
sRNA215	Gene851	0.51071
sRNA213	Gene1635	0.50525
sRNA228	Gene258	0.51369
sRNA146	Gene1925	0.52378
sRNA187	Gene1553	0.50477
sRNA244	Gene2613	0.5821
sRNA106	Gene883	0.56555
sRNA282	Gene542	0.48677
sRNA128	Gene2743	0.53589
sRNA9	Gene1423	0.54101
sRNA208	Gene558	0.50729
sRNA51	Gene2167	0.57329
sRNA148	Gene422	0.57691
sRNA239	Gene873	0.52376
sRNA214	Gene477	0.47809
sRNA158	Gene2741	0.52055
sRNA216	Gene567	0.47562
sRNA16	Gene178	0.51626
sRNA12	Gene2546	0.49234
sRNA36	Gene127	0.53885
sRNA9	Gene2439	0.55001
sRNA134	Gene2219	0.57039
sRNA232	Gene624	0.48323
sRNA9	Gene2601	0.49809
sRNA66	Gene700	0.47065
sRNA9	Gene1065	0.53936
sRNA78	Gene1174	0.5425
sRNA71	Gene780	0.55741
sRNA52	Gene1433	0.58023
sRNA199	Gene2258	0.55577
sRNA36	Gene1103	0.58754
sRNA95	Gene2524	0.51952
sRNA9	Gene34	0.55506
sRNA111	Gene2419	0.58662
sRNA241	Gene37	0.53047
sRNA244	Gene117	0.57121
sRNA44	Gene2759	0.47673
sRNA188	Gene967	0.57417
sRNA150	Gene2640	0.50507
sRNA155	Gene93	0.47602
sRNA45	Gene504	0.56248
sRNA204	Gene799	0.49147
sRNA25	Gene1988	0.54176
sRNA223	Gene1156	0.58491
sRNA112	Gene1994	0.59104
sRNA50	Gene709	0.56139
sRNA143	Gene2337	0.58956
sRNA20	Gene2840	0.5332
sRNA1	Gene1153	0.50232
sRNA65	Gene259	0.55905
sRNA13	Gene2328	0.48501
sRNA111	Gene2826	0.52643
sRNA177	Gene410	0.51594
sRNA58	Gene2718	0.52229
sRNA140	Gene2677	0.51139
sRNA174	Gene2409	0.47586
sRNA213	Gene1469	0.50725
sRNA42	Gene1827	0.5649
sRNA178	Gene1723	0.55364
sRNA3	Gene568	0.46462
sRNA160	Gene1455	0.4966
sRNA92	Gene2773	0.53178
sRNA158	Gene1878	0.50086
sRNA79	Gene2311	0.54767
sRNA155	Gene2139	0.48339
sRNA7	Gene2285	0.46985
sRNA157	Gene2424	0.54659
sRNA88	Gene2845	0.55613
sRNA3	Gene2761	0.52655
sRNA239	Gene755	0.52348
sRNA77	Gene2201	0.53619
sRNA9	Gene2171	0.52118
sRNA17	Gene502	0.49293
sRNA60	Gene1329	0.51343
sRNA135	Gene559	0.51895
sRNA173	Gene1915	0.51537
sRNA9	Gene1027	0.48282
sRNA210	Gene1590	0.49487
sRNA232	Gene2398	0.47311
sRNA233	Gene1704	0.60697
sRNA11	Gene71	0.50065
sRNA58	Gene1003	0.53397
sRNA64	Gene1695	0.53381
sRNA56	Gene672	0.48694
sRNA156	Gene1984	0.49885
sRNA17	Gene2442	0.53492
sRNA87	Gene518	0.56988
sRNA276	Gene361	0.47122
sRNA77	Gene1041	0.61125
sRNA229	Gene2018	0.548
sRNA161	Gene2858	0.53372
sRNA129	Gene2336	0.55632
sRNA165	Gene89	0.46482
sRNA4	Gene244	0.45218
sRNA265	Gene201	0.49751
sRNA236	Gene1679	0.57004
sRNA50	Gene2359	0.53419
sRNA37	Gene180	0.52471
sRNA231	Gene1488	0.50331
sRNA15	Gene847	0.50934
sRNA276	Gene1239	0.52208
sRNA231	Gene1458	0.49778
sRNA73	Gene686	0.45636
sRNA248	Gene1474	0.47778
sRNA118	Gene2672	0.53062
sRNA214	Gene1679	0.53531
sRNA37	Gene2080	0.56012
sRNA32	Gene1890	0.45975
sRNA195	Gene310	0.51131
sRNA38	Gene2172	0.5463
sRNA105	Gene1780	0.48601
sRNA154	Gene1364	0.57049
sRNA9	Gene2716	0.46582
sRNA265	Gene1163	0.47123
sRNA37	Gene880	0.6009
sRNA38	Gene1945	0.57158
sRNA114	Gene2419	0.55387
sRNA48	Gene877	0.56676
sRNA139	Gene2504	0.52166
sRNA1	Gene1461	0.48074
sRNA214	Gene1940	0.49037
sRNA52	Gene1999	0.59268
sRNA3	Gene1928	0.4839
sRNA9	Gene1748	0.44681
sRNA269	Gene2248	0.4652
sRNA267	Gene2220	0.46358
sRNA185	Gene221	0.48265
sRNA7	Gene502	0.52554
sRNA69	Gene782	0.50486
sRNA28	Gene2534	0.51022
sRNA106	Gene943	0.52661
sRNA214	Gene1983	0.57628
sRNA158	Gene735	0.49614
sRNA18	Gene530	0.57059
sRNA41	Gene2210	0.55277
sRNA134	Gene2139	0.5962
sRNA9	Gene2479	0.50098
sRNA153	Gene258	0.53877
sRNA9	Gene1126	0.58736
sRNA123	Gene1048	0.51992
sRNA41	Gene1261	0.55466
sRNA9	Gene95	0.58311
sRNA126	Gene2425	0.52284
sRNA239	Gene1883	0.50698
sRNA178	Gene2667	0.50966
sRNA269	Gene2672	0.48078
sRNA222	Gene2184	0.4984
sRNA21	Gene2292	0.49958
sRNA10	Gene1163	0.5697
sRNA234	Gene1873	0.52628
sRNA186	Gene2277	0.57968
sRNA204	Gene1982	0.50932
sRNA42	Gene331	0.55411
sRNA291	Gene2619	0.46944
sRNA310	Gene1608	0.57525
sRNA168	Gene1851	0.50107
sRNA199	Gene2461	0.59783
sRNA249	Gene942	0.46373
sRNA33	Gene137	0.57482
sRNA248	Gene2715	0.47295
sRNA148	Gene1288	0.55547
sRNA25	Gene767	0.57395
sRNA186	Gene2585	0.5277
sRNA190	Gene1361	0.5573
sRNA3	Gene501	0.49058
sRNA74	Gene1856	0.51671
sRNA136	Gene638	0.51045
sRNA68	Gene1696	0.51079
sRNA9	Gene914	0.45546
sRNA9	Gene1322	0.45657
sRNA19	Gene2514	0.57411
sRNA9	Gene155	0.49626
sRNA146	Gene2128	0.5273
sRNA144	Gene2775	0.52399
sRNA225	Gene88	0.59641
sRNA206	Gene1150	0.52008
sRNA1	Gene82	0.49644
sRNA83	Gene1153	0.57073
sRNA118	Gene2102	0.54182
sRNA236	Gene358	0.57114
sRNA229	Gene545	0.55171
sRNA131	Gene2443	0.57097
sRNA212	Gene771	0.55831
sRNA11	Gene752	0.47954
sRNA153	Gene2601	0.56043
sRNA95	Gene1603	0.5416
sRNA96	Gene725	0.50056
sRNA80	Gene197	0.52866
sRNA59	Gene2121	0.59493
sRNA147	Gene2301	0.50026
sRNA112	Gene1382	0.54062
sRNA44	Gene2492	0.48969
sRNA17	Gene207	0.54622
sRNA45	Gene2128	0.51119
sRNA56	Gene808	0.46438
sRNA112	Gene2091	0.57207
sRNA73	Gene2509	0.49507
sRNA209	Gene1844	0.4882
sRNA177	Gene1049	0.55433
sRNA67	Gene149	0.54252
sRNA50	Gene1818	0.55255
sRNA170	Gene2681	0.5216
sRNA203	Gene2760	0.50141
sRNA278	Gene532	0.45975
sRNA168	Gene253	0.57378
sRNA26	Gene1902	0.5031
sRNA108	Gene1645	0.53474
sRNA142	Gene959	0.54869
sRNA186	Gene854	0.53986
sRNA112	Gene673	0.54384
sRNA24	Gene1934	0.50735
sRNA168	Gene677	0.45081
sRNA111	Gene2237	0.54848
sRNA126	Gene1580	0.52065
sRNA185	Gene1980	0.5278
sRNA108	Gene2235	0.54477
sRNA9	Gene314	0.52647
sRNA214	Gene1953	0.51959
sRNA205	Gene718	0.4556
sRNA70	Gene2556	0.54194
sRNA101	Gene425	0.55484
sRNA219	Gene1820	0.55797
sRNA66	Gene143	0.48989
sRNA25	Gene2836	0.53132
sRNA161	Gene1041	0.50566
sRNA201	Gene2682	0.52126
sRNA12	Gene735	0.57871
sRNA110	Gene2104	0.56269
sRNA120	Gene1376	0.5291
sRNA60	Gene4	0.54444
sRNA110	Gene3	0.54219
sRNA264	Gene1838	0.53732
sRNA20	Gene2691	0.5479
sRNA53	Gene1585	0.47843
sRNA206	Gene124	0.51933
sRNA126	Gene1427	0.51941
sRNA126	Gene1745	0.52792
sRNA46	Gene1709	0.56476
sRNA26	Gene969	0.50955
sRNA25	Gene2625	0.54258
sRNA184	Gene2626	0.49984
sRNA239	Gene1773	0.53793
sRNA213	Gene932	0.55261
sRNA247	Gene441	0.4903
sRNA9	Gene1159	0.44819
sRNA50	Gene295	0.49366
sRNA125	Gene1716	0.55365
sRNA160	Gene1763	0.5472
sRNA208	Gene1739	0.47677
sRNA9	Gene2596	0.51267
sRNA72	Gene1149	0.4704
sRNA191	Gene1758	0.56454
sRNA229	Gene1413	0.54134
sRNA195	Gene1952	0.5099
sRNA151	Gene2030	0.49315
sRNA82	Gene541	0.51323
sRNA18	Gene2281	0.51905
sRNA169	Gene1711	0.57933
sRNA120	Gene2536	0.55346
sRNA141	Gene205	0.54239
sRNA131	Gene445	0.5638
sRNA224	Gene1848	0.57569
sRNA172	Gene1339	0.48108
sRNA111	Gene1416	0.51085
sRNA125	Gene2124	0.55863
sRNA215	Gene570	0.54155
sRNA23	Gene640	0.50605
sRNA141	Gene833	0.54957
sRNA164	Gene2001	0.50379
sRNA260	Gene1671	0.50722
sRNA11	Gene2473	0.54064
sRNA181	Gene172	0.55411
sRNA198	Gene1684	0.46402
sRNA246	Gene2711	0.52424
sRNA205	Gene1142	0.51508
sRNA129	Gene1795	0.56754
sRNA25	Gene1454	0.56437
sRNA30	Gene1800	0.48477
sRNA52	Gene1368	0.54914
sRNA10	Gene2789	0.61157
sRNA225	Gene1667	0.59196
sRNA214	Gene2246	0.46515
sRNA34	Gene2	0.4511
sRNA199	Gene1744	0.54452
sRNA171	Gene2043	0.52393
sRNA173	Gene2176	0.55564
sRNA86	Gene1679	0.59131
sRNA55	Gene2595	0.53369
sRNA184	Gene2305	0.46887
sRNA9	Gene1706	0.57458
sRNA263	Gene1187	0.49127
sRNA9	Gene575	0.58159
sRNA210	Gene2730	0.53625
sRNA29	Gene516	0.56616
sRNA176	Gene1489	0.50481
sRNA165	Gene2308	0.48359
sRNA282	Gene1618	0.48535
sRNA188	Gene769	0.52809
sRNA42	Gene532	0.57129
sRNA78	Gene2551	0.52244
sRNA150	Gene2270	0.51395
sRNA12	Gene1850	0.57296
sRNA226	Gene2078	0.54752
sRNA175	Gene2392	0.53476
sRNA14	Gene253	0.51867
sRNA167	Gene699	0.48091
sRNA3	Gene2495	0.47746
sRNA10	Gene356	0.55895
sRNA100	Gene745	0.5021
sRNA273	Gene1392	0.48387
sRNA40	Gene2237	0.5964
sRNA82	Gene127	0.52261
sRNA173	Gene1875	0.4852
sRNA59	Gene1233	0.57957
sRNA96	Gene2682	0.4768
sRNA185	Gene891	0.48812
sRNA9	Gene1189	0.53011
sRNA96	Gene2688	0.52809
sRNA212	Gene1684	0.50502
sRNA59	Gene706	0.54219
sRNA148	Gene2208	0.56621
sRNA150	Gene2656	0.47927
sRNA24	Gene1142	0.49687
sRNA88	Gene1356	0.53122
sRNA81	Gene1936	0.50605
sRNA9	Gene750	0.52088
sRNA259	Gene291	0.46608
sRNA244	Gene481	0.57052
sRNA275	Gene693	0.44897
sRNA237	Gene1410	0.51569
sRNA171	Gene2077	0.48351
sRNA202	Gene143	0.4883
sRNA183	Gene2438	0.50206
sRNA116	Gene1698	0.51894
sRNA283	Gene2795	0.45391
sRNA36	Gene1577	0.50238
sRNA207	Gene2755	0.51253
sRNA197	Gene116	0.53593
sRNA140	Gene1400	0.51003
sRNA32	Gene2658	0.47483
sRNA178	Gene631	0.51115
sRNA65	Gene2156	0.54786
sRNA74	Gene623	0.49422
sRNA245	Gene676	0.53097
sRNA2	Gene1015	0.52793
sRNA81	Gene346	0.5542
sRNA215	Gene1700	0.50847
sRNA227	Gene1901	0.55993
sRNA9	Gene523	0.50681
sRNA17	Gene644	0.48665
sRNA7	Gene2487	0.56143
sRNA113	Gene2394	0.54516
sRNA76	Gene988	0.56408
sRNA10	Gene2846	0.58678
sRNA9	Gene1380	0.52009
sRNA136	Gene920	0.4912
sRNA212	Gene2312	0.54266
sRNA37	Gene1333	0.55947
sRNA177	Gene2623	0.56679
sRNA95	Gene2193	0.52882
sRNA14	Gene818	0.53309
sRNA164	Gene861	0.47338
sRNA148	Gene2070	0.51944
sRNA50	Gene2283	0.5103
sRNA44	Gene964	0.49987
sRNA57	Gene1443	0.4675
sRNA64	Gene2279	0.56648
sRNA126	Gene2204	0.52762
sRNA136	Gene846	0.52669
sRNA9	Gene1293	0.55786
sRNA237	Gene1569	0.58053
sRNA249	Gene633	0.49074
sRNA141	Gene48	0.54809
sRNA9	Gene1412	0.57216
sRNA92	Gene2071	0.55911
sRNA7	Gene186	0.58018
sRNA214	Gene2704	0.58589
sRNA152	Gene170	0.52873
sRNA56	Gene652	0.49207
sRNA84	Gene481	0.57463
sRNA80	Gene7	0.51101
sRNA79	Gene343	0.5047
sRNA229	Gene2346	0.53432
sRNA239	Gene2226	0.51851
sRNA100	Gene355	0.57031
sRNA137	Gene1142	0.47575
sRNA235	Gene1177	0.47664
sRNA247	Gene797	0.4514
sRNA52	Gene186	0.57291
sRNA48	Gene615	0.57564
sRNA130	Gene1802	0.56128
sRNA16	Gene1200	0.5002
sRNA64	Gene1764	0.58112
sRNA37	Gene1805	0.59289
sRNA90	Gene1456	0.49311
sRNA141	Gene2665	0.52955
sRNA222	Gene1346	0.46247
sRNA271	Gene855	0.49674
sRNA70	Gene2853	0.57522
sRNA45	Gene1031	0.57143
sRNA99	Gene2102	0.50439
sRNA239	Gene1133	0.52283
sRNA247	Gene1578	0.45656
sRNA140	Gene1633	0.53571
sRNA206	Gene1238	0.51919
sRNA74	Gene1329	0.51798
sRNA111	Gene180	0.5
sRNA135	Gene295	0.52049
sRNA168	Gene19	0.46819
sRNA176	Gene997	0.52774
sRNA244	Gene707	0.48295
sRNA130	Gene2499	0.53216
sRNA237	Gene2306	0.4656
sRNA9	Gene1010	0.49447
sRNA45	Gene2583	0.50091
sRNA71	Gene1383	0.54689
sRNA117	Gene2594	0.5732
sRNA124	Gene2267	0.58623
sRNA96	Gene1380	0.49495
sRNA102	Gene474	0.47872
sRNA214	Gene2314	0.5249
sRNA5	Gene328	0.50823
sRNA215	Gene721	0.54326
sRNA172	Gene637	0.47456
sRNA201	Gene553	0.48762
sRNA50	Gene1949	0.51029
sRNA50	Gene2375	0.51858
sRNA150	Gene2271	0.58144
sRNA36	Gene1672	0.50814
sRNA195	Gene860	0.48129
sRNA96	Gene724	0.49561
sRNA151	Gene1314	0.50733
sRNA274	Gene35	0.46584
sRNA37	Gene2455	0.57944
sRNA6	Gene2089	0.49473
sRNA175	Gene2617	0.49313
sRNA171	Gene1503	0.51527
sRNA168	Gene145	0.48463
sRNA25	Gene2193	0.49359
sRNA52	Gene930	0.56323
sRNA46	Gene2318	0.55789
sRNA148	Gene2690	0.58894
sRNA269	Gene512	0.46231
sRNA50	Gene2395	0.55015
sRNA50	Gene1686	0.57492
sRNA198	Gene1579	0.46667
sRNA213	Gene440	0.55867
sRNA219	Gene529	0.54889
sRNA147	Gene930	0.57011
sRNA57	Gene631	0.47072
sRNA87	Gene1304	0.52007
sRNA130	Gene1598	0.56639
sRNA289	Gene1032	0.50207
sRNA9	Gene2078	0.60964
sRNA87	Gene1912	0.54869
sRNA9	Gene2535	0.53627
sRNA109	Gene1221	0.54597
sRNA236	Gene1176	0.57736
sRNA211	Gene2205	0.54659
sRNA98	Gene1046	0.47466
sRNA3	Gene910	0.47173
sRNA186	Gene1944	0.58672
sRNA153	Gene1746	0.55201
sRNA231	Gene1334	0.52001
sRNA69	Gene2135	0.46935
sRNA83	Gene56	0.54118
sRNA118	Gene2488	0.51553
sRNA23	Gene1161	0.48905
sRNA32	Gene1044	0.56554
sRNA9	Gene2183	0.53251
sRNA41	Gene958	0.56952
sRNA240	Gene323	0.56141
sRNA134	Gene2546	0.57356
sRNA187	Gene2340	0.52731
sRNA90	Gene1331	0.54803
sRNA34	Gene168	0.50386
sRNA224	Gene1341	0.54881
sRNA12	Gene441	0.54775
sRNA145	Gene1392	0.55605
sRNA62	Gene2579	0.5413
sRNA180	Gene2817	0.55446
sRNA9	Gene1078	0.46609
sRNA9	Gene2685	0.54355
sRNA25	Gene1101	0.55991
sRNA103	Gene2418	0.47876
sRNA183	Gene668	0.50632
sRNA186	Gene2488	0.57406
sRNA104	Gene876	0.52669
sRNA162	Gene1589	0.56683
sRNA42	Gene2081	0.54366
sRNA20	Gene1627	0.53909
sRNA75	Gene1221	0.51905
sRNA40	Gene1003	0.54205
sRNA141	Gene2016	0.5276
sRNA107	Gene530	0.49473
sRNA84	Gene2156	0.49507
sRNA41	Gene478	0.55542
sRNA60	Gene838	0.54131
sRNA158	Gene700	0.55491
sRNA88	Gene1956	0.55383
sRNA83	Gene1254	0.56843
sRNA54	Gene1762	0.46428
sRNA20	Gene2041	0.56897
sRNA43	Gene1479	0.46501
sRNA164	Gene2002	0.46859
sRNA160	Gene1183	0.50285
sRNA9	Gene2788	0.51904
sRNA147	Gene604	0.55524
sRNA89	Gene351	0.496
sRNA9	Gene835	0.47704
sRNA285	Gene2689	0.48147
sRNA50	Gene566	0.5597
sRNA145	Gene2557	0.58862
sRNA113	Gene1722	0.5126
sRNA6	Gene1631	0.49396
sRNA72	Gene2529	0.5522
sRNA208	Gene2460	0.49046
sRNA72	Gene124	0.51005
sRNA51	Gene157	0.58614
sRNA73	Gene2243	0.51858
sRNA83	Gene943	0.55744
sRNA111	Gene287	0.52416
sRNA58	Gene1055	0.55344
sRNA232	Gene580	0.45214
sRNA68	Gene318	0.46418
sRNA57	Gene1	0.45126
sRNA150	Gene2546	0.50187
sRNA157	Gene2639	0.54031
sRNA145	Gene158	0.50331
sRNA81	Gene2353	0.51275
sRNA273	Gene2417	0.47832
sRNA10	Gene850	0.57719
sRNA157	Gene2242	0.53477
sRNA143	Gene1047	0.55717
sRNA80	Gene500	0.54709
sRNA248	Gene2150	0.48937
sRNA169	Gene2647	0.51955
sRNA246	Gene1877	0.4752
sRNA226	Gene1645	0.60741
sRNA129	Gene1332	0.59769
sRNA163	Gene735	0.55266
sRNA133	Gene2831	0.50833
sRNA2	Gene987	0.60483
sRNA61	Gene264	0.48851
sRNA158	Gene2147	0.54024
sRNA24	Gene1819	0.48446
sRNA135	Gene928	0.47034
sRNA43	Gene973	0.55271
sRNA112	Gene622	0.55084
sRNA275	Gene1620	0.50328
sRNA165	Gene397	0.52875
sRNA144	Gene1674	0.53439
sRNA9	Gene2694	0.56952
sRNA3	Gene868	0.46673
sRNA64	Gene2459	0.56028
sRNA258	Gene1658	0.50689
sRNA171	Gene203	0.51402
sRNA269	Gene2585	0.4492
sRNA108	Gene2126	0.51801
sRNA218	Gene1672	0.53503
sRNA215	Gene1263	0.48139
sRNA10	Gene1967	0.55277
sRNA144	Gene563	0.47906
sRNA50	Gene361	0.53098
sRNA33	Gene498	0.56945
sRNA151	Gene218	0.51135
sRNA222	Gene492	0.53138
sRNA152	Gene1100	0.5591
sRNA145	Gene1725	0.5613
sRNA211	Gene1056	0.45615
sRNA247	Gene2749	0.44917
sRNA34	Gene295	0.53492
sRNA4	Gene879	0.48071
sRNA217	Gene2781	0.5402
sRNA180	Gene2392	0.51193
sRNA84	Gene929	0.53985
sRNA192	Gene2463	0.53025
sRNA147	Gene664	0.53351
sRNA245	Gene27	0.52069
sRNA166	Gene2672	0.46806
sRNA89	Gene2150	0.52572
sRNA158	Gene1646	0.50198
sRNA155	Gene898	0.48521
sRNA140	Gene1708	0.55341
sRNA132	Gene548	0.51143
sRNA267	Gene2113	0.47824
sRNA232	Gene692	0.48966
sRNA248	Gene2194	0.48222
sRNA188	Gene631	0.49938
sRNA208	Gene2466	0.4745
sRNA109	Gene876	0.54549
sRNA3	Gene2204	0.49495
sRNA196	Gene2350	0.45836
sRNA243	Gene1154	0.55008
sRNA89	Gene925	0.50126
sRNA45	Gene2107	0.53824
sRNA191	Gene2152	0.543
sRNA9	Gene1266	0.48434
sRNA81	Gene1654	0.53815
sRNA223	Gene1320	0.54432
sRNA9	Gene627	0.49169
sRNA9	Gene2108	0.50449
sRNA215	Gene2553	0.50186
sRNA9	Gene2090	0.5518
sRNA28	Gene2746	0.52205
sRNA248	Gene694	0.45363
sRNA7	Gene751	0.56419
sRNA223	Gene1007	0.5585
sRNA240	Gene867	0.57296
sRNA142	Gene2190	0.55736
sRNA110	Gene675	0.5443
sRNA188	Gene353	0.52965
sRNA216	Gene2239	0.4988
sRNA160	Gene2636	0.55869
sRNA98	Gene1055	0.49874
sRNA96	Gene1135	0.50985
sRNA294	Gene1151	0.46395
sRNA185	Gene1342	0.4767
sRNA9	Gene1068	0.51521
sRNA171	Gene2390	0.54197
sRNA191	Gene1412	0.52615
sRNA206	Gene2340	0.50817
sRNA53	Gene1857	0.52497
sRNA14	Gene1898	0.53688
sRNA232	Gene2130	0.4972
sRNA108	Gene251	0.5062
sRNA86	Gene2446	0.59726
sRNA229	Gene2820	0.53986
sRNA141	Gene1325	0.57256
sRNA234	Gene2716	0.49772
sRNA51	Gene2058	0.57539
sRNA111	Gene1483	0.51246
sRNA19	Gene2418	0.57753
sRNA212	Gene2190	0.57997
sRNA50	Gene1493	0.56638
sRNA214	Gene478	0.59361
sRNA9	Gene970	0.54849
sRNA249	Gene1526	0.50241
sRNA113	Gene1378	0.52241
sRNA127	Gene1979	0.58934
sRNA223	Gene2189	0.58689
sRNA257	Gene2502	0.50919
sRNA69	Gene2349	0.49745
sRNA200	Gene1142	0.44866
sRNA50	Gene2459	0.54906
sRNA143	Gene904	0.53832
sRNA142	Gene1691	0.52123
sRNA278	Gene2426	0.46078
sRNA18	Gene852	0.49885
sRNA213	Gene1529	0.52577
sRNA229	Gene1036	0.52746
sRNA128	Gene406	0.49425
sRNA97	Gene1999	0.51842
sRNA227	Gene890	0.58193
sRNA13	Gene2257	0.46054
sRNA92	Gene1742	0.5557
sRNA3	Gene608	0.52184
sRNA50	Gene816	0.52518
sRNA265	Gene1767	0.46482
sRNA9	Gene1098	0.5258
sRNA227	Gene2387	0.55856
sRNA50	Gene446	0.53879
sRNA142	Gene2761	0.55527
sRNA57	Gene360	0.52071
sRNA53	Gene217	0.53749
sRNA226	Gene859	0.53672
sRNA95	Gene2520	0.54812
sRNA18	Gene265	0.55938
sRNA76	Gene1742	0.55304
sRNA3	Gene2862	0.46767
sRNA249	Gene2673	0.49279
sRNA80	Gene2435	0.45134
sRNA96	Gene239	0.48062
sRNA175	Gene2801	0.51162
sRNA208	Gene508	0.48644
sRNA20	Gene160	0.57089
sRNA52	Gene2793	0.57602
sRNA140	Gene2714	0.50748
sRNA1	Gene1859	0.4833
sRNA219	Gene2128	0.47636
sRNA9	Gene203	0.52544
sRNA278	Gene2532	0.5342
sRNA164	Gene2452	0.51042
sRNA115	Gene59	0.52976
sRNA111	Gene2177	0.57031
sRNA5	Gene1408	0.47326
sRNA93	Gene1802	0.53074
sRNA130	Gene1489	0.52299
sRNA104	Gene1392	0.48681
sRNA229	Gene1187	0.52847
sRNA74	Gene679	0.52728
sRNA123	Gene2639	0.53708
sRNA89	Gene2790	0.48764
sRNA82	Gene1043	0.5136
sRNA70	Gene1110	0.57813
sRNA265	Gene1142	0.52356
sRNA215	Gene540	0.54606
sRNA222	Gene2733	0.51595
sRNA9	Gene987	0.49323
sRNA82	Gene2301	0.54419
sRNA315	Gene1783	0.45373
sRNA190	Gene2487	0.57588
sRNA137	Gene2517	0.52431
sRNA235	Gene1778	0.52223
sRNA85	Gene1408	0.52831
sRNA175	Gene1229	0.50964
sRNA71	Gene1501	0.57835
sRNA173	Gene1222	0.51071
sRNA143	Gene1913	0.5462
sRNA61	Gene1349	0.49665
sRNA122	Gene1338	0.52917
sRNA9	Gene1655	0.5292
sRNA74	Gene2482	0.52266
sRNA175	Gene2251	0.5039
sRNA66	Gene2220	0.47543
sRNA234	Gene346	0.55327
sRNA214	Gene1739	0.49446
sRNA46	Gene723	0.54993
sRNA23	Gene1243	0.50265
sRNA49	Gene85	0.59431
sRNA9	Gene1145	0.49627
sRNA257	Gene2164	0.50002
sRNA155	Gene2253	0.51135
sRNA266	Gene2620	0.48395
sRNA5	Gene709	0.50303
sRNA154	Gene1098	0.5392
sRNA113	Gene2772	0.48902
sRNA25	Gene226	0.58288
sRNA218	Gene2597	0.53474
sRNA134	Gene2224	0.57298
sRNA62	Gene2709	0.4648
sRNA42	Gene1070	0.56487
sRNA67	Gene2754	0.45818
sRNA228	Gene1	0.50726
sRNA216	Gene2147	0.50747
sRNA237	Gene482	0.49439
sRNA7	Gene26	0.56011
sRNA291	Gene324	0.49722
sRNA89	Gene1826	0.51321
sRNA25	Gene978	0.51367
sRNA110	Gene935	0.5462
sRNA122	Gene588	0.479
sRNA273	Gene2121	0.49305
sRNA6	Gene2828	0.46118
sRNA8	Gene1756	0.50843
sRNA174	Gene989	0.56467
sRNA197	Gene2397	0.47701
sRNA238	Gene151	0.5542
sRNA149	Gene2652	0.45417
sRNA247	Gene1175	0.44886
sRNA279	Gene1143	0.47874
sRNA77	Gene996	0.60378
sRNA145	Gene2143	0.58558
sRNA20	Gene1816	0.60185
sRNA77	Gene2001	0.5956
sRNA155	Gene2817	0.47964
sRNA160	Gene1450	0.48519
sRNA188	Gene1077	0.5671
sRNA244	Gene603	0.5524
sRNA123	Gene1565	0.46672
sRNA50	Gene1933	0.46013
sRNA153	Gene180	0.52282
sRNA287	Gene106	0.52034
sRNA256	Gene2248	0.45893
sRNA197	Gene1683	0.54662
sRNA111	Gene2145	0.54697
sRNA9	Gene333	0.49145
sRNA42	Gene899	0.59362
sRNA65	Gene851	0.58534
sRNA83	Gene2807	0.51294
sRNA159	Gene138	0.52667
sRNA72	Gene873	0.52469
sRNA31	Gene216	0.49841
sRNA3	Gene1267	0.45206
sRNA146	Gene135	0.46591
sRNA95	Gene1997	0.54885
sRNA234	Gene1483	0.5837
sRNA291	Gene1908	0.48642
sRNA9	Gene2246	0.52932
sRNA286	Gene1355	0.49764
sRNA104	Gene1312	0.48244
sRNA189	Gene743	0.48707
sRNA37	Gene2404	0.60456
sRNA189	Gene363	0.48636
sRNA63	Gene1897	0.5096
sRNA135	Gene1428	0.536
sRNA20	Gene210	0.57638
sRNA128	Gene407	0.49028
sRNA237	Gene1119	0.49402
sRNA190	Gene947	0.56474
sRNA72	Gene1834	0.54602
sRNA102	Gene1167	0.46871
sRNA239	Gene2778	0.55126
sRNA208	Gene1434	0.50691
sRNA135	Gene2100	0.50867
sRNA157	Gene466	0.55358
sRNA77	Gene1566	0.56444
sRNA65	Gene2188	0.52808
sRNA82	Gene2234	0.53452
sRNA92	Gene2256	0.54446
sRNA10	Gene102	0.54705
sRNA64	Gene2203	0.51893
sRNA97	Gene359	0.57665
sRNA239	Gene2613	0.51644
sRNA236	Gene568	0.56231
sRNA12	Gene1142	0.52159
sRNA65	Gene979	0.54687
sRNA96	Gene1097	0.54727
sRNA245	Gene786	0.54754
sRNA64	Gene408	0.55024
sRNA163	Gene753	0.53002
sRNA75	Gene1780	0.50846
sRNA26	Gene2655	0.46662
sRNA151	Gene2726	0.50485
sRNA219	Gene768	0.60305
sRNA256	Gene229	0.44951
sRNA131	Gene1835	0.55156
sRNA50	Gene2688	0.51805
sRNA109	Gene102	0.51238
sRNA67	Gene420	0.53033
sRNA190	Gene2604	0.55824
sRNA178	Gene1046	0.50104
sRNA208	Gene1215	0.4946
sRNA44	Gene596	0.5016
sRNA154	Gene2012	0.53144
sRNA193	Gene2581	0.52794
sRNA102	Gene1293	0.45434
sRNA162	Gene2575	0.57119
sRNA148	Gene891	0.53149
sRNA9	Gene1317	0.49866
sRNA36	Gene308	0.51252
sRNA200	Gene752	0.45953
sRNA156	Gene2218	0.55432
sRNA20	Gene1472	0.54631
sRNA205	Gene1056	0.45486
sRNA100	Gene779	0.58128
sRNA90	Gene499	0.53324
sRNA207	Gene491	0.55342
sRNA51	Gene2187	0.57462
sRNA173	Gene2032	0.52232
sRNA248	Gene2032	0.46102
sRNA198	Gene550	0.47938
sRNA177	Gene2290	0.5287
sRNA50	Gene2150	0.5383
sRNA57	Gene331	0.48148
sRNA9	Gene309	0.56823
sRNA52	Gene2262	0.55718
sRNA57	Gene353	0.51336
sRNA88	Gene505	0.5328
sRNA181	Gene1761	0.57642
sRNA50	Gene1364	0.51867
sRNA147	Gene2723	0.53972
sRNA148	Gene2740	0.53707
sRNA287	Gene1874	0.52024
sRNA61	Gene1452	0.51543
sRNA273	Gene1659	0.50034
sRNA39	Gene2005	0.53677
sRNA213	Gene1878	0.51207
sRNA149	Gene68	0.51074
sRNA50	Gene1192	0.52509
sRNA233	Gene1803	0.54101
sRNA218	Gene2512	0.5581
sRNA74	Gene6	0.50684
sRNA9	Gene2114	0.5597
sRNA243	Gene1309	0.50134
sRNA93	Gene1819	0.57707
sRNA186	Gene1392	0.55578
sRNA180	Gene2269	0.52399
sRNA50	Gene2741	0.54971
sRNA181	Gene1549	0.56746
sRNA46	Gene577	0.59302
sRNA17	Gene2285	0.50267
sRNA52	Gene2583	0.56977
sRNA174	Gene1778	0.51145
sRNA58	Gene1751	0.54498
sRNA190	Gene201	0.54846
sRNA82	Gene1179	0.49327
sRNA190	Gene190	0.50884
sRNA229	Gene1027	0.53438
sRNA128	Gene3	0.58355
sRNA108	Gene1200	0.57279
sRNA52	Gene2283	0.54113
sRNA239	Gene1824	0.5279
sRNA130	Gene2619	0.54043
sRNA140	Gene1617	0.52487
sRNA62	Gene2101	0.4642
sRNA136	Gene1727	0.51665
sRNA210	Gene2580	0.45027
sRNA183	Gene1868	0.51576
sRNA76	Gene1889	0.57823
sRNA9	Gene1658	0.51957
sRNA241	Gene682	0.60079
sRNA153	Gene2670	0.51188
sRNA198	Gene870	0.4882
sRNA258	Gene2489	0.49003
sRNA236	Gene2699	0.57849
sRNA153	Gene2488	0.56333
sRNA259	Gene1009	0.4547
sRNA7	Gene2005	0.56352
sRNA66	Gene2459	0.48472
sRNA45	Gene1663	0.52801
sRNA159	Gene1736	0.55675
sRNA50	Gene1525	0.49632
sRNA83	Gene1304	0.50425
sRNA9	Gene1968	0.49351
sRNA60	Gene2771	0.52203
sRNA86	Gene1895	0.57029
sRNA291	Gene1264	0.49115
sRNA195	Gene1339	0.50209
sRNA75	Gene2779	0.47666
sRNA118	Gene1000	0.52123
sRNA200	Gene95	0.46419
sRNA50	Gene1058	0.48816
sRNA183	Gene1014	0.46761
sRNA110	Gene47	0.52029
sRNA225	Gene2759	0.57833
sRNA115	Gene834	0.50568
sRNA175	Gene2792	0.50831
sRNA130	Gene1742	0.57138
sRNA67	Gene1905	0.47777
sRNA89	Gene997	0.4984
sRNA228	Gene1320	0.50846
sRNA185	Gene2315	0.4884
sRNA106	Gene1358	0.56122
sRNA196	Gene1242	0.45141
sRNA232	Gene1106	0.5318
sRNA64	Gene540	0.56052
sRNA236	Gene1236	0.53535
sRNA278	Gene2215	0.45964
sRNA9	Gene2751	0.50467
sRNA60	Gene1219	0.50308
sRNA191	Gene1755	0.52219
sRNA108	Gene2263	0.51647
sRNA50	Gene1819	0.57766
sRNA139	Gene1612	0.5156
sRNA268	Gene989	0.45732
sRNA84	Gene669	0.58751
sRNA111	Gene2093	0.49257
sRNA238	Gene296	0.52411
sRNA144	Gene782	0.56724
sRNA132	Gene216	0.48777
sRNA115	Gene393	0.54317
sRNA50	Gene2760	0.44986
sRNA165	Gene806	0.46838
sRNA201	Gene1741	0.49889
sRNA9	Gene2043	0.5402
sRNA108	Gene2461	0.48452
sRNA55	Gene171	0.58319
sRNA201	Gene2544	0.45548
sRNA9	Gene920	0.52115
sRNA9	Gene897	0.55463
sRNA309	Gene921	0.45736
sRNA50	Gene995	0.44665
sRNA235	Gene2661	0.57393
sRNA9	Gene1534	0.51537
sRNA243	Gene2611	0.50946
sRNA167	Gene1323	0.48171
sRNA138	Gene398	0.4939
sRNA7	Gene2103	0.57911
sRNA8	Gene2472	0.50857
sRNA222	Gene649	0.45903
sRNA41	Gene57	0.57433
sRNA50	Gene2762	0.51957
sRNA105	Gene702	0.47999
sRNA50	Gene1236	0.54665
sRNA225	Gene188	0.56207
sRNA254	Gene2482	0.44665
sRNA212	Gene2374	0.53684
sRNA235	Gene420	0.54219
sRNA219	Gene2045	0.44937
sRNA63	Gene1815	0.53007
sRNA208	Gene2283	0.51008
sRNA21	Gene1772	0.51532
sRNA34	Gene672	0.51582
sRNA178	Gene61	0.5054
sRNA157	Gene2331	0.55102
sRNA120	Gene2280	0.52636
sRNA257	Gene2342	0.54243
sRNA30	Gene1841	0.50768
sRNA13	Gene2433	0.51507
sRNA106	Gene1754	0.57447
sRNA213	Gene2599	0.53229
sRNA159	Gene1313	0.53401
sRNA203	Gene1115	0.53238
sRNA34	Gene947	0.51363
sRNA9	Gene2688	0.57057
sRNA220	Gene753	0.5746
sRNA78	Gene721	0.52387
sRNA155	Gene1761	0.44822
sRNA136	Gene552	0.51918
sRNA197	Gene2273	0.47517
sRNA151	Gene1182	0.54606
sRNA273	Gene1858	0.48016
sRNA53	Gene1278	0.47732
sRNA243	Gene499	0.56511
sRNA83	Gene1812	0.52542
sRNA50	Gene2122	0.51151
sRNA83	Gene293	0.50846
sRNA38	Gene1118	0.60041
sRNA148	Gene152	0.55786
sRNA103	Gene202	0.54179
sRNA243	Gene2110	0.57398
sRNA179	Gene945	0.44839
sRNA63	Gene491	0.52855
sRNA9	Gene1519	0.4872
sRNA226	Gene1118	0.52897
sRNA75	Gene355	0.57405
sRNA111	Gene2864	0.5399
sRNA204	Gene1465	0.50604
sRNA83	Gene1892	0.50578
sRNA144	Gene2687	0.5438
sRNA166	Gene1856	0.45206
sRNA211	Gene1182	0.46362
sRNA163	Gene2278	0.53895
sRNA122	Gene1947	0.56147
sRNA298	Gene137	0.53738
sRNA172	Gene994	0.54546
sRNA93	Gene2000	0.48827
sRNA122	Gene960	0.53366
sRNA259	Gene69	0.45717
sRNA202	Gene1156	0.5208
sRNA194	Gene2772	0.53258
sRNA65	Gene1002	0.5418
sRNA180	Gene1966	0.52346
sRNA154	Gene2355	0.56394
sRNA50	Gene1274	0.54202
sRNA173	Gene2052	0.51819
sRNA116	Gene2493	0.50477
sRNA9	Gene2478	0.44571
sRNA244	Gene204	0.62436
sRNA169	Gene2486	0.52614
sRNA107	Gene1623	0.55551
sRNA81	Gene1615	0.54098
sRNA70	Gene2491	0.48789
sRNA174	Gene722	0.48159
sRNA26	Gene651	0.50035
sRNA173	Gene651	0.49971
sRNA160	Gene1587	0.52823
sRNA190	Gene1764	0.56923
sRNA211	Gene300	0.48579
sRNA142	Gene293	0.53561
sRNA55	Gene1275	0.60486
sRNA50	Gene2669	0.45368
sRNA135	Gene347	0.49114
sRNA274	Gene2518	0.48122
sRNA152	Gene148	0.49521
sRNA65	Gene762	0.47417
sRNA182	Gene1024	0.49142
sRNA133	Gene1017	0.49671
sRNA50	Gene1278	0.49596
sRNA151	Gene879	0.52947
sRNA5	Gene106	0.55659
sRNA9	Gene2713	0.45771
sRNA79	Gene783	0.52523
sRNA63	Gene214	0.51909
sRNA82	Gene816	0.54711
sRNA9	Gene27	0.48136
sRNA106	Gene330	0.60669
sRNA104	Gene807	0.50663
sRNA195	Gene464	0.52919
sRNA198	Gene2232	0.47302
sRNA213	Gene2087	0.5462
sRNA64	Gene1837	0.6005
sRNA34	Gene585	0.47564
sRNA174	Gene2058	0.49931
sRNA231	Gene298	0.54806
sRNA208	Gene2795	0.49073
sRNA214	Gene2072	0.50082
sRNA9	Gene2213	0.47557
sRNA9	Gene304	0.54672
sRNA66	Gene1703	0.49092
sRNA100	Gene816	0.57705
sRNA245	Gene158	0.50315
sRNA30	Gene973	0.50216
sRNA259	Gene2657	0.45757
sRNA221	Gene1455	0.50221
sRNA218	Gene1975	0.51567
sRNA25	Gene2475	0.53131
sRNA7	Gene511	0.58595
sRNA51	Gene2068	0.55225
sRNA257	Gene370	0.53694
sRNA76	Gene36	0.55459
sRNA172	Gene2038	0.49257
sRNA107	Gene291	0.51653
sRNA7	Gene1493	0.54712
sRNA261	Gene1564	0.49986
sRNA103	Gene2043	0.47001
sRNA185	Gene1186	0.5291
sRNA171	Gene2579	0.49115
sRNA71	Gene200	0.58176
sRNA6	Gene9	0.5445
sRNA178	Gene919	0.54781
sRNA163	Gene1445	0.54997
sRNA104	Gene1705	0.49109
sRNA133	Gene1694	0.51085
sRNA33	Gene1289	0.52777
sRNA235	Gene721	0.56267
sRNA20	Gene1716	0.53296
sRNA239	Gene427	0.51102
sRNA243	Gene2766	0.5272
sRNA156	Gene383	0.51587
sRNA203	Gene31	0.53302
sRNA172	Gene1411	0.49184
sRNA58	Gene94	0.51643
sRNA9	Gene1776	0.51159
sRNA201	Gene1772	0.4576
sRNA232	Gene1461	0.44711
sRNA127	Gene1496	0.50138
sRNA108	Gene890	0.53393
sRNA27	Gene1018	0.45873
sRNA130	Gene1031	0.54847
sRNA154	Gene2845	0.57089
sRNA82	Gene2415	0.50674
sRNA40	Gene888	0.60012
sRNA140	Gene1799	0.50147
sRNA9	Gene1287	0.54717
sRNA129	Gene355	0.54499
sRNA42	Gene142	0.60478
sRNA12	Gene1452	0.60906
sRNA209	Gene2678	0.53425
sRNA131	Gene661	0.58039
sRNA106	Gene1594	0.55701
sRNA165	Gene2856	0.52708
sRNA218	Gene355	0.49914
sRNA113	Gene2721	0.50483
sRNA207	Gene881	0.55312
sRNA212	Gene2669	0.57687
sRNA163	Gene1047	0.54795
sRNA187	Gene2649	0.56001
sRNA123	Gene544	0.45106
sRNA45	Gene2148	0.53166
sRNA193	Gene2013	0.44773
sRNA180	Gene393	0.50615
sRNA239	Gene2174	0.53638
sRNA71	Gene2049	0.56838
sRNA175	Gene339	0.47052
sRNA86	Gene77	0.57135
sRNA231	Gene665	0.516
sRNA124	Gene2372	0.53927
sRNA190	Gene2621	0.56038
sRNA103	Gene463	0.506
sRNA30	Gene82	0.54379
sRNA3	Gene1699	0.50828
sRNA214	Gene1391	0.5873
sRNA87	Gene338	0.57074
sRNA182	Gene103	0.5314
sRNA111	Gene2722	0.53919
sRNA23	Gene2789	0.50346
sRNA214	Gene2356	0.52108
sRNA173	Gene22	0.47198
sRNA58	Gene610	0.51276
sRNA76	Gene789	0.47917
sRNA43	Gene2181	0.52002
sRNA164	Gene2725	0.50324
sRNA28	Gene2131	0.47449
sRNA4	Gene1720	0.45628
sRNA7	Gene2565	0.56937
sRNA205	Gene608	0.47486
sRNA14	Gene285	0.58257
sRNA45	Gene2121	0.54402
sRNA52	Gene1993	0.57537
sRNA222	Gene327	0.55115
sRNA9	Gene1009	0.46451
sRNA308	Gene2276	0.54714
sRNA164	Gene1216	0.50063
sRNA254	Gene904	0.50546
sRNA167	Gene2086	0.52953
sRNA229	Gene2650	0.50612
sRNA135	Gene2123	0.48233
sRNA26	Gene109	0.55865
sRNA145	Gene1869	0.54006
sRNA3	Gene1780	0.515
sRNA17	Gene736	0.55175
sRNA142	Gene876	0.51172
sRNA126	Gene417	0.50827
sRNA185	Gene650	0.49244
sRNA272	Gene610	0.54774
sRNA204	Gene961	0.5084
sRNA115	Gene999	0.51043
sRNA63	Gene663	0.5267
sRNA113	Gene380	0.50192
sRNA209	Gene2452	0.54057
sRNA158	Gene643	0.58143
sRNA32	Gene2526	0.51948
sRNA142	Gene440	0.4909
sRNA37	Gene1238	0.60078
sRNA165	Gene1914	0.45812
sRNA227	Gene1291	0.47394
sRNA120	Gene119	0.52585
sRNA9	Gene2396	0.52559
sRNA133	Gene1226	0.51706
sRNA245	Gene446	0.53643
sRNA103	Gene2012	0.50426
sRNA5	Gene57	0.51531
sRNA204	Gene1995	0.49967
sRNA58	Gene351	0.50699
sRNA172	Gene2614	0.50832
sRNA229	Gene1570	0.55611
sRNA193	Gene1979	0.48753
sRNA10	Gene1993	0.59416
sRNA224	Gene1455	0.53355
sRNA212	Gene483	0.52253
sRNA103	Gene1493	0.50777
sRNA177	Gene2024	0.55639
sRNA66	Gene1421	0.49001
sRNA6	Gene2106	0.51994
sRNA59	Gene842	0.54763
sRNA147	Gene2365	0.54673
sRNA3	Gene894	0.54604
sRNA188	Gene2589	0.51953
sRNA224	Gene2844	0.58154
sRNA135	Gene2589	0.47883
sRNA199	Gene1218	0.58773
sRNA69	Gene315	0.48975
sRNA133	Gene2483	0.52207
sRNA39	Gene703	0.58058
sRNA128	Gene412	0.5617
sRNA148	Gene927	0.55442
sRNA74	Gene1887	0.50317
sRNA183	Gene2685	0.548
sRNA188	Gene2365	0.51004
sRNA86	Gene1673	0.56673
sRNA190	Gene1588	0.57357
sRNA111	Gene1304	0.5324
sRNA87	Gene1465	0.47838
sRNA241	Gene412	0.5157
sRNA146	Gene1383	0.51798
sRNA258	Gene929	0.45696
sRNA210	Gene1925	0.46046
sRNA188	Gene2253	0.5198
sRNA50	Gene2195	0.56543
sRNA25	Gene1308	0.48192
sRNA231	Gene2728	0.52601
sRNA6	Gene502	0.52391
sRNA220	Gene2011	0.55476
sRNA274	Gene701	0.52499
sRNA181	Gene225	0.5565
sRNA162	Gene1812	0.52329
sRNA174	Gene2428	0.49329
sRNA41	Gene2655	0.55322
sRNA1	Gene927	0.52024
sRNA124	Gene144	0.55356
sRNA64	Gene1138	0.5859
sRNA90	Gene1406	0.52424
sRNA148	Gene1887	0.52881
sRNA50	Gene2040	0.53818
sRNA124	Gene2731	0.56168
sRNA61	Gene447	0.53897
sRNA31	Gene1862	0.54882
sRNA265	Gene961	0.47501
sRNA189	Gene2583	0.47409
sRNA135	Gene1755	0.51048
sRNA212	Gene2206	0.557
sRNA212	Gene892	0.54237
sRNA50	Gene25	0.48049
sRNA146	Gene1790	0.55016
sRNA206	Gene602	0.55463
sRNA161	Gene1439	0.55691
sRNA9	Gene1077	0.55917
sRNA96	Gene2154	0.5274
sRNA211	Gene505	0.49354
sRNA315	Gene1821	0.44976
sRNA198	Gene2485	0.5071
sRNA147	Gene806	0.56346
sRNA231	Gene235	0.52184
sRNA39	Gene505	0.49526
sRNA133	Gene1293	0.53136
sRNA191	Gene2422	0.50733
sRNA187	Gene1890	0.50933
sRNA130	Gene1160	0.56087
sRNA58	Gene860	0.5257
sRNA107	Gene1630	0.52908
sRNA90	Gene2398	0.54975
sRNA212	Gene1668	0.55707
sRNA247	Gene878	0.46313
sRNA155	Gene5	0.52538
sRNA257	Gene1637	0.48805
sRNA173	Gene99	0.51091
sRNA82	Gene2128	0.53877
sRNA100	Gene136	0.58916
sRNA130	Gene543	0.57686
sRNA1	Gene1413	0.51032
sRNA45	Gene1310	0.45611
sRNA222	Gene1563	0.51008
sRNA69	Gene573	0.4752
sRNA36	Gene2829	0.50687
sRNA230	Gene216	0.48258
sRNA202	Gene1671	0.52605
sRNA274	Gene339	0.47384
sRNA9	Gene2668	0.51777
sRNA113	Gene1020	0.52149
sRNA100	Gene1658	0.5596
sRNA92	Gene1141	0.53724
sRNA199	Gene2775	0.57128
sRNA293	Gene467	0.53044
sRNA196	Gene596	0.46053
sRNA157	Gene2344	0.51319
sRNA285	Gene562	0.45962
sRNA69	Gene1010	0.47167
sRNA249	Gene111	0.45375
sRNA239	Gene2217	0.4997
sRNA145	Gene2193	0.53914
sRNA29	Gene808	0.55531
sRNA51	Gene381	0.59154
sRNA3	Gene1218	0.51568
sRNA147	Gene962	0.56789
sRNA79	Gene2480	0.49829
sRNA243	Gene2322	0.55103
sRNA239	Gene2565	0.50131
sRNA59	Gene2117	0.61083
sRNA143	Gene1488	0.55559
sRNA51	Gene198	0.55483
sRNA194	Gene118	0.54489
sRNA166	Gene2042	0.45372
sRNA50	Gene729	0.5589
sRNA222	Gene952	0.47328
sRNA96	Gene2220	0.5287
sRNA189	Gene1843	0.49193
sRNA46	Gene2218	0.56987
sRNA212	Gene768	0.56033
sRNA184	Gene392	0.49798
sRNA296	Gene2152	0.50366
sRNA134	Gene257	0.57712
sRNA175	Gene2410	0.5242
sRNA227	Gene1770	0.59425
sRNA33	Gene1022	0.54429
sRNA46	Gene1210	0.58435
sRNA106	Gene415	0.55825
sRNA255	Gene731	0.45413
sRNA9	Gene1397	0.53798
sRNA195	Gene1615	0.50935
sRNA237	Gene2764	0.50727
sRNA132	Gene287	0.51217
sRNA100	Gene2428	0.57857
sRNA81	Gene2181	0.54401
sRNA258	Gene2348	0.52896
sRNA16	Gene788	0.53172
sRNA18	Gene98	0.54531
sRNA80	Gene98	0.53715
sRNA278	Gene1370	0.44957
sRNA129	Gene672	0.54738
sRNA8	Gene768	0.53427
sRNA44	Gene1480	0.48192
sRNA180	Gene2535	0.49121
sRNA20	Gene1331	0.54993
sRNA208	Gene290	0.46128
sRNA50	Gene1943	0.48755
sRNA97	Gene1961	0.5096
sRNA189	Gene1758	0.54542
sRNA2	Gene326	0.59374
sRNA116	Gene176	0.56076
sRNA32	Gene1945	0.48845
sRNA127	Gene2460	0.52632
sRNA35	Gene2238	0.55166
sRNA277	Gene994	0.46964
sRNA36	Gene1804	0.47498
sRNA190	Gene522	0.56777
sRNA186	Gene815	0.53964
sRNA9	Gene714	0.52322
sRNA188	Gene1972	0.56298
sRNA56	Gene614	0.50429
sRNA61	Gene2044	0.4898
sRNA151	Gene2722	0.50136
sRNA190	Gene125	0.5928
sRNA9	Gene2585	0.56043
sRNA198	Gene1441	0.4646
sRNA204	Gene1509	0.51405
sRNA163	Gene552	0.57567
sRNA89	Gene2649	0.50076
sRNA101	Gene86	0.51294
sRNA260	Gene2558	0.4671
sRNA200	Gene2577	0.45213
sRNA163	Gene2837	0.53173
sRNA68	Gene2094	0.45805
sRNA140	Gene1728	0.53785
sRNA140	Gene240	0.5583
sRNA178	Gene519	0.5307
sRNA275	Gene889	0.47562
sRNA40	Gene1637	0.48826
sRNA148	Gene1751	0.56041
sRNA88	Gene516	0.57616
sRNA38	Gene840	0.53819
sRNA9	Gene2485	0.57336
sRNA195	Gene2052	0.47808
sRNA215	Gene1023	0.5307
sRNA165	Gene1844	0.44648
sRNA226	Gene1755	0.51784
sRNA124	Gene1087	0.55188
sRNA9	Gene803	0.47291
sRNA15	Gene1185	0.52327
sRNA20	Gene237	0.58185
sRNA41	Gene609	0.58974
sRNA9	Gene2767	0.49915
sRNA23	Gene2459	0.52043
sRNA240	Gene2755	0.54469
sRNA163	Gene2481	0.56336
sRNA64	Gene996	0.56335
sRNA144	Gene43	0.48127
sRNA108	Gene1897	0.54052
sRNA9	Gene2820	0.45752
sRNA236	Gene440	0.56498
sRNA127	Gene195	0.50819
sRNA244	Gene1191	0.60926
sRNA60	Gene1611	0.50277
sRNA3	Gene1710	0.51565
sRNA4	Gene258	0.46161
sRNA267	Gene314	0.48025
sRNA112	Gene2364	0.5664
sRNA50	Gene1335	0.53328
sRNA106	Gene687	0.53347
sRNA223	Gene2826	0.62454
sRNA243	Gene2784	0.56022
sRNA291	Gene749	0.48903
sRNA75	Gene1884	0.50181
sRNA223	Gene130	0.57365
sRNA118	Gene2758	0.47441
sRNA79	Gene488	0.53454
sRNA50	Gene698	0.47923
sRNA208	Gene1632	0.48734
sRNA237	Gene1461	0.49144
sRNA37	Gene1007	0.6009
sRNA25	Gene370	0.5233
sRNA98	Gene689	0.52583
sRNA147	Gene1755	0.55987
sRNA41	Gene1029	0.56475
sRNA236	Gene185	0.57756
sRNA31	Gene579	0.55673
sRNA231	Gene2229	0.53623
sRNA76	Gene2347	0.56032
sRNA63	Gene2788	0.53535
sRNA139	Gene2403	0.56417
sRNA183	Gene2267	0.52409
sRNA164	Gene1253	0.52861
sRNA9	Gene1066	0.51989
sRNA134	Gene1278	0.49418
sRNA194	Gene1620	0.54343
sRNA207	Gene1106	0.54947
sRNA132	Gene2519	0.53124
sRNA246	Gene1578	0.52606
sRNA124	Gene983	0.58395
sRNA134	Gene245	0.53711
sRNA45	Gene1454	0.58095
sRNA64	Gene97	0.59134
sRNA189	Gene1970	0.52045
sRNA49	Gene1394	0.55466
sRNA81	Gene735	0.50923
sRNA28	Gene1176	0.47513
sRNA57	Gene1497	0.47155
sRNA30	Gene2719	0.5047
sRNA149	Gene1010	0.4584
sRNA175	Gene684	0.50952
sRNA87	Gene2541	0.58208
sRNA75	Gene1353	0.53104
sRNA243	Gene1841	0.576
sRNA193	Gene1519	0.5169
sRNA96	Gene826	0.45535
sRNA43	Gene1578	0.48931
sRNA270	Gene546	0.4471
sRNA86	Gene1898	0.58202
sRNA203	Gene2735	0.50865
sRNA101	Gene352	0.49963
sRNA9	Gene531	0.56569
sRNA162	Gene1951	0.51772
sRNA215	Gene2531	0.52564
sRNA220	Gene2174	0.56344
sRNA131	Gene2129	0.55414
sRNA83	Gene1710	0.51118
sRNA185	Gene780	0.52406
sRNA44	Gene1681	0.50239
sRNA106	Gene2512	0.55051
sRNA3	Gene1927	0.48589
sRNA109	Gene2453	0.57009
sRNA131	Gene2357	0.51683
sRNA5	Gene883	0.52207
sRNA130	Gene130	0.5705
sRNA101	Gene1156	0.56279
sRNA23	Gene2735	0.52244
sRNA165	Gene2168	0.49154
sRNA191	Gene1566	0.55482
sRNA87	Gene1633	0.52429
sRNA60	Gene2542	0.47808
sRNA50	Gene1812	0.56965
sRNA188	Gene895	0.50736
sRNA48	Gene1332	0.53456
sRNA63	Gene2327	0.56938
sRNA105	Gene1042	0.52088
sRNA3	Gene340	0.54907
sRNA32	Gene2556	0.48022
sRNA38	Gene1414	0.61345
sRNA129	Gene759	0.56109
sRNA226	Gene2780	0.50209
sRNA20	Gene344	0.53915
sRNA170	Gene979	0.4991
sRNA168	Gene1176	0.48762
sRNA72	Gene138	0.47621
sRNA96	Gene2074	0.50151
sRNA144	Gene1112	0.51619
sRNA9	Gene2109	0.55537
sRNA199	Gene2156	0.57519
sRNA72	Gene354	0.55537
sRNA191	Gene1046	0.47855
sRNA159	Gene1647	0.53863
sRNA58	Gene1572	0.51917
sRNA60	Gene1817	0.52021
sRNA165	Gene1895	0.48684
sRNA257	Gene1870	0.52862
sRNA45	Gene1519	0.5053
sRNA9	Gene868	0.53216
sRNA3	Gene1227	0.53017
sRNA188	Gene298	0.53852
sRNA69	Gene1111	0.53376
sRNA192	Gene2395	0.50346
sRNA163	Gene889	0.542
sRNA178	Gene942	0.55366
sRNA216	Gene2682	0.49169
sRNA36	Gene1738	0.49162
sRNA144	Gene2387	0.48701
sRNA111	Gene1125	0.56546
sRNA263	Gene846	0.50325
sRNA196	Gene970	0.46402
sRNA156	Gene1043	0.5875
sRNA92	Gene1444	0.49948
sRNA88	Gene1708	0.54282
sRNA264	Gene185	0.50046
sRNA65	Gene1151	0.57028
sRNA9	Gene533	0.52066
sRNA73	Gene2649	0.51245
sRNA27	Gene2432	0.49349
sRNA47	Gene745	0.4627
sRNA233	Gene1945	0.58088
sRNA108	Gene818	0.5066
sRNA171	Gene489	0.53076
sRNA26	Gene562	0.5662
sRNA193	Gene1993	0.48687
sRNA43	Gene1658	0.48131
sRNA198	Gene1777	0.47353
sRNA17	Gene1161	0.50304
sRNA229	Gene1968	0.49562
sRNA175	Gene719	0.51919
sRNA107	Gene897	0.5359
sRNA225	Gene163	0.54452
sRNA66	Gene1714	0.44989
sRNA36	Gene1922	0.54045
sRNA89	Gene2055	0.50488
sRNA33	Gene1735	0.47607
sRNA111	Gene1647	0.54587
sRNA27	Gene2434	0.45972
sRNA162	Gene842	0.57788
sRNA191	Gene25	0.45178
sRNA120	Gene1641	0.56225
sRNA111	Gene2231	0.53745
sRNA299	Gene1681	0.5496
sRNA163	Gene2160	0.57286
sRNA150	Gene1606	0.44784
sRNA225	Gene1840	0.49189
sRNA159	Gene1325	0.5311
sRNA200	Gene1868	0.48832
sRNA195	Gene2442	0.49788
sRNA223	Gene858	0.60383
sRNA129	Gene1765	0.54826
sRNA129	Gene1341	0.58117
sRNA18	Gene32	0.52009
sRNA140	Gene1902	0.57178
sRNA7	Gene1141	0.54184
sRNA116	Gene706	0.52617
sRNA56	Gene807	0.45223
sRNA227	Gene663	0.59699
sRNA68	Gene1984	0.44778
sRNA21	Gene1766	0.52008
sRNA233	Gene1735	0.50729
sRNA29	Gene794	0.5978
sRNA76	Gene2352	0.58369
sRNA176	Gene1449	0.5575
sRNA27	Gene1284	0.49819
sRNA131	Gene1171	0.57322
sRNA9	Gene1339	0.45058
sRNA50	Gene1492	0.49692
sRNA180	Gene1873	0.49937
sRNA53	Gene676	0.48675
sRNA9	Gene2038	0.51584
sRNA211	Gene289	0.47013
sRNA83	Gene672	0.58543
sRNA84	Gene2752	0.51712
sRNA172	Gene1344	0.49414
sRNA255	Gene21	0.45203
sRNA9	Gene888	0.5774
sRNA177	Gene165	0.5212
sRNA25	Gene1919	0.53859
sRNA224	Gene648	0.60314
sRNA15	Gene1944	0.5292
sRNA155	Gene583	0.48295
sRNA77	Gene2353	0.57659
sRNA213	Gene1473	0.51524
sRNA198	Gene2001	0.47952
sRNA79	Gene2064	0.51328
sRNA93	Gene455	0.56081
sRNA212	Gene1706	0.52445
sRNA129	Gene1433	0.56528
sRNA43	Gene686	0.48825
sRNA180	Gene2610	0.51026
sRNA186	Gene2217	0.53674
sRNA181	Gene2729	0.56556
sRNA63	Gene1713	0.53574
sRNA89	Gene846	0.52791
sRNA203	Gene1425	0.49306
sRNA136	Gene2256	0.56856
sRNA60	Gene1127	0.5381
sRNA19	Gene762	0.5449
sRNA195	Gene2744	0.50889
sRNA50	Gene2207	0.52203
sRNA128	Gene648	0.50292
sRNA200	Gene980	0.46539
sRNA82	Gene2365	0.52461
sRNA175	Gene1745	0.51346
sRNA203	Gene687	0.51806
sRNA59	Gene2636	0.56231
sRNA65	Gene1007	0.52277
sRNA191	Gene1632	0.52679
sRNA226	Gene1336	0.50129
sRNA9	Gene1173	0.55383
sRNA50	Gene1829	0.44752
sRNA50	Gene318	0.55915
sRNA193	Gene1379	0.46498
sRNA252	Gene322	0.48297
sRNA209	Gene2417	0.52445
sRNA181	Gene1390	0.56637
sRNA21	Gene259	0.5453
sRNA236	Gene587	0.55776
sRNA18	Gene2008	0.58801
sRNA317	Gene2102	0.44955
sRNA299	Gene1409	0.54189
sRNA52	Gene1665	0.55165
sRNA67	Gene1269	0.466
sRNA92	Gene1857	0.52516
sRNA143	Gene411	0.57871
sRNA3	Gene2492	0.49727
sRNA108	Gene2211	0.54879
sRNA37	Gene2844	0.56324
sRNA237	Gene406	0.47116
sRNA135	Gene262	0.47804
sRNA9	Gene1766	0.52454
sRNA151	Gene1995	0.53215
sRNA28	Gene106	0.52737
sRNA118	Gene1855	0.50889
sRNA1	Gene72	0.51821
sRNA46	Gene27	0.58988
sRNA181	Gene1467	0.56763
sRNA205	Gene468	0.53478
sRNA76	Gene60	0.54957
sRNA27	Gene1248	0.463
sRNA231	Gene2369	0.54166
sRNA259	Gene1972	0.46523
sRNA181	Gene2617	0.5857
sRNA188	Gene260	0.53626
sRNA154	Gene2615	0.53302
sRNA234	Gene1469	0.54192
sRNA50	Gene1622	0.49139
sRNA83	Gene1659	0.49781
sRNA247	Gene2115	0.45298
sRNA40	Gene287	0.55814
sRNA30	Gene1541	0.48562
sRNA132	Gene123	0.48503
sRNA50	Gene2420	0.5362
sRNA7	Gene2377	0.60902
sRNA50	Gene1608	0.53201
sRNA168	Gene501	0.46764
sRNA118	Gene1854	0.58261
sRNA56	Gene2408	0.50555
sRNA116	Gene1782	0.55375
sRNA65	Gene1824	0.54706
sRNA186	Gene128	0.56241
sRNA248	Gene1628	0.47304
sRNA144	Gene122	0.52458
sRNA214	Gene1200	0.541
sRNA171	Gene2595	0.5185
sRNA222	Gene2575	0.46089
sRNA37	Gene418	0.63242
sRNA86	Gene305	0.55611
sRNA140	Gene1122	0.50316
sRNA56	Gene424	0.49459
sRNA104	Gene1176	0.52587
sRNA274	Gene2166	0.4814
sRNA39	Gene700	0.58225
sRNA87	Gene1869	0.54202
sRNA233	Gene2277	0.58244
sRNA74	Gene1045	0.48141
sRNA8	Gene2671	0.47715
sRNA3	Gene1596	0.54152
sRNA145	Gene2283	0.47163
sRNA85	Gene680	0.50583
sRNA52	Gene1847	0.5366
sRNA66	Gene1331	0.47729
sRNA9	Gene1332	0.45669
sRNA106	Gene206	0.47314
sRNA256	Gene23	0.48295
sRNA219	Gene1648	0.46669
sRNA100	Gene812	0.59132
sRNA117	Gene266	0.56923
sRNA278	Gene1505	0.52381
sRNA149	Gene2283	0.47684
sRNA75	Gene2750	0.527
sRNA28	Gene1820	0.49982
sRNA80	Gene1632	0.50687
sRNA95	Gene2663	0.57592
sRNA43	Gene2088	0.45209
sRNA106	Gene2191	0.52339
sRNA14	Gene532	0.56314
sRNA46	Gene1616	0.53356
sRNA143	Gene371	0.54338
sRNA113	Gene1263	0.51889
sRNA148	Gene486	0.57063
sRNA84	Gene1605	0.47892
sRNA294	Gene510	0.4726
sRNA239	Gene111	0.49369
sRNA24	Gene894	0.45571
sRNA70	Gene1363	0.51349
sRNA194	Gene552	0.58055
sRNA19	Gene2640	0.56482
sRNA234	Gene1571	0.58056
sRNA276	Gene2007	0.52292
sRNA244	Gene1539	0.5023
sRNA190	Gene2324	0.52687
sRNA133	Gene1331	0.523
sRNA9	Gene735	0.59078
sRNA235	Gene1053	0.56145
sRNA51	Gene686	0.57985
sRNA76	Gene1866	0.48331
sRNA154	Gene389	0.52286
sRNA161	Gene179	0.54381
sRNA11	Gene1971	0.55345
sRNA65	Gene1788	0.51403
sRNA172	Gene1177	0.55124
sRNA54	Gene199	0.48064
sRNA195	Gene1598	0.51873
sRNA180	Gene1708	0.50983
sRNA50	Gene1362	0.49019
sRNA112	Gene2725	0.56804
sRNA207	Gene2432	0.53012
sRNA4	Gene1442	0.46006
sRNA266	Gene2263	0.45373
sRNA243	Gene2443	0.52702
sRNA262	Gene1952	0.52395
sRNA96	Gene2729	0.47492
sRNA61	Gene2154	0.54111
sRNA42	Gene2216	0.5467
sRNA184	Gene12	0.46417
sRNA134	Gene228	0.53842
sRNA108	Gene2650	0.52143
sRNA140	Gene2684	0.57025
sRNA199	Gene1890	0.55903
sRNA189	Gene2277	0.49714
sRNA50	Gene150	0.50338
sRNA161	Gene175	0.57522
sRNA12	Gene2398	0.58195
sRNA232	Gene2021	0.45665
sRNA20	Gene2737	0.53847
sRNA62	Gene996	0.52862
sRNA215	Gene2426	0.51113
sRNA113	Gene1041	0.53502
sRNA168	Gene2684	0.49744
sRNA21	Gene2269	0.54392
sRNA112	Gene1661	0.55771
sRNA220	Gene1594	0.57742
sRNA131	Gene375	0.56968
sRNA61	Gene1714	0.52463
sRNA232	Gene1210	0.47839
sRNA101	Gene125	0.52902
sRNA41	Gene2221	0.55709
sRNA205	Gene716	0.50228
sRNA151	Gene1480	0.56149
sRNA214	Gene920	0.54394
sRNA82	Gene1051	0.55358
sRNA218	Gene84	0.5549
sRNA225	Gene2803	0.4953
sRNA158	Gene1808	0.48809
sRNA49	Gene1009	0.49321
sRNA193	Gene1756	0.48385
sRNA175	Gene2786	0.51535
sRNA28	Gene1965	0.49472
sRNA262	Gene982	0.50664
sRNA51	Gene1316	0.5745
sRNA223	Gene994	0.56121
sRNA134	Gene1239	0.56354
sRNA186	Gene2789	0.56745
sRNA9	Gene869	0.52976
sRNA76	Gene1903	0.58295
sRNA218	Gene1359	0.52421
sRNA233	Gene2063	0.58216
sRNA150	Gene2805	0.52726
sRNA120	Gene1724	0.54892
sRNA278	Gene1770	0.48217
sRNA45	Gene219	0.53328
sRNA154	Gene973	0.55142
sRNA25	Gene968	0.50937
sRNA182	Gene2776	0.51431
sRNA55	Gene2515	0.58034
sRNA89	Gene272	0.51969
sRNA85	Gene2776	0.49799
sRNA204	Gene1362	0.51746
sRNA152	Gene804	0.51938
sRNA197	Gene2037	0.46144
sRNA7	Gene1400	0.56675
sRNA191	Gene217	0.51328
sRNA170	Gene1358	0.51937
sRNA278	Gene2690	0.46582
sRNA129	Gene1804	0.59096
sRNA181	Gene1356	0.57111
sRNA37	Gene1100	0.54692
sRNA150	Gene1713	0.49483
sRNA149	Gene2735	0.47422
sRNA3	Gene642	0.54165
sRNA230	Gene1892	0.48528
sRNA58	Gene1618	0.5202
sRNA222	Gene812	0.55129
sRNA228	Gene1217	0.49644
sRNA156	Gene2375	0.46447
sRNA103	Gene2666	0.44856
sRNA221	Gene2827	0.51467
sRNA43	Gene2835	0.45008
sRNA170	Gene909	0.50753
sRNA122	Gene2096	0.56887
sRNA89	Gene1639	0.51538
sRNA110	Gene1206	0.56112
sRNA84	Gene1033	0.48188
sRNA147	Gene779	0.47671
sRNA4	Gene188	0.47208
sRNA173	Gene2454	0.49091
sRNA50	Gene1602	0.50775
sRNA62	Gene924	0.49521
sRNA117	Gene579	0.55955
sRNA5	Gene2289	0.51427
sRNA239	Gene2353	0.5203
sRNA108	Gene1832	0.53597
sRNA48	Gene745	0.52705
sRNA164	Gene1262	0.49227
sRNA67	Gene2082	0.4836
sRNA206	Gene2750	0.49817
sRNA145	Gene2181	0.53369
sRNA28	Gene2499	0.4762
sRNA91	Gene1242	0.48061
sRNA221	Gene82	0.49526
sRNA135	Gene868	0.51938
sRNA131	Gene1174	0.52925
sRNA235	Gene1020	0.55057
sRNA174	Gene91	0.52439
sRNA204	Gene2280	0.4773
sRNA131	Gene1241	0.518
sRNA124	Gene277	0.50592
sRNA240	Gene1307	0.55368
sRNA66	Gene1163	0.44673
sRNA58	Gene2671	0.45195
sRNA113	Gene809	0.49732
sRNA34	Gene2271	0.46986
sRNA204	Gene2713	0.52466
sRNA85	Gene501	0.51051
sRNA18	Gene990	0.51476
sRNA206	Gene1925	0.49056
sRNA161	Gene480	0.56119
sRNA125	Gene1186	0.5828
sRNA240	Gene1442	0.54736
sRNA175	Gene2448	0.4956
sRNA108	Gene2465	0.51594
sRNA9	Gene2808	0.46365
sRNA185	Gene1224	0.51119
sRNA9	Gene1233	0.48118
sRNA132	Gene2580	0.47408
sRNA89	Gene665	0.51106
sRNA249	Gene673	0.49782
sRNA139	Gene2471	0.51931
sRNA104	Gene1385	0.51162
sRNA238	Gene1356	0.52357
sRNA9	Gene2112	0.50183
sRNA9	Gene1090	0.5274
sRNA194	Gene2436	0.5444
sRNA189	Gene1751	0.49333
sRNA155	Gene346	0.45475
sRNA111	Gene2654	0.49105
sRNA131	Gene1936	0.54428
sRNA233	Gene640	0.57374
sRNA42	Gene235	0.58159
sRNA2	Gene1788	0.48385
sRNA285	Gene1346	0.45548
sRNA155	Gene200	0.50398
sRNA106	Gene765	0.47758
sRNA89	Gene868	0.52027
sRNA18	Gene130	0.48272
sRNA163	Gene613	0.54916
sRNA207	Gene1397	0.53932
sRNA59	Gene1696	0.52107
sRNA243	Gene592	0.52656
sRNA124	Gene35	0.56046
sRNA50	Gene2851	0.48804
sRNA97	Gene2507	0.50885
sRNA183	Gene2662	0.54616
sRNA208	Gene251	0.53981
sRNA34	Gene983	0.44751
sRNA83	Gene709	0.52495
sRNA210	Gene1874	0.51546
sRNA9	Gene2511	0.53527
sRNA188	Gene466	0.51126
sRNA78	Gene425	0.49428
sRNA48	Gene1663	0.51218
sRNA203	Gene1436	0.50065
sRNA78	Gene2206	0.52015
sRNA90	Gene1747	0.52209
sRNA194	Gene610	0.58682
sRNA139	Gene1718	0.47782
sRNA289	Gene2009	0.55338
sRNA175	Gene2371	0.54077
sRNA261	Gene820	0.53147
sRNA189	Gene125	0.49525
sRNA188	Gene536	0.52907
sRNA175	Gene1299	0.50665
sRNA9	Gene2193	0.47843
sRNA21	Gene2407	0.55751
sRNA146	Gene1834	0.49798
sRNA127	Gene2762	0.54571
sRNA2	Gene2015	0.45408
sRNA154	Gene397	0.55962
sRNA247	Gene1176	0.46559
sRNA148	Gene1018	0.54826
sRNA111	Gene2744	0.59375
sRNA9	Gene80	0.5168
sRNA178	Gene468	0.55768
sRNA112	Gene876	0.56864
sRNA77	Gene2646	0.57743
sRNA155	Gene260	0.46998
sRNA129	Gene2380	0.57667
sRNA36	Gene617	0.51649
sRNA40	Gene1607	0.5793
sRNA132	Gene1409	0.49283
sRNA61	Gene2161	0.51419
sRNA22	Gene999	0.53156
sRNA224	Gene403	0.52304
sRNA4	Gene1519	0.44648
sRNA181	Gene2721	0.56446
sRNA111	Gene63	0.60183
sRNA183	Gene2387	0.55178
sRNA188	Gene310	0.53951
sRNA50	Gene2548	0.50266
sRNA147	Gene322	0.51699
sRNA144	Gene2802	0.50967
sRNA227	Gene174	0.55597
sRNA116	Gene1083	0.54568
sRNA140	Gene1871	0.52353
sRNA304	Gene394	0.47196
sRNA125	Gene2485	0.60295
sRNA11	Gene1950	0.51906
sRNA221	Gene2284	0.53618
sRNA175	Gene1930	0.51674
sRNA209	Gene1248	0.49099
sRNA30	Gene518	0.48069
sRNA70	Gene1666	0.49945
sRNA108	Gene2863	0.48991
sRNA225	Gene1742	0.55563
sRNA69	Gene727	0.48681
sRNA278	Gene292	0.4709
sRNA20	Gene2613	0.58677
sRNA19	Gene2182	0.5492
sRNA151	Gene1067	0.5905
sRNA187	Gene183	0.53608
sRNA29	Gene1410	0.56425
sRNA177	Gene2647	0.57916
sRNA260	Gene2027	0.45458
sRNA125	Gene2080	0.49153
sRNA134	Gene693	0.59498
sRNA196	Gene346	0.44709
sRNA227	Gene1534	0.51976
sRNA213	Gene1763	0.52109
sRNA9	Gene124	0.45252
sRNA233	Gene1307	0.50067
sRNA46	Gene88	0.57773
sRNA188	Gene163	0.5264
sRNA107	Gene591	0.53931
sRNA90	Gene2413	0.51323
sRNA7	Gene1752	0.55513
sRNA100	Gene1394	0.57794
sRNA68	Gene1802	0.50629
sRNA233	Gene1574	0.5792
sRNA200	Gene2673	0.45868
sRNA153	Gene1574	0.55084
sRNA160	Gene2394	0.54469
sRNA247	Gene561	0.52014
sRNA227	Gene1830	0.57827
sRNA229	Gene2179	0.53864
sRNA51	Gene2518	0.53905
sRNA266	Gene1147	0.47315
sRNA235	Gene2582	0.53544
sRNA34	Gene830	0.47851
sRNA257	Gene2233	0.51955
sRNA14	Gene2707	0.54116
sRNA204	Gene2069	0.47002
sRNA18	Gene1677	0.52793
sRNA163	Gene1244	0.55384
sRNA112	Gene1189	0.5716
sRNA173	Gene316	0.50459
sRNA265	Gene358	0.44919
sRNA50	Gene314	0.58787
sRNA89	Gene326	0.51704
sRNA114	Gene2198	0.53656
sRNA20	Gene2706	0.58926
sRNA136	Gene2502	0.52465
sRNA58	Gene1056	0.5674
sRNA217	Gene2145	0.48464
sRNA173	Gene427	0.46045
sRNA148	Gene1168	0.50961
sRNA173	Gene600	0.48484
sRNA259	Gene2575	0.45204
sRNA4	Gene1593	0.46387
sRNA150	Gene1628	0.48285
sRNA181	Gene957	0.51852
sRNA89	Gene966	0.52194
sRNA85	Gene64	0.50573
sRNA9	Gene1685	0.52149
sRNA179	Gene831	0.4825
sRNA111	Gene2657	0.54048
sRNA51	Gene53	0.52186
sRNA265	Gene757	0.49578
sRNA103	Gene1250	0.51375
sRNA134	Gene1021	0.60398
sRNA98	Gene805	0.45155
sRNA104	Gene1273	0.48691
sRNA104	Gene1677	0.46946
sRNA48	Gene360	0.63501
sRNA113	Gene1253	0.51409
sRNA259	Gene2851	0.47052
sRNA175	Gene2271	0.51785
sRNA45	Gene2339	0.48634
sRNA61	Gene475	0.55724
sRNA204	Gene347	0.48634
sRNA9	Gene2052	0.48099
sRNA223	Gene1606	0.59775
sRNA50	Gene2013	0.48509
sRNA31	Gene296	0.48058
sRNA18	Gene1763	0.53314
sRNA9	Gene243	0.52224
sRNA35	Gene1860	0.53378
sRNA247	Gene2003	0.46423
sRNA9	Gene1931	0.52489
sRNA276	Gene2559	0.49111
sRNA190	Gene1012	0.55392
sRNA93	Gene1789	0.57135
sRNA1	Gene129	0.54223
sRNA136	Gene2706	0.53226
sRNA50	Gene2618	0.493
sRNA186	Gene2319	0.54055
sRNA9	Gene631	0.49577
sRNA232	Gene1222	0.47893
sRNA186	Gene2301	0.54597
sRNA208	Gene1541	0.48699
sRNA168	Gene2584	0.49774
sRNA100	Gene329	0.55489
sRNA299	Gene1054	0.51184
sRNA32	Gene1232	0.46879
sRNA136	Gene2613	0.52354
sRNA163	Gene2454	0.55044
sRNA251	Gene308	0.48667
sRNA235	Gene2476	0.56976
sRNA209	Gene548	0.54468
sRNA207	Gene1776	0.5571
sRNA69	Gene2151	0.46247
sRNA139	Gene2043	0.56908
sRNA45	Gene614	0.55885
sRNA225	Gene2045	0.58498
sRNA148	Gene1705	0.53495
sRNA142	Gene1300	0.47205
sRNA231	Gene901	0.53574
sRNA62	Gene2285	0.51841
sRNA47	Gene1883	0.52915
sRNA5	Gene1283	0.48881
sRNA23	Gene2334	0.48193
sRNA146	Gene596	0.51846
sRNA49	Gene1147	0.50971
sRNA78	Gene2399	0.50215
sRNA50	Gene110	0.50064
sRNA46	Gene2453	0.55976
sRNA7	Gene2081	0.52439
sRNA73	Gene2538	0.46945
sRNA39	Gene325	0.57859
sRNA188	Gene1022	0.56461
sRNA12	Gene1193	0.60266
sRNA51	Gene629	0.57843
sRNA161	Gene2557	0.52812
sRNA162	Gene1150	0.56511
sRNA36	Gene603	0.54482
sRNA5	Gene2500	0.49468
sRNA190	Gene2673	0.55614
sRNA183	Gene362	0.53644
sRNA53	Gene2392	0.4969
sRNA223	Gene1728	0.59309
sRNA16	Gene95	0.52529
sRNA223	Gene89	0.56312
sRNA134	Gene2037	0.53041
sRNA141	Gene251	0.54833
sRNA205	Gene715	0.46086
sRNA48	Gene2596	0.51523
sRNA228	Gene2543	0.48181
sRNA185	Gene1114	0.49936
sRNA199	Gene590	0.53903
sRNA257	Gene625	0.48823
sRNA9	Gene2208	0.59922
sRNA3	Gene190	0.52504
sRNA81	Gene53	0.58077
sRNA29	Gene1280	0.54754
sRNA219	Gene1635	0.45731
sRNA236	Gene1811	0.57118
sRNA96	Gene477	0.5256
sRNA78	Gene809	0.52556
sRNA186	Gene1286	0.59915
sRNA197	Gene1845	0.51376
sRNA28	Gene2444	0.45275
sRNA194	Gene1215	0.5361
sRNA60	Gene348	0.50541
sRNA9	Gene861	0.50368
sRNA135	Gene2339	0.49904
sRNA243	Gene694	0.52874
sRNA139	Gene1960	0.52946
sRNA229	Gene1601	0.5303
sRNA83	Gene2609	0.5418
sRNA65	Gene1299	0.45829
sRNA80	Gene923	0.48682
sRNA98	Gene1210	0.48256
sRNA214	Gene2749	0.54417
sRNA45	Gene1420	0.52398
sRNA218	Gene2497	0.53503
sRNA9	Gene2614	0.48307
sRNA97	Gene2347	0.57562
sRNA200	Gene1415	0.48314
sRNA51	Gene1673	0.54612
sRNA98	Gene11	0.5078
sRNA13	Gene2242	0.4757
sRNA213	Gene72	0.55173
sRNA29	Gene913	0.50944
sRNA67	Gene930	0.49515
sRNA51	Gene668	0.61367
sRNA86	Gene802	0.56635
sRNA205	Gene893	0.49363
sRNA112	Gene1899	0.56412
sRNA105	Gene2540	0.50297
sRNA50	Gene2310	0.4553
sRNA136	Gene1107	0.50673
sRNA231	Gene1376	0.5555
sRNA225	Gene2555	0.56802
sRNA201	Gene1977	0.47307
sRNA225	Gene2195	0.56191
sRNA108	Gene532	0.55712
sRNA180	Gene2073	0.51657
sRNA197	Gene1361	0.50073
sRNA195	Gene1612	0.4933
sRNA45	Gene1791	0.55482
sRNA160	Gene2487	0.51647
sRNA171	Gene761	0.4964
sRNA289	Gene892	0.51891
sRNA236	Gene1971	0.58484
sRNA233	Gene2146	0.57146
sRNA57	Gene611	0.45176
sRNA148	Gene2332	0.56617
sRNA276	Gene2430	0.5165
sRNA301	Gene1411	0.4743
sRNA78	Gene1626	0.52307
sRNA165	Gene1416	0.46658
sRNA9	Gene2574	0.50355
sRNA249	Gene1020	0.49795
sRNA30	Gene413	0.4973
sRNA92	Gene1525	0.49901
sRNA112	Gene968	0.56594
sRNA64	Gene1993	0.58983
sRNA53	Gene506	0.55649
sRNA167	Gene1333	0.52076
sRNA35	Gene982	0.50726
sRNA231	Gene1660	0.51751
sRNA231	Gene1162	0.4974
sRNA39	Gene2401	0.55701
sRNA51	Gene1325	0.56746
sRNA104	Gene385	0.54203
sRNA81	Gene1252	0.54207
sRNA231	Gene2381	0.54675
sRNA114	Gene549	0.52858
sRNA134	Gene1319	0.55356
sRNA210	Gene457	0.52536
sRNA212	Gene1964	0.5423
sRNA216	Gene1880	0.5022
sRNA207	Gene2734	0.53046
sRNA50	Gene2555	0.49471
sRNA210	Gene1488	0.52487
sRNA222	Gene1774	0.47903
sRNA280	Gene601	0.52435
sRNA83	Gene2187	0.51896
sRNA264	Gene1124	0.51978
sRNA41	Gene98	0.52438
sRNA165	Gene298	0.47351
sRNA169	Gene2061	0.55714
sRNA20	Gene951	0.57872
sRNA152	Gene1033	0.4684
sRNA26	Gene2009	0.52328
sRNA118	Gene1912	0.51357
sRNA265	Gene2303	0.47724
sRNA203	Gene1162	0.5535
sRNA252	Gene1876	0.44848
sRNA205	Gene2069	0.47394
sRNA52	Gene2642	0.55084
sRNA89	Gene2299	0.55227
sRNA178	Gene1287	0.52377
sRNA178	Gene1946	0.5455
sRNA150	Gene679	0.49086
sRNA247	Gene1040	0.46842
sRNA65	Gene970	0.58533
sRNA198	Gene2544	0.4557
sRNA159	Gene1277	0.54122
sRNA202	Gene2750	0.49705
sRNA176	Gene2196	0.56067
sRNA27	Gene221	0.50233
sRNA52	Gene844	0.56837
sRNA145	Gene1890	0.58534
sRNA104	Gene2822	0.51592
sRNA189	Gene1477	0.48714
sRNA116	Gene904	0.5707
sRNA193	Gene581	0.48017
sRNA205	Gene612	0.45416
sRNA21	Gene1468	0.53654
sRNA86	Gene523	0.6128
sRNA150	Gene822	0.50815
sRNA4	Gene425	0.45812
sRNA118	Gene1196	0.53113
sRNA13	Gene1347	0.48277
sRNA219	Gene536	0.54096
sRNA131	Gene903	0.55963
sRNA259	Gene1395	0.46043
sRNA231	Gene358	0.50447
sRNA168	Gene234	0.50453
sRNA49	Gene2267	0.52364
sRNA50	Gene988	0.5923
sRNA50	Gene597	0.51641
sRNA234	Gene2488	0.5545
sRNA49	Gene1130	0.54931
sRNA278	Gene2741	0.46135
sRNA243	Gene1634	0.55743
sRNA25	Gene1277	0.51662
sRNA224	Gene2192	0.578
sRNA176	Gene2672	0.53478
sRNA105	Gene444	0.48737
sRNA191	Gene2311	0.55801
sRNA181	Gene2373	0.52457
sRNA31	Gene687	0.4752
sRNA9	Gene324	0.53642
sRNA250	Gene2284	0.46608
sRNA9	Gene495	0.5019
sRNA162	Gene753	0.5538
sRNA50	Gene2058	0.49591
sRNA93	Gene1711	0.58331
sRNA77	Gene2642	0.56138
sRNA124	Gene2160	0.57988
sRNA129	Gene1912	0.58984
sRNA11	Gene1131	0.5215
sRNA9	Gene2077	0.50394
sRNA264	Gene589	0.52602
sRNA183	Gene2374	0.50103
sRNA240	Gene2524	0.51793
sRNA79	Gene150	0.53959
sRNA48	Gene924	0.57316
sRNA181	Gene2478	0.58524
sRNA101	Gene307	0.5439
sRNA73	Gene1935	0.45409
sRNA32	Gene2801	0.47315
sRNA214	Gene1504	0.55122
sRNA199	Gene410	0.5015
sRNA124	Gene1791	0.56637
sRNA205	Gene377	0.53032
sRNA3	Gene1387	0.48064
sRNA96	Gene154	0.50819
sRNA214	Gene2250	0.54174
sRNA160	Gene2020	0.52407
sRNA216	Gene1771	0.48099
sRNA9	Gene2770	0.54494
sRNA50	Gene2644	0.55513
sRNA124	Gene2138	0.55863
sRNA85	Gene1917	0.52089
sRNA112	Gene2716	0.54708
sRNA33	Gene1205	0.55989
sRNA50	Gene2427	0.51175
sRNA249	Gene346	0.48401
sRNA136	Gene360	0.48626
sRNA233	Gene1929	0.57318
sRNA253	Gene2759	0.50256
sRNA91	Gene1215	0.48991
sRNA197	Gene961	0.57149
sRNA187	Gene1124	0.53955
sRNA201	Gene2750	0.51062
sRNA45	Gene755	0.59253
sRNA126	Gene1311	0.53875
sRNA118	Gene821	0.51057
sRNA68	Gene1594	0.47704
sRNA95	Gene1763	0.54723
sRNA9	Gene246	0.46839
sRNA257	Gene717	0.53801
sRNA34	Gene2838	0.49091
sRNA163	Gene1953	0.51884
sRNA150	Gene801	0.45496
sRNA265	Gene869	0.54112
sRNA96	Gene715	0.51911
sRNA218	Gene2235	0.57419
sRNA133	Gene2707	0.53085
sRNA123	Gene620	0.47426
sRNA144	Gene877	0.52889
sRNA212	Gene2640	0.5402
sRNA174	Gene1303	0.50216
sRNA113	Gene1766	0.47585
sRNA60	Gene2506	0.55826
sRNA151	Gene2042	0.54703
sRNA201	Gene2407	0.52769
sRNA82	Gene818	0.54626
sRNA125	Gene1678	0.58956
sRNA55	Gene765	0.54296
sRNA50	Gene1465	0.49785
sRNA259	Gene2808	0.48523
sRNA273	Gene1160	0.49712
sRNA9	Gene1815	0.55382
sRNA159	Gene1259	0.55723
sRNA50	Gene1482	0.51683
sRNA103	Gene2386	0.5322
sRNA252	Gene2558	0.46031
sRNA291	Gene208	0.47199
sRNA166	Gene2348	0.49646
sRNA87	Gene938	0.55161
sRNA145	Gene2665	0.56948
sRNA136	Gene121	0.51868
sRNA122	Gene2396	0.50384
sRNA83	Gene71	0.51571
sRNA108	Gene1798	0.54253
sRNA6	Gene1860	0.49478
sRNA49	Gene2239	0.54227
sRNA156	Gene1274	0.48967
sRNA109	Gene1915	0.56109
sRNA98	Gene612	0.48324
sRNA221	Gene2628	0.56553
sRNA112	Gene494	0.57603
sRNA225	Gene815	0.52763
sRNA26	Gene2238	0.48459
sRNA162	Gene2532	0.55165
sRNA113	Gene104	0.50065
sRNA111	Gene844	0.54567
sRNA70	Gene2746	0.57095
sRNA9	Gene878	0.56162
sRNA169	Gene1279	0.53799
sRNA201	Gene1241	0.48914
sRNA289	Gene1422	0.50504
sRNA9	Gene1664	0.4768
sRNA201	Gene1976	0.51329
sRNA236	Gene2634	0.55097
sRNA30	Gene1540	0.49222
sRNA89	Gene1465	0.54015
sRNA252	Gene376	0.45691
sRNA209	Gene1881	0.51489
sRNA249	Gene1227	0.48475
sRNA65	Gene594	0.57949
sRNA126	Gene1733	0.50785
sRNA139	Gene2627	0.49675
sRNA113	Gene1629	0.51923
sRNA230	Gene1130	0.49338
sRNA68	Gene1459	0.48448
sRNA80	Gene1250	0.4696
sRNA148	Gene1326	0.48747
sRNA45	Gene1634	0.53225
sRNA41	Gene1796	0.51951
sRNA149	Gene2195	0.49158
sRNA268	Gene834	0.49876
sRNA164	Gene1424	0.49838
sRNA179	Gene2253	0.46952
sRNA44	Gene1010	0.51592
sRNA39	Gene2394	0.57193
sRNA9	Gene128	0.53143
sRNA173	Gene629	0.47674
sRNA131	Gene484	0.59566
sRNA278	Gene2837	0.4466
sRNA124	Gene740	0.51174
sRNA81	Gene2664	0.48994
sRNA209	Gene1404	0.52261
sRNA11	Gene880	0.52547
sRNA55	Gene117	0.56801
sRNA151	Gene2667	0.49848
sRNA180	Gene1884	0.52898
sRNA258	Gene421	0.49362
sRNA65	Gene2800	0.53691
sRNA69	Gene2053	0.48308
sRNA128	Gene673	0.57931
sRNA12	Gene1878	0.52077
sRNA2	Gene776	0.55369
sRNA146	Gene119	0.5545
sRNA163	Gene2578	0.53964
sRNA3	Gene1245	0.4962
sRNA148	Gene2347	0.55252
sRNA38	Gene2015	0.61978
sRNA169	Gene2478	0.56811
sRNA90	Gene150	0.54561
sRNA129	Gene2179	0.58107
sRNA166	Gene797	0.50155
sRNA36	Gene621	0.47337
sRNA100	Gene1736	0.54046
sRNA47	Gene2485	0.58222
sRNA84	Gene767	0.59448
sRNA4	Gene1409	0.45494
sRNA205	Gene1988	0.48917
sRNA104	Gene2645	0.55006
sRNA50	Gene1826	0.49741
sRNA125	Gene342	0.54682
sRNA106	Gene1061	0.52456
sRNA96	Gene1200	0.50549
sRNA83	Gene599	0.52405
sRNA9	Gene1666	0.48103
sRNA259	Gene1988	0.46157
sRNA149	Gene304	0.51204
sRNA71	Gene318	0.57371
sRNA220	Gene2326	0.54746
sRNA135	Gene1610	0.51161
sRNA15	Gene2023	0.52603
sRNA93	Gene2521	0.50241
sRNA7	Gene2015	0.52022
sRNA3	Gene1614	0.50502
sRNA84	Gene2021	0.51534
sRNA67	Gene1159	0.54815
sRNA55	Gene233	0.55252
sRNA48	Gene1710	0.53034
sRNA152	Gene2194	0.49562
sRNA188	Gene1704	0.50845
sRNA92	Gene2093	0.51103
sRNA218	Gene902	0.54556
sRNA233	Gene1302	0.59805
sRNA156	Gene908	0.46324
sRNA263	Gene529	0.49134
sRNA158	Gene2455	0.5468
sRNA50	Gene246	0.50434
sRNA14	Gene1260	0.49592
sRNA163	Gene1159	0.56584
sRNA108	Gene2862	0.50717
sRNA207	Gene2509	0.59587
sRNA47	Gene1003	0.59691
sRNA9	Gene677	0.4715
sRNA3	Gene2841	0.48162
sRNA249	Gene657	0.4761
sRNA159	Gene2644	0.52197
sRNA37	Gene1633	0.55037
sRNA248	Gene99	0.46016
sRNA85	Gene588	0.47792
sRNA100	Gene326	0.59626
sRNA180	Gene319	0.52053
sRNA247	Gene2069	0.48896
sRNA56	Gene1196	0.45777
sRNA291	Gene2647	0.49748
sRNA202	Gene2153	0.52733
sRNA137	Gene2558	0.45439
sRNA68	Gene68	0.45903
sRNA140	Gene1970	0.53281
sRNA57	Gene2158	0.47222
sRNA189	Gene1558	0.52969
sRNA37	Gene1465	0.51754
sRNA142	Gene2390	0.55825
sRNA106	Gene1500	0.45981
sRNA169	Gene498	0.50865
sRNA153	Gene282	0.5116
sRNA139	Gene1258	0.50886
sRNA50	Gene2684	0.54372
sRNA96	Gene2561	0.49087
sRNA174	Gene1782	0.50975
sRNA257	Gene1414	0.50863
sRNA233	Gene1828	0.54636
sRNA267	Gene2543	0.46058
sRNA285	Gene575	0.4599
sRNA5	Gene1081	0.59795
sRNA76	Gene2567	0.5477
sRNA274	Gene1113	0.51344
sRNA190	Gene2817	0.55767
sRNA152	Gene1892	0.47831
sRNA176	Gene1773	0.5561
sRNA190	Gene2544	0.50995
sRNA49	Gene2340	0.55702
sRNA131	Gene231	0.52634
sRNA235	Gene2793	0.58151
sRNA96	Gene1701	0.48924
sRNA158	Gene1695	0.50706
sRNA43	Gene2829	0.49336
sRNA151	Gene1144	0.54706
sRNA50	Gene2300	0.45337
sRNA247	Gene1152	0.46557
sRNA207	Gene1606	0.50667
sRNA229	Gene1347	0.53057
sRNA166	Gene1512	0.46874
sRNA208	Gene1812	0.50634
sRNA231	Gene1902	0.55846
sRNA127	Gene1520	0.55639
sRNA103	Gene1629	0.50562
sRNA122	Gene1018	0.53716
sRNA173	Gene958	0.47706
sRNA186	Gene2331	0.51866
sRNA273	Gene2491	0.46898
sRNA151	Gene2319	0.53304
sRNA198	Gene1890	0.45225
sRNA50	Gene143	0.51785
sRNA140	Gene2251	0.52473
sRNA200	Gene610	0.47121
sRNA273	Gene592	0.48778
sRNA189	Gene1383	0.48221
sRNA32	Gene2091	0.49185
sRNA209	Gene88	0.50869
sRNA134	Gene2818	0.54569
sRNA112	Gene2308	0.555
sRNA168	Gene2479	0.4864
sRNA175	Gene774	0.51261
sRNA257	Gene247	0.525
sRNA18	Gene2110	0.47694
sRNA80	Gene866	0.49778
sRNA47	Gene739	0.49575
sRNA12	Gene808	0.56216
sRNA193	Gene199	0.47972
sRNA161	Gene2448	0.55411
sRNA124	Gene801	0.52698
sRNA222	Gene66	0.47593
sRNA35	Gene2776	0.4965
sRNA193	Gene412	0.48501
sRNA212	Gene409	0.56755
sRNA32	Gene2554	0.45776
sRNA153	Gene1431	0.53309
sRNA136	Gene1609	0.5381
sRNA114	Gene2054	0.54365
sRNA244	Gene903	0.5121
sRNA9	Gene105	0.4781
sRNA76	Gene273	0.54665
sRNA97	Gene462	0.58634
sRNA278	Gene500	0.46965
sRNA192	Gene1148	0.53581
sRNA124	Gene2530	0.5474
sRNA27	Gene183	0.47166
sRNA81	Gene2310	0.51562
sRNA120	Gene2854	0.56415
sRNA67	Gene779	0.56603
sRNA252	Gene998	0.45784
sRNA38	Gene1117	0.59103
sRNA36	Gene2367	0.51216
sRNA81	Gene2081	0.51428
sRNA131	Gene852	0.57051
sRNA209	Gene499	0.58619
sRNA9	Gene2637	0.53703
sRNA125	Gene1154	0.57176
sRNA220	Gene2467	0.52407
sRNA59	Gene1319	0.52528
sRNA139	Gene2451	0.53105
sRNA9	Gene1031	0.50296
sRNA151	Gene716	0.57267
sRNA204	Gene1544	0.54658
sRNA240	Gene1461	0.55099
sRNA130	Gene598	0.53044
sRNA81	Gene2341	0.51588
sRNA18	Gene854	0.57037
sRNA109	Gene1882	0.52234
sRNA9	Gene2063	0.54362
sRNA112	Gene512	0.56339
sRNA127	Gene1342	0.54796
sRNA35	Gene895	0.51409
sRNA89	Gene1040	0.53126
sRNA196	Gene873	0.45616
sRNA235	Gene1189	0.52867
sRNA67	Gene2387	0.53756
sRNA41	Gene2530	0.53673
sRNA45	Gene1398	0.52876
sRNA9	Gene387	0.45067
sRNA245	Gene649	0.54625
sRNA257	Gene776	0.53318
sRNA254	Gene2558	0.4596
sRNA57	Gene1823	0.49512
sRNA25	Gene2364	0.5604
sRNA229	Gene146	0.52155
sRNA189	Gene374	0.47604
sRNA132	Gene1895	0.49254
sRNA175	Gene2833	0.52835
sRNA71	Gene860	0.56603
sRNA9	Gene558	0.52423
sRNA87	Gene1749	0.53294
sRNA276	Gene2162	0.53084
sRNA17	Gene590	0.53753
sRNA131	Gene379	0.5144
sRNA169	Gene1483	0.54349
sRNA50	Gene2154	0.55311
sRNA9	Gene1687	0.50379
sRNA72	Gene1056	0.55251
sRNA104	Gene602	0.52319
sRNA116	Gene369	0.50359
sRNA118	Gene1176	0.50306
sRNA174	Gene285	0.49199
sRNA170	Gene328	0.52944
sRNA135	Gene2716	0.52743
sRNA90	Gene2811	0.532
sRNA125	Gene1465	0.46657
sRNA159	Gene1804	0.50874
sRNA249	Gene84	0.52682
sRNA117	Gene209	0.52112
sRNA9	Gene2554	0.46205
sRNA86	Gene2311	0.58674
sRNA237	Gene2541	0.50218
sRNA35	Gene1367	0.55769
sRNA208	Gene1662	0.45428
sRNA6	Gene896	0.48335
sRNA65	Gene2445	0.50892
sRNA128	Gene1898	0.53801
sRNA194	Gene2577	0.53947
sRNA9	Gene2843	0.50373
sRNA194	Gene1099	0.53793
sRNA51	Gene2325	0.54509
sRNA235	Gene1757	0.54855
sRNA62	Gene761	0.53185
sRNA106	Gene2743	0.58926
sRNA81	Gene2159	0.49821
sRNA266	Gene106	0.45026
sRNA37	Gene2638	0.61321
sRNA76	Gene425	0.57601
sRNA204	Gene243	0.50654
sRNA172	Gene1853	0.48783
sRNA82	Gene2200	0.5193
sRNA65	Gene747	0.53218
sRNA112	Gene1566	0.55383
sRNA122	Gene1246	0.54496
sRNA77	Gene1334	0.52516
sRNA183	Gene1036	0.5135
sRNA239	Gene2215	0.52177
sRNA11	Gene46	0.48514
sRNA206	Gene18	0.53206
sRNA175	Gene2553	0.51235
sRNA225	Gene208	0.53526
sRNA176	Gene164	0.53733
sRNA206	Gene1426	0.51295
sRNA31	Gene220	0.47742
sRNA5	Gene1417	0.54222
sRNA59	Gene1019	0.53142
sRNA249	Gene855	0.47718
sRNA179	Gene347	0.44865
sRNA146	Gene1642	0.52115
sRNA50	Gene2514	0.52423
sRNA196	Gene2521	0.46886
sRNA135	Gene1512	0.50943
sRNA199	Gene1516	0.53133
sRNA14	Gene2590	0.53443
sRNA49	Gene2577	0.50438
sRNA87	Gene110	0.57788
sRNA113	Gene1054	0.51123
sRNA213	Gene1012	0.50321
sRNA179	Gene2787	0.49309
sRNA184	Gene516	0.48125
sRNA119	Gene43	0.50644
sRNA81	Gene690	0.51699
sRNA178	Gene1302	0.52914
sRNA44	Gene889	0.51272
sRNA159	Gene1281	0.50266
sRNA15	Gene1413	0.53163
sRNA78	Gene1449	0.53918
sRNA199	Gene1489	0.5542
sRNA243	Gene1358	0.57446
sRNA123	Gene1518	0.54935
sRNA159	Gene475	0.53607
sRNA3	Gene2467	0.53794
sRNA181	Gene993	0.58972
sRNA140	Gene1186	0.5747
sRNA203	Gene1933	0.51453
sRNA145	Gene369	0.54586
sRNA131	Gene151	0.54645
sRNA151	Gene2027	0.49067
sRNA226	Gene2465	0.54475
sRNA237	Gene727	0.51331
sRNA50	Gene2759	0.5161
sRNA226	Gene1234	0.53657
sRNA322	Gene1643	0.48887
sRNA99	Gene235	0.49329
sRNA49	Gene502	0.52116
sRNA124	Gene1947	0.55061
sRNA233	Gene1587	0.55272
sRNA134	Gene2166	0.54944
sRNA228	Gene80	0.48312
sRNA156	Gene524	0.52137
sRNA113	Gene2099	0.50457
sRNA55	Gene1734	0.51571
sRNA128	Gene641	0.56636
sRNA169	Gene967	0.54186
sRNA146	Gene1479	0.48751
sRNA86	Gene650	0.59908
sRNA124	Gene2606	0.58066
sRNA10	Gene1051	0.57511
sRNA9	Gene2508	0.56563
sRNA173	Gene2039	0.57903
sRNA220	Gene711	0.55723
sRNA183	Gene2543	0.47143
sRNA133	Gene1760	0.51997
sRNA167	Gene177	0.55511
sRNA30	Gene2597	0.46345
sRNA73	Gene238	0.49164
sRNA42	Gene2260	0.52277
sRNA8	Gene2345	0.4952
sRNA199	Gene1791	0.57295
sRNA9	Gene1819	0.56627
sRNA169	Gene1956	0.51628
sRNA216	Gene660	0.53611
sRNA7	Gene1335	0.53777
sRNA244	Gene1200	0.54549
sRNA57	Gene673	0.47416
sRNA132	Gene1798	0.48743
sRNA266	Gene134	0.48484
sRNA146	Gene252	0.53956
sRNA244	Gene664	0.55486
sRNA49	Gene59	0.54915
sRNA166	Gene2283	0.46821
sRNA123	Gene1365	0.46886
sRNA173	Gene2449	0.53226
sRNA60	Gene912	0.46681
sRNA92	Gene2580	0.48592
sRNA45	Gene2590	0.45526
sRNA285	Gene1678	0.44827
sRNA238	Gene1303	0.44843
sRNA189	Gene2167	0.50238
sRNA236	Gene946	0.54892
sRNA225	Gene2409	0.55208
sRNA118	Gene2468	0.50571
sRNA9	Gene592	0.55983
sRNA263	Gene855	0.48886
sRNA2	Gene558	0.5581
sRNA174	Gene1511	0.51956
sRNA133	Gene319	0.54008
sRNA207	Gene1208	0.5761
sRNA249	Gene2473	0.51638
sRNA68	Gene774	0.57808
sRNA147	Gene323	0.53159
sRNA218	Gene2098	0.51565
sRNA116	Gene2707	0.55032
sRNA243	Gene1504	0.53588
sRNA17	Gene2481	0.55948
sRNA251	Gene2190	0.49095
sRNA224	Gene1585	0.59035
sRNA241	Gene175	0.5426
sRNA207	Gene2121	0.57014
sRNA21	Gene643	0.61123
sRNA58	Gene832	0.57095
sRNA225	Gene1870	0.56615
sRNA116	Gene2137	0.52788
sRNA63	Gene242	0.49513
sRNA234	Gene815	0.56654
sRNA212	Gene2668	0.53373
sRNA213	Gene2665	0.49335
sRNA9	Gene43	0.4719
sRNA12	Gene670	0.57786
sRNA50	Gene1566	0.57057
sRNA93	Gene1573	0.51842
sRNA202	Gene489	0.51108
sRNA108	Gene1741	0.58529
sRNA9	Gene1970	0.52446
sRNA110	Gene1795	0.53962
sRNA101	Gene46	0.49372
sRNA141	Gene1587	0.5405
sRNA50	Gene2095	0.54718
sRNA22	Gene1289	0.47004
sRNA127	Gene362	0.53011
sRNA250	Gene1283	0.48469
sRNA140	Gene2020	0.52911
sRNA96	Gene1008	0.52403
sRNA285	Gene2646	0.47656
sRNA175	Gene1534	0.51783
sRNA155	Gene1690	0.47429
sRNA50	Gene2103	0.50729
sRNA213	Gene2718	0.52011
sRNA193	Gene495	0.49936
sRNA105	Gene2855	0.49421
sRNA105	Gene164	0.50587
sRNA229	Gene1589	0.52696
sRNA169	Gene2329	0.56859
sRNA72	Gene2223	0.52634
sRNA63	Gene1018	0.50494
sRNA162	Gene1850	0.56452
sRNA30	Gene1298	0.54178
sRNA50	Gene369	0.51603
sRNA131	Gene645	0.51839
sRNA34	Gene2472	0.47619
sRNA19	Gene1616	0.52579
sRNA253	Gene2153	0.51067
sRNA163	Gene966	0.54617
sRNA86	Gene1504	0.57986
sRNA176	Gene1306	0.46869
sRNA76	Gene128	0.53646
sRNA243	Gene2500	0.57875
sRNA242	Gene2459	0.52217
sRNA58	Gene2475	0.52995
sRNA208	Gene2608	0.46712
sRNA9	Gene2374	0.48583
sRNA108	Gene1376	0.5175
sRNA111	Gene1768	0.56289
sRNA244	Gene2588	0.51335
sRNA51	Gene83	0.54836
sRNA120	Gene1339	0.58427
sRNA204	Gene1464	0.492
sRNA193	Gene1650	0.48744
sRNA206	Gene298	0.54304
sRNA186	Gene2637	0.57349
sRNA259	Gene2293	0.45949
sRNA234	Gene1029	0.60136
sRNA113	Gene1333	0.51093
sRNA89	Gene1936	0.5031
sRNA77	Gene2446	0.55754
sRNA178	Gene283	0.50422
sRNA96	Gene2351	0.51076
sRNA257	Gene1679	0.5146
sRNA121	Gene32	0.4686
sRNA292	Gene567	0.4744
sRNA107	Gene1988	0.49985
sRNA26	Gene1671	0.48809
sRNA86	Gene1650	0.58665
sRNA233	Gene2380	0.59929
sRNA188	Gene212	0.52359
sRNA150	Gene1438	0.59326
sRNA274	Gene379	0.47309
sRNA20	Gene368	0.54374
sRNA150	Gene1915	0.55886
sRNA49	Gene2818	0.5529
sRNA25	Gene1856	0.5527
sRNA186	Gene2770	0.5723
sRNA204	Gene814	0.48631
sRNA1	Gene1023	0.48038
sRNA50	Gene2037	0.53014
sRNA168	Gene1697	0.50592
sRNA188	Gene1660	0.51248
sRNA165	Gene773	0.48986
sRNA164	Gene2199	0.5261
sRNA108	Gene450	0.53022
sRNA164	Gene56	0.499
sRNA95	Gene1287	0.55881
sRNA50	Gene575	0.58149
sRNA104	Gene1764	0.46263
sRNA124	Gene851	0.55294
sRNA134	Gene797	0.52331
sRNA192	Gene1911	0.49631
sRNA122	Gene240	0.51823
sRNA12	Gene1285	0.59193
sRNA208	Gene2597	0.52115
sRNA204	Gene1439	0.53261
sRNA273	Gene2765	0.4955
sRNA135	Gene1788	0.49882
sRNA183	Gene2358	0.53248
sRNA17	Gene953	0.50598
sRNA120	Gene2091	0.54569
sRNA74	Gene627	0.50829
sRNA83	Gene2722	0.51365
sRNA9	Gene1458	0.47197
sRNA204	Gene2146	0.52429
sRNA278	Gene107	0.56263
sRNA135	Gene1164	0.52046
sRNA37	Gene1740	0.51627
sRNA13	Gene2828	0.51415
sRNA12	Gene1758	0.56095
sRNA201	Gene1445	0.49629
sRNA50	Gene1404	0.52655
sRNA117	Gene2295	0.54421
sRNA126	Gene2117	0.51
sRNA226	Gene2256	0.51892
sRNA235	Gene1841	0.61554
sRNA52	Gene1447	0.54172
sRNA50	Gene2476	0.4803
sRNA86	Gene1657	0.57175
sRNA234	Gene2629	0.58698
sRNA41	Gene1045	0.56044
sRNA130	Gene1082	0.5145
sRNA9	Gene415	0.573
sRNA159	Gene2704	0.53523
sRNA156	Gene1380	0.52489
sRNA60	Gene2826	0.51197
sRNA89	Gene2718	0.5404
sRNA189	Gene1522	0.53513
sRNA148	Gene1622	0.51655
sRNA194	Gene2045	0.54971
sRNA26	Gene739	0.52533
sRNA217	Gene2780	0.5118
sRNA95	Gene1334	0.58054
sRNA9	Gene1190	0.52578
sRNA24	Gene896	0.46034
sRNA18	Gene2362	0.49302
sRNA219	Gene1219	0.47144
sRNA189	Gene413	0.51816
sRNA265	Gene641	0.47495
sRNA78	Gene1355	0.52469
sRNA86	Gene2387	0.56476
sRNA202	Gene2273	0.54029
sRNA80	Gene840	0.46786
sRNA179	Gene2395	0.50397
sRNA123	Gene1263	0.46073
sRNA181	Gene1233	0.57149
sRNA148	Gene319	0.58037
sRNA177	Gene2282	0.57663
sRNA169	Gene76	0.51359
sRNA159	Gene589	0.53743
sRNA162	Gene1995	0.5231
sRNA9	Gene1800	0.465
sRNA173	Gene2402	0.49082
sRNA173	Gene2251	0.47185
sRNA47	Gene636	0.53486
sRNA132	Gene281	0.47787
sRNA25	Gene2155	0.50863
sRNA109	Gene1638	0.53116
sRNA142	Gene797	0.47819
sRNA244	Gene1516	0.54989
sRNA193	Gene1183	0.5119
sRNA7	Gene504	0.52003
sRNA50	Gene2328	0.5129
sRNA205	Gene1262	0.49641
sRNA209	Gene2653	0.53773
sRNA88	Gene1201	0.54627
sRNA120	Gene280	0.53237
sRNA235	Gene1083	0.47205
sRNA42	Gene1983	0.5321
sRNA199	Gene1091	0.52302
sRNA276	Gene390	0.49925
sRNA52	Gene415	0.55285
sRNA111	Gene2246	0.55346
sRNA9	Gene1393	0.50374
sRNA139	Gene2373	0.50496
sRNA89	Gene249	0.49296
sRNA35	Gene358	0.51356
sRNA226	Gene1229	0.50853
sRNA278	Gene1410	0.45376
sRNA226	Gene572	0.49662
sRNA146	Gene2193	0.525
sRNA30	Gene1445	0.53711
sRNA75	Gene1625	0.51151
sRNA247	Gene1000	0.48927
sRNA14	Gene2529	0.54827
sRNA219	Gene890	0.55681
sRNA230	Gene1266	0.46428
sRNA239	Gene1737	0.48112
sRNA190	Gene2356	0.52868
sRNA187	Gene2038	0.54562
sRNA144	Gene1645	0.56737
sRNA204	Gene2391	0.50911
sRNA78	Gene1847	0.48686
sRNA273	Gene910	0.4643
sRNA100	Gene2675	0.58721
sRNA160	Gene569	0.57494
sRNA147	Gene450	0.54038
sRNA86	Gene149	0.57618
sRNA262	Gene2403	0.51363
sRNA124	Gene1480	0.56492
sRNA16	Gene1293	0.51764
sRNA222	Gene747	0.50524
sRNA12	Gene2687	0.54349
sRNA237	Gene472	0.50738
sRNA229	Gene2470	0.47373
sRNA9	Gene477	0.48379
sRNA102	Gene2750	0.46133
sRNA239	Gene2251	0.49505
sRNA168	Gene737	0.48357
sRNA234	Gene2040	0.56401
sRNA19	Gene2204	0.56217
sRNA308	Gene296	0.50209
sRNA168	Gene2428	0.49238
sRNA214	Gene2188	0.50709
sRNA9	Gene544	0.49877
sRNA227	Gene578	0.56684
sRNA137	Gene2153	0.4652
sRNA23	Gene960	0.45837
sRNA192	Gene605	0.51714
sRNA108	Gene1840	0.4984
sRNA78	Gene432	0.54776
sRNA289	Gene1033	0.5144
sRNA19	Gene2507	0.58759
sRNA195	Gene2364	0.48555
sRNA208	Gene2062	0.50446
sRNA81	Gene2852	0.53718
sRNA232	Gene1327	0.4787
sRNA72	Gene2845	0.5174
sRNA136	Gene2290	0.53558
sRNA37	Gene1416	0.55259
sRNA186	Gene1753	0.56925
sRNA195	Gene2477	0.44748
sRNA9	Gene1425	0.48956
sRNA205	Gene1976	0.44824
sRNA132	Gene22	0.51842
sRNA96	Gene179	0.51218
sRNA9	Gene1638	0.54799
sRNA201	Gene1799	0.49288
sRNA6	Gene1670	0.47427
sRNA142	Gene1412	0.57505
sRNA92	Gene112	0.53251
sRNA187	Gene2764	0.56761
sRNA149	Gene2728	0.47675
sRNA9	Gene1598	0.54792
sRNA212	Gene228	0.48037
sRNA27	Gene2271	0.48517
sRNA140	Gene1340	0.5212
sRNA215	Gene1638	0.5212
sRNA113	Gene1374	0.53896
sRNA222	Gene1082	0.53226
sRNA239	Gene2741	0.54273
sRNA272	Gene179	0.53937
sRNA179	Gene2465	0.47046
sRNA173	Gene1186	0.48559
sRNA76	Gene3	0.59931
sRNA188	Gene1231	0.54732
sRNA156	Gene2577	0.49034
sRNA73	Gene385	0.5076
sRNA15	Gene2184	0.51584
sRNA188	Gene1475	0.52953
sRNA192	Gene2614	0.49563
sRNA183	Gene484	0.5313
sRNA278	Gene1334	0.48889
sRNA287	Gene129	0.54042
sRNA176	Gene1726	0.57887
sRNA142	Gene270	0.47924
sRNA234	Gene2125	0.53682
sRNA213	Gene2279	0.51971
sRNA204	Gene2843	0.52533
sRNA2	Gene28	0.56968
sRNA232	Gene1396	0.48497
sRNA137	Gene53	0.5093
sRNA79	Gene141	0.52364
sRNA2	Gene1941	0.5034
sRNA73	Gene2047	0.46876
sRNA92	Gene2048	0.51939
sRNA141	Gene842	0.53283
sRNA236	Gene2756	0.61282
sRNA60	Gene2709	0.47444
sRNA9	Gene844	0.53984
sRNA51	Gene1309	0.53096
sRNA71	Gene2215	0.57588
sRNA122	Gene2116	0.47484
sRNA141	Gene2754	0.54124
sRNA60	Gene670	0.50588
sRNA109	Gene408	0.53919
sRNA159	Gene2391	0.53429
sRNA92	Gene607	0.49098
sRNA3	Gene880	0.50497
sRNA9	Gene805	0.48477
sRNA9	Gene1149	0.51149
sRNA124	Gene2176	0.55806
sRNA183	Gene1714	0.49865
sRNA141	Gene2621	0.48916
sRNA93	Gene1817	0.49376
sRNA107	Gene1124	0.51113
sRNA231	Gene353	0.57395
sRNA25	Gene2851	0.56594
sRNA31	Gene921	0.51692
sRNA240	Gene2305	0.48326
sRNA170	Gene2699	0.53129
sRNA82	Gene1040	0.51504
sRNA9	Gene1818	0.48069
sRNA166	Gene1955	0.47776
sRNA89	Gene359	0.52124
sRNA118	Gene2569	0.53149
sRNA198	Gene1351	0.45716
sRNA17	Gene376	0.53836
sRNA171	Gene2118	0.50094
sRNA1	Gene1213	0.4832
sRNA18	Gene1341	0.49524
sRNA15	Gene110	0.51318
sRNA144	Gene934	0.55512
sRNA9	Gene2206	0.52936
sRNA212	Gene350	0.52297
sRNA113	Gene2153	0.49581
sRNA166	Gene1646	0.49581
sRNA130	Gene1996	0.51441
sRNA9	Gene1172	0.57518
sRNA187	Gene1920	0.47338
sRNA3	Gene1374	0.44658
sRNA44	Gene877	0.51156
sRNA3	Gene2077	0.4586
sRNA229	Gene2522	0.54765
sRNA158	Gene1964	0.55906
sRNA227	Gene441	0.51549
sRNA247	Gene2153	0.45378
sRNA189	Gene1280	0.472
sRNA74	Gene898	0.49892
sRNA10	Gene2604	0.56571
sRNA126	Gene2393	0.49486
sRNA147	Gene2337	0.57437
sRNA228	Gene2317	0.48386
sRNA225	Gene1456	0.48706
sRNA219	Gene1788	0.46432
sRNA50	Gene165	0.53534
sRNA222	Gene2568	0.47976
sRNA182	Gene1003	0.5549
sRNA4	Gene1934	0.46712
sRNA246	Gene1031	0.49983
sRNA78	Gene660	0.54569
sRNA120	Gene669	0.52763
sRNA128	Gene1212	0.56456
sRNA9	Gene2766	0.46117
sRNA241	Gene56	0.55787
sRNA248	Gene1219	0.47428
sRNA264	Gene1571	0.5182
sRNA167	Gene2356	0.52857
sRNA247	Gene92	0.47536
sRNA90	Gene753	0.55038
sRNA71	Gene1041	0.57578
sRNA20	Gene2770	0.52207
sRNA82	Gene211	0.55552
sRNA34	Gene1860	0.46584
sRNA145	Gene1211	0.55544
sRNA159	Gene211	0.54956
sRNA163	Gene309	0.52931
sRNA44	Gene2412	0.50526
sRNA243	Gene2796	0.54861
sRNA209	Gene2487	0.56011
sRNA197	Gene2708	0.48486
sRNA82	Gene2845	0.49921
sRNA19	Gene2828	0.58137
sRNA135	Gene1587	0.50883
sRNA83	Gene2374	0.54351
sRNA50	Gene2342	0.45225
sRNA241	Gene55	0.53039
sRNA73	Gene1325	0.4839
sRNA225	Gene2813	0.56008
sRNA173	Gene571	0.48825
sRNA109	Gene709	0.53276
sRNA185	Gene474	0.50513
sRNA35	Gene1880	0.55579
sRNA114	Gene1393	0.55213
sRNA80	Gene1490	0.50403
sRNA237	Gene1447	0.5225
sRNA141	Gene1474	0.50456
sRNA107	Gene1078	0.44567
sRNA116	Gene2757	0.55069
sRNA315	Gene977	0.45733
sRNA82	Gene2000	0.45843
sRNA170	Gene2831	0.51411
sRNA123	Gene237	0.46053
sRNA44	Gene2284	0.49483
sRNA220	Gene2066	0.52276
sRNA151	Gene1312	0.48811
sRNA141	Gene483	0.53993
sRNA230	Gene1617	0.48148
sRNA39	Gene2597	0.57804
sRNA79	Gene1212	0.48053
sRNA190	Gene2657	0.5578
sRNA198	Gene403	0.4586
sRNA139	Gene2137	0.5141
sRNA238	Gene2664	0.49735
sRNA190	Gene116	0.54033
sRNA106	Gene1732	0.51396
sRNA90	Gene1321	0.51431
sRNA199	Gene130	0.58801
sRNA50	Gene978	0.58625
sRNA127	Gene2694	0.55509
sRNA86	Gene2109	0.57248
sRNA74	Gene728	0.52323
sRNA129	Gene582	0.56411
sRNA188	Gene992	0.53451
sRNA42	Gene2850	0.54433
sRNA28	Gene1889	0.47722
sRNA198	Gene309	0.48935
sRNA259	Gene1259	0.46631
sRNA144	Gene874	0.56007
sRNA235	Gene607	0.47417
sRNA21	Gene507	0.55167
sRNA77	Gene2259	0.58138
sRNA9	Gene1389	0.47627
sRNA40	Gene1393	0.51213
sRNA148	Gene689	0.58187
sRNA92	Gene479	0.53738
sRNA162	Gene1383	0.48739
sRNA249	Gene1892	0.46992
sRNA21	Gene623	0.5317
sRNA216	Gene2633	0.50342
sRNA60	Gene1663	0.52093
sRNA51	Gene189	0.58364
sRNA270	Gene2185	0.45552
sRNA131	Gene566	0.57109
sRNA112	Gene1587	0.58739
sRNA275	Gene275	0.47247
sRNA65	Gene459	0.5899
sRNA84	Gene2105	0.46683
sRNA158	Gene2567	0.56404
sRNA231	Gene1901	0.50286
sRNA265	Gene2152	0.54558
sRNA204	Gene253	0.48649
sRNA171	Gene602	0.48373
sRNA225	Gene2551	0.54231
sRNA25	Gene1231	0.52662
sRNA178	Gene1090	0.55966
sRNA9	Gene2497	0.51427
sRNA228	Gene2494	0.4995
sRNA174	Gene1493	0.53101
sRNA114	Gene297	0.53431
sRNA52	Gene824	0.52928
sRNA3	Gene2429	0.4931
sRNA203	Gene1163	0.54318
sRNA195	Gene2452	0.5219
sRNA153	Gene2235	0.5429
sRNA120	Gene977	0.55212
sRNA71	Gene2706	0.54847
sRNA92	Gene1668	0.52094
sRNA44	Gene2826	0.5181
sRNA142	Gene1730	0.54909
sRNA30	Gene933	0.54236
sRNA152	Gene192	0.55417
sRNA71	Gene697	0.56382
sRNA51	Gene154	0.54382
sRNA249	Gene252	0.50332
sRNA64	Gene1192	0.57121
sRNA105	Gene28	0.47009
sRNA146	Gene2607	0.5
sRNA18	Gene1866	0.49886
sRNA136	Gene1631	0.54015
sRNA203	Gene100	0.55822
sRNA9	Gene478	0.5382
sRNA76	Gene149	0.57011
sRNA9	Gene975	0.52962
sRNA261	Gene1179	0.48265
sRNA211	Gene615	0.46881
sRNA9	Gene2684	0.52861
sRNA265	Gene71	0.51164
sRNA65	Gene440	0.54161
sRNA218	Gene2160	0.52464
sRNA212	Gene1102	0.5601
sRNA128	Gene156	0.56089
sRNA88	Gene548	0.52791
sRNA189	Gene2838	0.51187
sRNA195	Gene1933	0.49377
sRNA168	Gene500	0.49224
sRNA80	Gene740	0.51151
sRNA180	Gene1435	0.49175
sRNA260	Gene589	0.53535
sRNA222	Gene487	0.55923
sRNA10	Gene178	0.53875
sRNA127	Gene2501	0.54434
sRNA263	Gene601	0.52306
sRNA119	Gene604	0.52957
sRNA161	Gene2558	0.54396
sRNA124	Gene1003	0.54556
sRNA233	Gene2721	0.57405
sRNA165	Gene1496	0.48508
sRNA219	Gene320	0.49151
sRNA177	Gene1276	0.52513
sRNA258	Gene1630	0.46277
sRNA3	Gene2040	0.52014
sRNA228	Gene326	0.5202
sRNA38	Gene820	0.59249
sRNA87	Gene68	0.52044
sRNA56	Gene1550	0.44954
sRNA46	Gene1270	0.57149
sRNA90	Gene2440	0.53778
sRNA70	Gene60	0.54889
sRNA90	Gene2424	0.54412
sRNA130	Gene645	0.51566
sRNA100	Gene2201	0.54666
sRNA4	Gene2336	0.47679
sRNA20	Gene2841	0.53851
sRNA162	Gene1268	0.53928
sRNA31	Gene971	0.49099
sRNA252	Gene982	0.47041
sRNA266	Gene498	0.47364
sRNA236	Gene88	0.54179
sRNA45	Gene1000	0.5593
sRNA9	Gene2304	0.48031
sRNA12	Gene2037	0.51356
sRNA65	Gene227	0.5686
sRNA95	Gene581	0.52688
sRNA219	Gene2224	0.4689
sRNA55	Gene2761	0.56235
sRNA90	Gene417	0.54011
sRNA198	Gene2833	0.45789
sRNA267	Gene196	0.47501
sRNA126	Gene219	0.53363
sRNA40	Gene900	0.52626
sRNA123	Gene1262	0.50509
sRNA32	Gene693	0.50999
sRNA134	Gene1431	0.54644
sRNA124	Gene1425	0.59666
sRNA203	Gene1188	0.519
sRNA273	Gene697	0.48726
sRNA9	Gene2590	0.46238
sRNA87	Gene588	0.56524
sRNA235	Gene2382	0.55903
sRNA34	Gene133	0.5193
sRNA50	Gene144	0.5001
sRNA232	Gene1617	0.49566
sRNA195	Gene924	0.52433
sRNA178	Gene1656	0.52408
sRNA220	Gene2182	0.55398
sRNA26	Gene2212	0.47764
sRNA178	Gene1156	0.56559
sRNA257	Gene291	0.56153
sRNA174	Gene1458	0.51289
sRNA28	Gene1132	0.47743
sRNA106	Gene2033	0.54188
sRNA58	Gene2804	0.52568
sRNA138	Gene31	0.52604
sRNA48	Gene2204	0.54096
sRNA124	Gene1343	0.51758
sRNA76	Gene949	0.57417
sRNA109	Gene2323	0.50382
sRNA64	Gene1077	0.50701
sRNA213	Gene1416	0.54385
sRNA257	Gene1825	0.5144
sRNA28	Gene977	0.50533
sRNA174	Gene2442	0.4986
sRNA9	Gene822	0.49871
sRNA131	Gene2684	0.54473
sRNA41	Gene1085	0.53728
sRNA81	Gene1755	0.5443
sRNA247	Gene788	0.5039
sRNA53	Gene14	0.55943
sRNA81	Gene2751	0.52005
sRNA47	Gene142	0.53385
sRNA9	Gene1637	0.51457
sRNA22	Gene2156	0.46663
sRNA243	Gene1283	0.55856
sRNA196	Gene2862	0.46941
sRNA9	Gene41	0.52871
sRNA87	Gene1905	0.49401
sRNA142	Gene2718	0.47147
sRNA157	Gene1423	0.54383
sRNA15	Gene2143	0.5465
sRNA76	Gene1001	0.55872
sRNA9	Gene168	0.46929
sRNA134	Gene2371	0.5614
sRNA248	Gene1559	0.46855
sRNA213	Gene1877	0.50658
sRNA135	Gene2164	0.47581
sRNA140	Gene1770	0.57732
sRNA26	Gene1146	0.55475
sRNA43	Gene816	0.49775
sRNA20	Gene197	0.57488
sRNA14	Gene1734	0.49291
sRNA23	Gene1841	0.47868
sRNA230	Gene1789	0.48701
sRNA200	Gene1922	0.48141
sRNA4	Gene882	0.47427
sRNA9	Gene898	0.53906
sRNA226	Gene1245	0.52437
sRNA265	Gene2230	0.46523
sRNA14	Gene1457	0.55882
sRNA287	Gene2322	0.46491
sRNA125	Gene2171	0.58215
sRNA58	Gene2461	0.46559
sRNA178	Gene712	0.53958
sRNA155	Gene2746	0.4995
sRNA9	Gene499	0.58969
sRNA153	Gene2372	0.54013
sRNA112	Gene1813	0.56682
sRNA4	Gene203	0.48351
sRNA141	Gene1316	0.56342
sRNA198	Gene989	0.48252
sRNA78	Gene2817	0.58476
sRNA38	Gene1815	0.58598
sRNA237	Gene2200	0.50449
sRNA47	Gene2625	0.53883
sRNA248	Gene1668	0.4854
sRNA35	Gene225	0.53237
sRNA140	Gene616	0.5174
sRNA67	Gene2173	0.5253
sRNA41	Gene222	0.53943
sRNA154	Gene1812	0.57339
sRNA47	Gene1814	0.50989
sRNA35	Gene2427	0.52712
sRNA9	Gene765	0.554
sRNA242	Gene2012	0.47699
sRNA202	Gene653	0.54044
sRNA116	Gene1755	0.52887
sRNA144	Gene2520	0.56016
sRNA58	Gene902	0.52878
sRNA124	Gene2736	0.56754
sRNA171	Gene526	0.48532
sRNA3	Gene2658	0.48239
sRNA103	Gene1982	0.50223
sRNA98	Gene2863	0.56763
sRNA269	Gene215	0.47024
sRNA162	Gene2083	0.57205
sRNA243	Gene1170	0.56283
sRNA74	Gene208	0.50015
sRNA141	Gene1154	0.52673
sRNA119	Gene2169	0.53938
sRNA132	Gene226	0.53233
sRNA201	Gene883	0.49467
sRNA158	Gene582	0.53934
sRNA247	Gene418	0.47256
sRNA3	Gene1837	0.51824
sRNA9	Gene1947	0.47884
sRNA20	Gene155	0.50436
sRNA171	Gene2333	0.50827
sRNA216	Gene2725	0.50529
sRNA54	Gene1126	0.48897
sRNA122	Gene492	0.53881
sRNA143	Gene2618	0.56743
sRNA29	Gene802	0.52491
sRNA23	Gene2222	0.5107
sRNA188	Gene240	0.55042
sRNA9	Gene1682	0.46587
sRNA12	Gene2362	0.52551
sRNA106	Gene2637	0.54758
sRNA57	Gene2641	0.46548
sRNA176	Gene2633	0.55705
sRNA75	Gene1801	0.5057
sRNA132	Gene2650	0.48488
sRNA205	Gene2840	0.48796
sRNA20	Gene1370	0.53197
sRNA72	Gene2559	0.45221
sRNA162	Gene2538	0.61946
sRNA10	Gene1588	0.53147
sRNA127	Gene1889	0.56075
sRNA49	Gene46	0.55481
sRNA4	Gene1857	0.48373
sRNA12	Gene1100	0.59953
sRNA210	Gene2583	0.46404
sRNA50	Gene2319	0.52674
sRNA172	Gene2784	0.48953
sRNA178	Gene2004	0.58997
sRNA50	Gene149	0.48185
sRNA24	Gene970	0.48714
sRNA187	Gene2415	0.54461
sRNA190	Gene1998	0.54972
sRNA273	Gene631	0.47482
sRNA199	Gene1765	0.55207
sRNA237	Gene686	0.50423
sRNA215	Gene357	0.52473
sRNA50	Gene1635	0.58297
sRNA239	Gene909	0.48125
sRNA238	Gene1161	0.51461
sRNA174	Gene2153	0.51832
sRNA191	Gene2574	0.55852
sRNA209	Gene2537	0.5644
sRNA258	Gene899	0.46083
sRNA44	Gene2595	0.49616
sRNA9	Gene132	0.54238
sRNA152	Gene1625	0.54333
sRNA10	Gene959	0.5505
sRNA6	Gene206	0.49364
sRNA1	Gene985	0.52815
sRNA180	Gene1523	0.484
sRNA181	Gene1444	0.57316
sRNA175	Gene1313	0.5025
sRNA110	Gene221	0.55362
sRNA100	Gene2473	0.552
sRNA97	Gene2443	0.50604
sRNA41	Gene1882	0.50344
sRNA76	Gene678	0.56319
sRNA154	Gene1719	0.57115
sRNA208	Gene2193	0.54115
sRNA78	Gene1696	0.48124
sRNA137	Gene2121	0.49715
sRNA86	Gene2642	0.56933
sRNA128	Gene1084	0.53367
sRNA90	Gene595	0.54635
sRNA9	Gene2405	0.46956
sRNA88	Gene486	0.56072
sRNA134	Gene1758	0.58163
sRNA50	Gene483	0.56348
sRNA130	Gene2708	0.49781
sRNA64	Gene2834	0.55276
sRNA50	Gene2830	0.54769
sRNA158	Gene1302	0.50219
sRNA168	Gene495	0.46722
sRNA3	Gene311	0.46225
sRNA49	Gene2356	0.52895
sRNA137	Gene597	0.50455
sRNA25	Gene681	0.5479
sRNA9	Gene600	0.45849
sRNA273	Gene1058	0.47519
sRNA188	Gene817	0.543
sRNA65	Gene2053	0.49824
sRNA215	Gene788	0.52098
sRNA222	Gene1830	0.51808
sRNA246	Gene2157	0.53947
sRNA210	Gene778	0.50986
sRNA72	Gene293	0.53755
sRNA174	Gene1909	0.49101
sRNA148	Gene2517	0.57017
sRNA93	Gene1826	0.56903
sRNA191	Gene446	0.51561
sRNA165	Gene1489	0.45679
sRNA8	Gene496	0.49736
sRNA124	Gene2474	0.57541
sRNA151	Gene1607	0.54029
sRNA143	Gene2608	0.56191
sRNA181	Gene1308	0.50841
sRNA227	Gene983	0.50078
sRNA227	Gene1668	0.50324
sRNA85	Gene1387	0.49417
sRNA72	Gene1409	0.56896
sRNA9	Gene390	0.57353
sRNA175	Gene368	0.50939
sRNA60	Gene2511	0.54586
sRNA9	Gene496	0.48254
sRNA241	Gene1604	0.56159
sRNA48	Gene1414	0.61143
sRNA51	Gene1893	0.58608
sRNA148	Gene149	0.56857
sRNA195	Gene1230	0.51878
sRNA278	Gene22	0.53878
sRNA117	Gene106	0.54174
sRNA187	Gene441	0.5562
sRNA167	Gene1663	0.52201
sRNA35	Gene124	0.52857
sRNA56	Gene550	0.47472
sRNA205	Gene812	0.50422
sRNA238	Gene501	0.50572
sRNA46	Gene2132	0.56601
sRNA198	Gene1321	0.49352
sRNA175	Gene2225	0.53049
sRNA9	Gene2358	0.54605
sRNA9	Gene247	0.54836
sRNA144	Gene2114	0.53996
sRNA190	Gene102	0.57241
sRNA268	Gene2680	0.45916
sRNA50	Gene2416	0.52347
sRNA49	Gene2436	0.57603
sRNA7	Gene77	0.51391
sRNA70	Gene66	0.53289
sRNA4	Gene1341	0.45669
sRNA34	Gene595	0.45214
sRNA155	Gene1612	0.46785
sRNA75	Gene1858	0.5572
sRNA111	Gene2542	0.50816
sRNA132	Gene1288	0.47205
sRNA147	Gene1765	0.58888
sRNA176	Gene1932	0.53243
sRNA127	Gene2032	0.51042
sRNA141	Gene356	0.55105
sRNA178	Gene324	0.57741
sRNA29	Gene867	0.56637
sRNA179	Gene2532	0.48897
sRNA70	Gene1490	0.47238
sRNA48	Gene2686	0.5231
sRNA38	Gene1224	0.56333
sRNA195	Gene2380	0.51906
sRNA43	Gene278	0.51389
sRNA225	Gene356	0.55178
sRNA205	Gene1704	0.51308
sRNA119	Gene2489	0.55106
sRNA154	Gene492	0.59465
sRNA37	Gene313	0.61823
sRNA139	Gene454	0.54393
sRNA3	Gene131	0.49993
sRNA141	Gene650	0.56539
sRNA82	Gene2107	0.4943
sRNA192	Gene719	0.51979
sRNA29	Gene2608	0.46667
sRNA3	Gene2515	0.51651
sRNA125	Gene2013	0.49709
sRNA246	Gene2074	0.48036
sRNA84	Gene761	0.57228
sRNA170	Gene1649	0.52193
sRNA224	Gene399	0.59299
sRNA31	Gene1444	0.47433
sRNA64	Gene128	0.58071
sRNA209	Gene305	0.57801
sRNA228	Gene2281	0.48186
sRNA47	Gene1045	0.46348
sRNA225	Gene2754	0.58588
sRNA35	Gene950	0.51124
sRNA25	Gene325	0.56679
sRNA159	Gene1024	0.52271
sRNA67	Gene841	0.53544
sRNA170	Gene63	0.50961
sRNA159	Gene2860	0.4843
sRNA188	Gene2037	0.50951
sRNA144	Gene2307	0.54641
sRNA30	Gene2089	0.49866
sRNA10	Gene2130	0.55237
sRNA112	Gene739	0.55581
sRNA131	Gene1114	0.54127
sRNA51	Gene2181	0.54501
sRNA18	Gene1383	0.51376
sRNA212	Gene2205	0.57113
sRNA216	Gene1172	0.57299
sRNA68	Gene2750	0.51602
sRNA131	Gene2231	0.54
sRNA131	Gene1239	0.51657
sRNA56	Gene2769	0.44698
sRNA163	Gene1760	0.58338
sRNA174	Gene1033	0.47571
sRNA143	Gene1703	0.5905
sRNA73	Gene2497	0.52873
sRNA189	Gene1431	0.53148
sRNA96	Gene1179	0.53196
sRNA2	Gene1149	0.47952
sRNA54	Gene964	0.46663
sRNA74	Gene365	0.45937
sRNA139	Gene1125	0.49302
sRNA244	Gene2290	0.51373
sRNA235	Gene1958	0.56988
sRNA49	Gene299	0.52822
sRNA195	Gene680	0.54076
sRNA47	Gene161	0.54952
sRNA181	Gene2529	0.58695
sRNA227	Gene189	0.55754
sRNA9	Gene1262	0.52413
sRNA179	Gene2174	0.50878
sRNA258	Gene63	0.4855
sRNA9	Gene2763	0.51669
sRNA178	Gene2493	0.4869
sRNA47	Gene967	0.49486
sRNA79	Gene366	0.50964
sRNA50	Gene2191	0.50674
sRNA96	Gene1767	0.52494
sRNA50	Gene1553	0.45449
sRNA9	Gene288	0.57361
sRNA294	Gene917	0.47543
sRNA265	Gene283	0.49031
sRNA50	Gene730	0.52591
sRNA224	Gene1765	0.54139
sRNA7	Gene1308	0.51453
sRNA81	Gene2754	0.50756
sRNA109	Gene1425	0.54716
sRNA235	Gene166	0.56371
sRNA92	Gene226	0.53995
sRNA187	Gene1516	0.53111
sRNA43	Gene2520	0.49172
sRNA68	Gene2151	0.51052
sRNA207	Gene1660	0.53332
sRNA229	Gene1653	0.50287
sRNA27	Gene2162	0.49459
sRNA114	Gene2195	0.53565
sRNA167	Gene296	0.50727
sRNA280	Gene831	0.50322
sRNA148	Gene1874	0.5284
sRNA130	Gene2258	0.56579
sRNA119	Gene31	0.51709
sRNA144	Gene1341	0.47704
sRNA170	Gene189	0.50187
sRNA80	Gene315	0.48811
sRNA37	Gene1000	0.60064
sRNA211	Gene1915	0.44567
sRNA163	Gene2220	0.56
sRNA154	Gene2235	0.55206
sRNA175	Gene1663	0.52624
sRNA25	Gene362	0.58747
sRNA185	Gene2850	0.50683
sRNA72	Gene289	0.55133
sRNA195	Gene798	0.50003
sRNA72	Gene780	0.50251
sRNA176	Gene1870	0.5663
sRNA132	Gene1274	0.48725
sRNA262	Gene216	0.51576
sRNA134	Gene952	0.50956
sRNA134	Gene61	0.54352
sRNA181	Gene2777	0.53578
sRNA193	Gene596	0.5089
sRNA178	Gene539	0.5692
sRNA50	Gene1263	0.44795
sRNA194	Gene2231	0.53316
sRNA257	Gene113	0.54614
sRNA49	Gene1012	0.5659
sRNA9	Gene519	0.5792
sRNA127	Gene1528	0.5281
sRNA50	Gene1450	0.50541
sRNA205	Gene1381	0.46327
sRNA72	Gene32	0.50035
sRNA61	Gene634	0.50429
sRNA230	Gene2364	0.49055
sRNA86	Gene1389	0.57591
sRNA9	Gene789	0.45562
sRNA232	Gene1335	0.47206
sRNA249	Gene2567	0.52882
sRNA22	Gene2044	0.47287
sRNA159	Gene1025	0.51487
sRNA286	Gene1404	0.45913
sRNA23	Gene222	0.51679
sRNA148	Gene2154	0.55267
sRNA174	Gene1697	0.47406
sRNA289	Gene1179	0.50804
sRNA179	Gene1502	0.47615
sRNA49	Gene2685	0.56198
sRNA149	Gene1091	0.52671
sRNA162	Gene624	0.54121
sRNA273	Gene2781	0.48211
sRNA173	Gene586	0.47295
sRNA244	Gene1815	0.53625
sRNA244	Gene2477	0.48282
sRNA180	Gene2765	0.51481
sRNA111	Gene2767	0.54775
sRNA191	Gene1230	0.52356
sRNA42	Gene1598	0.56468
sRNA124	Gene2567	0.56083
sRNA201	Gene2599	0.51128
sRNA144	Gene406	0.52976
sRNA203	Gene1121	0.52921
sRNA13	Gene1391	0.5266
sRNA273	Gene2712	0.46999
sRNA240	Gene68	0.56185
sRNA9	Gene483	0.5453
sRNA173	Gene341	0.48573
sRNA249	Gene2006	0.49466
sRNA89	Gene1327	0.51069
sRNA117	Gene890	0.5574
sRNA81	Gene353	0.54517
sRNA181	Gene97	0.54622
sRNA96	Gene1279	0.53742
sRNA209	Gene2361	0.55423
sRNA132	Gene533	0.46999
sRNA225	Gene2523	0.55112
sRNA64	Gene661	0.57843
sRNA188	Gene929	0.54397
sRNA227	Gene1509	0.5495
sRNA24	Gene373	0.46359
sRNA9	Gene668	0.47116
sRNA79	Gene525	0.53017
sRNA220	Gene2693	0.55735
sRNA3	Gene2085	0.5671
sRNA4	Gene482	0.48294
sRNA98	Gene1150	0.51509
sRNA187	Gene1234	0.53128
sRNA140	Gene1383	0.52285
sRNA264	Gene865	0.51217
sRNA169	Gene2706	0.51197
sRNA131	Gene2186	0.52341
sRNA141	Gene2368	0.54326
sRNA112	Gene466	0.5781
sRNA189	Gene1739	0.48392
sRNA9	Gene2785	0.52837
sRNA230	Gene610	0.48417
sRNA9	Gene2657	0.49305
sRNA115	Gene398	0.54463
sRNA107	Gene855	0.50467
sRNA245	Gene1133	0.55334
sRNA19	Gene2171	0.53235
sRNA231	Gene1745	0.53344
sRNA61	Gene794	0.55314
sRNA169	Gene2130	0.55255
sRNA64	Gene2651	0.53673
sRNA14	Gene2521	0.54812
sRNA240	Gene2508	0.5654
sRNA317	Gene1382	0.44815
sRNA149	Gene1589	0.48268
sRNA170	Gene2062	0.52236
sRNA30	Gene945	0.50966
sRNA61	Gene1855	0.54343
sRNA103	Gene2690	0.54828
sRNA74	Gene672	0.50941
sRNA265	Gene2425	0.49373
sRNA87	Gene2159	0.50155
sRNA212	Gene1762	0.55287
sRNA246	Gene1750	0.52831
sRNA29	Gene123	0.54363
sRNA18	Gene380	0.49273
sRNA16	Gene1150	0.58447
sRNA9	Gene190	0.58145
sRNA39	Gene2164	0.54857
sRNA176	Gene2420	0.57464
sRNA201	Gene2173	0.48398
sRNA78	Gene1469	0.51469
sRNA156	Gene1690	0.57166
sRNA213	Gene1271	0.51841
sRNA179	Gene510	0.51714
sRNA22	Gene1919	0.49095
sRNA118	Gene2377	0.53554
sRNA51	Gene1331	0.58912
sRNA186	Gene2468	0.56815
sRNA142	Gene1582	0.55406
sRNA6	Gene243	0.49596
sRNA190	Gene1693	0.56968
sRNA9	Gene1435	0.50239
sRNA142	Gene2061	0.55526
sRNA142	Gene601	0.49283
sRNA3	Gene1547	0.56713
sRNA15	Gene137	0.50294
sRNA87	Gene2345	0.56787
sRNA104	Gene1581	0.52282
sRNA83	Gene2154	0.52332
sRNA239	Gene1169	0.4533
sRNA226	Gene130	0.55957
sRNA219	Gene782	0.57767
sRNA203	Gene1249	0.52617
sRNA233	Gene1936	0.53534
sRNA220	Gene2543	0.47961
sRNA120	Gene2218	0.55416
sRNA186	Gene2039	0.55293
sRNA111	Gene2820	0.51104
sRNA18	Gene149	0.54442
sRNA198	Gene1792	0.46756
sRNA18	Gene1058	0.52971
sRNA20	Gene2359	0.5571
sRNA26	Gene1090	0.53451
sRNA9	Gene310	0.53977
sRNA215	Gene1720	0.52457
sRNA171	Gene962	0.49581
sRNA100	Gene1199	0.57804
sRNA257	Gene69	0.50264
sRNA3	Gene2496	0.48702
sRNA288	Gene1189	0.5148
sRNA113	Gene1135	0.51659
sRNA100	Gene653	0.52342
sRNA126	Gene2792	0.45874
sRNA79	Gene2347	0.55396
sRNA239	Gene1067	0.51392
sRNA9	Gene1288	0.45068
sRNA56	Gene2858	0.48731
sRNA263	Gene528	0.50341
sRNA7	Gene1525	0.48784
sRNA122	Gene1235	0.53823
sRNA181	Gene500	0.55024
sRNA50	Gene1871	0.51371
sRNA231	Gene2454	0.53063
sRNA68	Gene1343	0.44999
sRNA220	Gene618	0.53015
sRNA158	Gene596	0.47866
sRNA273	Gene1757	0.48264
sRNA45	Gene649	0.50525
sRNA27	Gene516	0.45846
sRNA61	Gene82	0.48019
sRNA144	Gene2782	0.51051
sRNA173	Gene1623	0.48222
sRNA163	Gene360	0.56236
sRNA214	Gene770	0.56559
sRNA235	Gene2345	0.56353
sRNA63	Gene1478	0.51992
sRNA252	Gene1501	0.47925
sRNA256	Gene142	0.50272
sRNA133	Gene51	0.51078
sRNA203	Gene1715	0.5022
sRNA243	Gene1620	0.55854
sRNA90	Gene2856	0.54244
sRNA95	Gene1732	0.52828
sRNA262	Gene767	0.55006
sRNA78	Gene2254	0.54153
sRNA237	Gene910	0.47346
sRNA210	Gene544	0.4645
sRNA78	Gene2322	0.50489
sRNA110	Gene2393	0.55931
sRNA119	Gene906	0.51174
sRNA168	Gene1975	0.51854
sRNA3	Gene200	0.53072
sRNA131	Gene451	0.55484
sRNA274	Gene551	0.46034
sRNA113	Gene877	0.50921
sRNA162	Gene1753	0.55946
sRNA235	Gene2204	0.54806
sRNA93	Gene2299	0.49297
sRNA68	Gene268	0.53034
sRNA100	Gene327	0.5785
sRNA60	Gene1920	0.52016
sRNA8	Gene1808	0.48648
sRNA47	Gene671	0.48927
sRNA211	Gene2125	0.46582
sRNA242	Gene1364	0.51094
sRNA86	Gene2006	0.58892
sRNA199	Gene2534	0.57426
sRNA105	Gene424	0.49123
sRNA160	Gene151	0.57462
sRNA142	Gene1866	0.46356
sRNA212	Gene287	0.48573
sRNA9	Gene2176	0.48299
sRNA32	Gene771	0.52545
sRNA167	Gene1930	0.54994
sRNA50	Gene878	0.59058
sRNA201	Gene1046	0.46885
sRNA222	Gene1712	0.45014
sRNA84	Gene1185	0.55727
sRNA191	Gene663	0.50507
sRNA62	Gene953	0.50228
sRNA7	Gene65	0.52022
sRNA5	Gene1653	0.5023
sRNA203	Gene105	0.48719
sRNA10	Gene1626	0.53188
sRNA159	Gene1496	0.47205
sRNA191	Gene1263	0.5279
sRNA3	Gene696	0.52564
sRNA229	Gene2696	0.53368
sRNA72	Gene1546	0.56461
sRNA82	Gene1209	0.54282
sRNA3	Gene529	0.51879
sRNA9	Gene2681	0.50838
sRNA7	Gene370	0.56276
sRNA85	Gene14	0.5114
sRNA78	Gene930	0.5436
sRNA91	Gene1652	0.45144
sRNA265	Gene535	0.45662
sRNA13	Gene1174	0.47389
sRNA220	Gene2368	0.52385
sRNA257	Gene2645	0.5199
sRNA120	Gene152	0.55503
sRNA18	Gene1747	0.51321
sRNA214	Gene2479	0.55577
sRNA27	Gene2723	0.47602
sRNA36	Gene1542	0.53011
sRNA202	Gene2613	0.50468
sRNA29	Gene2656	0.51224
sRNA122	Gene182	0.49973
sRNA62	Gene2496	0.4688
sRNA121	Gene1172	0.47084
sRNA189	Gene521	0.51839
sRNA72	Gene2332	0.55759
sRNA9	Gene255	0.55761
sRNA68	Gene2400	0.54947
sRNA29	Gene1070	0.58555
sRNA35	Gene681	0.56374
sRNA72	Gene1579	0.58019
sRNA30	Gene1797	0.49645
sRNA52	Gene1352	0.54519
sRNA180	Gene944	0.4878
sRNA117	Gene824	0.51271
sRNA50	Gene351	0.62643
sRNA201	Gene1808	0.46405
sRNA116	Gene345	0.51561
sRNA205	Gene2695	0.48397
sRNA176	Gene2524	0.50531
sRNA81	Gene246	0.50748
sRNA124	Gene1353	0.52296
sRNA167	Gene473	0.54489
sRNA168	Gene1077	0.48123
sRNA158	Gene1338	0.53598
sRNA78	Gene1664	0.50928
sRNA122	Gene165	0.52038
sRNA243	Gene1034	0.54305
sRNA67	Gene300	0.53286
sRNA78	Gene1502	0.5405
sRNA45	Gene2224	0.53815
sRNA14	Gene2276	0.51932
sRNA105	Gene2296	0.5057
sRNA20	Gene407	0.55353
sRNA20	Gene2846	0.55292
sRNA43	Gene720	0.48315
sRNA151	Gene1207	0.54435
sRNA225	Gene2617	0.60037
sRNA81	Gene281	0.47637
sRNA69	Gene808	0.4694
sRNA50	Gene920	0.47486
sRNA254	Gene1314	0.46339
sRNA82	Gene1507	0.54926
sRNA43	Gene2822	0.53404
sRNA252	Gene703	0.47364
sRNA109	Gene353	0.54517
sRNA312	Gene508	0.5005
sRNA109	Gene1006	0.55027
sRNA74	Gene930	0.50019
sRNA236	Gene1960	0.54285
sRNA126	Gene976	0.49704
sRNA100	Gene131	0.56117
sRNA235	Gene2721	0.59332
sRNA21	Gene1318	0.53996
sRNA225	Gene2180	0.58542
sRNA3	Gene1370	0.5072
sRNA143	Gene1896	0.56183
sRNA74	Gene2012	0.47578
sRNA189	Gene2271	0.50971
sRNA131	Gene2206	0.56143
sRNA33	Gene2480	0.51207
sRNA176	Gene2189	0.56682
sRNA241	Gene49	0.5385
sRNA140	Gene717	0.5981
sRNA219	Gene923	0.51681
sRNA131	Gene740	0.48491
sRNA43	Gene628	0.45701
sRNA46	Gene607	0.59814
sRNA50	Gene2579	0.52503
sRNA280	Gene188	0.49789
sRNA115	Gene591	0.54276
sRNA225	Gene2228	0.59709
sRNA10	Gene735	0.57156
sRNA49	Gene753	0.54252
sRNA81	Gene2278	0.55008
sRNA95	Gene2016	0.56428
sRNA135	Gene1349	0.45053
sRNA9	Gene619	0.52016
sRNA195	Gene1587	0.48133
sRNA243	Gene1187	0.55373
sRNA77	Gene1725	0.57268
sRNA78	Gene644	0.57828
sRNA222	Gene1639	0.48216
sRNA296	Gene2209	0.47961
sRNA218	Gene2277	0.50433
sRNA142	Gene1733	0.51994
sRNA236	Gene1187	0.55362
sRNA331	Gene2640	0.51557
sRNA128	Gene2113	0.55872
sRNA91	Gene2716	0.4747
sRNA195	Gene1449	0.448
sRNA181	Gene402	0.53635
sRNA263	Gene2184	0.46005
sRNA52	Gene321	0.57116
sRNA35	Gene454	0.53522
sRNA15	Gene775	0.51084
sRNA191	Gene963	0.46259
sRNA249	Gene2112	0.48498
sRNA201	Gene233	0.48686
sRNA72	Gene1468	0.5474
sRNA128	Gene479	0.56868
sRNA267	Gene1777	0.45086
sRNA59	Gene1140	0.49264
sRNA193	Gene1420	0.52558
sRNA30	Gene1704	0.47919
sRNA179	Gene2353	0.48068
sRNA103	Gene406	0.46006
sRNA9	Gene1026	0.46592
sRNA9	Gene281	0.52416
sRNA141	Gene2628	0.57825
sRNA216	Gene2715	0.47946
sRNA111	Gene2466	0.52534
sRNA9	Gene767	0.45731
sRNA213	Gene1290	0.54165
sRNA62	Gene46	0.44876
sRNA188	Gene1218	0.5344
sRNA30	Gene755	0.56607
sRNA173	Gene1773	0.49944
sRNA244	Gene641	0.58272
sRNA1	Gene1352	0.48607
sRNA51	Gene1415	0.5546
sRNA82	Gene138	0.488
sRNA50	Gene540	0.55043
sRNA244	Gene2133	0.53272
sRNA112	Gene2306	0.5651
sRNA135	Gene680	0.51415
sRNA75	Gene259	0.55513
sRNA34	Gene2624	0.46254
sRNA81	Gene2010	0.52098
sRNA127	Gene1238	0.54235
sRNA175	Gene318	0.53008
sRNA92	Gene2477	0.54996
sRNA100	Gene831	0.5773
sRNA80	Gene1295	0.46756
sRNA209	Gene2185	0.54431
sRNA9	Gene102	0.54974
sRNA163	Gene764	0.57064
sRNA197	Gene463	0.4948
sRNA74	Gene569	0.50374
sRNA141	Gene1207	0.54641
sRNA9	Gene1263	0.48664
sRNA45	Gene2026	0.50341
sRNA223	Gene1565	0.55967
sRNA247	Gene988	0.49675
sRNA84	Gene1265	0.59542
sRNA236	Gene879	0.55098
sRNA225	Gene1571	0.54489
sRNA28	Gene295	0.52731
sRNA52	Gene1054	0.56317
sRNA223	Gene1019	0.55817
sRNA113	Gene2347	0.49324
sRNA219	Gene987	0.53101
sRNA148	Gene392	0.50612
sRNA151	Gene2050	0.47408
sRNA9	Gene480	0.53442
sRNA70	Gene2382	0.57866
sRNA162	Gene1768	0.5599
sRNA13	Gene2417	0.48568
sRNA63	Gene802	0.52784
sRNA41	Gene360	0.55577
sRNA44	Gene2712	0.5119
sRNA9	Gene33	0.55101
sRNA198	Gene2112	0.47022
sRNA29	Gene696	0.54934
sRNA64	Gene1441	0.57
sRNA10	Gene2463	0.53674
sRNA30	Gene491	0.52617
sRNA165	Gene2018	0.49371
sRNA173	Gene2609	0.51014
sRNA246	Gene1141	0.54184
sRNA81	Gene261	0.51225
sRNA164	Gene2401	0.5174
sRNA134	Gene2014	0.46097
sRNA181	Gene1757	0.5632
sRNA229	Gene1061	0.4784
sRNA191	Gene1699	0.53124
sRNA135	Gene2599	0.49397
sRNA186	Gene637	0.54707
sRNA42	Gene2321	0.58457
sRNA280	Gene2220	0.48808
sRNA249	Gene659	0.47131
sRNA55	Gene1001	0.5893
sRNA118	Gene1815	0.51876
sRNA95	Gene1808	0.565
sRNA91	Gene2771	0.51423
sRNA219	Gene1322	0.48963
sRNA39	Gene1359	0.56877
sRNA213	Gene1156	0.52199
sRNA78	Gene1790	0.55159
sRNA39	Gene2445	0.53394
sRNA64	Gene1776	0.56983
sRNA154	Gene1621	0.58045
sRNA275	Gene723	0.4677
sRNA141	Gene2191	0.57103
sRNA179	Gene507	0.49338
sRNA127	Gene1253	0.56999
sRNA25	Gene1901	0.56403
sRNA113	Gene1487	0.47506
sRNA178	Gene438	0.52871
sRNA129	Gene1984	0.55277
sRNA218	Gene2637	0.56613
sRNA167	Gene1674	0.52515
sRNA10	Gene2554	0.57737
sRNA116	Gene737	0.55975
sRNA241	Gene2285	0.53216
sRNA123	Gene179	0.51791
sRNA102	Gene2265	0.49647
sRNA205	Gene2473	0.50316
sRNA219	Gene317	0.58081
sRNA91	Gene2855	0.50043
sRNA55	Gene1319	0.54392
sRNA74	Gene1121	0.53731
sRNA179	Gene1205	0.49863
sRNA190	Gene1217	0.55739
sRNA149	Gene291	0.48758
sRNA44	Gene1022	0.50529
sRNA209	Gene1281	0.50664
sRNA248	Gene622	0.49002
sRNA24	Gene1193	0.48788
sRNA192	Gene1558	0.50813
sRNA163	Gene2120	0.56904
sRNA128	Gene690	0.58839
sRNA36	Gene2334	0.5441
sRNA102	Gene1264	0.45912
sRNA54	Gene114	0.49957
sRNA113	Gene2631	0.50102
sRNA80	Gene2490	0.49702
sRNA230	Gene2253	0.48793
sRNA190	Gene812	0.55192
sRNA85	Gene313	0.50315
sRNA24	Gene975	0.47353
sRNA212	Gene735	0.56349
sRNA24	Gene648	0.49428
sRNA162	Gene2406	0.52064
sRNA75	Gene931	0.49984
sRNA29	Gene680	0.53209
sRNA30	Gene1123	0.48981
sRNA156	Gene1194	0.53646
sRNA71	Gene332	0.5781
sRNA174	Gene2223	0.52138
sRNA152	Gene169	0.53605
sRNA231	Gene242	0.52831
sRNA6	Gene259	0.51375
sRNA20	Gene1297	0.54231
sRNA98	Gene1200	0.51828
sRNA64	Gene2732	0.58625
sRNA53	Gene2474	0.52807
sRNA119	Gene573	0.54411
sRNA47	Gene494	0.55024
sRNA149	Gene2534	0.50714
sRNA151	Gene216	0.52241
sRNA64	Gene565	0.55381
sRNA194	Gene234	0.57053
sRNA77	Gene1732	0.54604
sRNA145	Gene2852	0.53034
sRNA122	Gene992	0.55581
sRNA116	Gene2769	0.51219
sRNA112	Gene1814	0.5603
sRNA9	Gene2381	0.55197
sRNA244	Gene197	0.61034
sRNA20	Gene184	0.53925
sRNA280	Gene605	0.49717
sRNA162	Gene2402	0.52606
sRNA3	Gene888	0.54646
sRNA46	Gene1151	0.54445
sRNA204	Gene2215	0.52924
sRNA6	Gene1798	0.54015
sRNA230	Gene205	0.49785
sRNA232	Gene201	0.48912
sRNA2	Gene862	0.57254
sRNA228	Gene2447	0.47744
sRNA103	Gene2196	0.50237
sRNA126	Gene1964	0.51769
sRNA162	Gene1564	0.5417
sRNA57	Gene1413	0.48077
sRNA166	Gene2293	0.47154
sRNA98	Gene1491	0.52098
sRNA202	Gene385	0.50079
sRNA212	Gene2544	0.55859
sRNA3	Gene2353	0.45571
sRNA181	Gene2073	0.60017
sRNA9	Gene960	0.53195
sRNA9	Gene308	0.51749
sRNA257	Gene1070	0.52079
sRNA269	Gene2460	0.48466
sRNA265	Gene2048	0.46793
sRNA78	Gene1343	0.50493
sRNA257	Gene514	0.51681
sRNA193	Gene2021	0.50898
sRNA140	Gene878	0.53132
sRNA218	Gene1516	0.54777
sRNA222	Gene1451	0.50291
sRNA124	Gene1574	0.55198
sRNA212	Gene2067	0.54639
sRNA48	Gene1315	0.54113
sRNA102	Gene613	0.49695
sRNA190	Gene489	0.54631
sRNA219	Gene2439	0.45379
sRNA162	Gene2243	0.54205
sRNA51	Gene1358	0.56142
sRNA14	Gene797	0.55227
sRNA25	Gene771	0.56317
sRNA268	Gene175	0.4705
sRNA257	Gene923	0.49373
sRNA9	Gene1930	0.53046
sRNA24	Gene237	0.49346
sRNA98	Gene1199	0.49208
sRNA12	Gene17	0.53472
sRNA18	Gene1036	0.54718
sRNA5	Gene1263	0.46599
sRNA15	Gene686	0.53304
sRNA42	Gene1415	0.57347
sRNA37	Gene281	0.57026
sRNA234	Gene305	0.56037
sRNA44	Gene10	0.48813
sRNA9	Gene2022	0.47134
sRNA185	Gene938	0.51053
sRNA116	Gene82	0.46526
sRNA72	Gene701	0.52733
sRNA123	Gene1923	0.51269
sRNA27	Gene693	0.44957
sRNA79	Gene654	0.49599
sRNA100	Gene1348	0.48216
sRNA20	Gene1141	0.55798
sRNA209	Gene2719	0.55477
sRNA158	Gene983	0.47011
sRNA189	Gene1148	0.49998
sRNA123	Gene1638	0.5141
sRNA165	Gene1989	0.50473
sRNA147	Gene425	0.57091
sRNA132	Gene1951	0.50008
sRNA96	Gene1748	0.47606
sRNA243	Gene1490	0.53837
sRNA191	Gene411	0.46203
sRNA267	Gene1677	0.45093
sRNA147	Gene1529	0.50767
sRNA61	Gene1251	0.46358
sRNA158	Gene1461	0.46308
sRNA213	Gene2192	0.54947
sRNA62	Gene1004	0.56272
sRNA51	Gene223	0.55953
sRNA273	Gene2518	0.49064
sRNA194	Gene1793	0.53202
sRNA173	Gene2216	0.5294
sRNA42	Gene2766	0.55542
sRNA40	Gene1079	0.55496
sRNA68	Gene554	0.50566
sRNA78	Gene438	0.45912
sRNA104	Gene1404	0.48076
sRNA64	Gene166	0.60916
sRNA199	Gene2571	0.56813
sRNA111	Gene2149	0.52923
sRNA221	Gene2721	0.54715
sRNA205	Gene2484	0.46942
sRNA234	Gene1748	0.54389
sRNA50	Gene1049	0.55965
sRNA239	Gene340	0.48387
sRNA89	Gene1539	0.50897
sRNA36	Gene1080	0.5401
sRNA50	Gene1514	0.54366
sRNA191	Gene1891	0.47593
sRNA57	Gene2728	0.49087
sRNA64	Gene1609	0.57003
sRNA257	Gene2384	0.51472
sRNA77	Gene844	0.57227
sRNA57	Gene2300	0.50675
sRNA258	Gene2378	0.52503
sRNA28	Gene1769	0.50565
sRNA131	Gene373	0.47531
sRNA257	Gene2153	0.47684
sRNA3	Gene909	0.52828
sRNA239	Gene26	0.50468
sRNA231	Gene1471	0.53418
sRNA65	Gene125	0.49696
sRNA150	Gene641	0.53629
sRNA30	Gene494	0.54652
sRNA143	Gene1562	0.577
sRNA201	Gene358	0.48163
sRNA33	Gene2546	0.52795
sRNA9	Gene758	0.45458
sRNA129	Gene627	0.56391
sRNA263	Gene1199	0.50438
sRNA82	Gene2828	0.55177
sRNA146	Gene1624	0.5173
sRNA104	Gene2738	0.50769
sRNA244	Gene2023	0.53237
sRNA250	Gene1012	0.4597
sRNA12	Gene1384	0.57598
sRNA50	Gene1775	0.54502
sRNA86	Gene98	0.58581
sRNA214	Gene1061	0.49647
sRNA18	Gene424	0.51699
sRNA123	Gene2541	0.45846
sRNA170	Gene1933	0.52654
sRNA36	Gene172	0.49895
sRNA35	Gene855	0.50402
sRNA209	Gene1627	0.56007
sRNA286	Gene2220	0.45402
sRNA231	Gene47	0.5279
sRNA218	Gene2424	0.55689
sRNA95	Gene436	0.52134
sRNA194	Gene174	0.57808
sRNA57	Gene845	0.49193
sRNA112	Gene2778	0.57914
sRNA9	Gene2143	0.57136
sRNA82	Gene807	0.51362
sRNA143	Gene1641	0.57489
sRNA230	Gene574	0.51841
sRNA50	Gene2059	0.51742
sRNA26	Gene60	0.49565
sRNA134	Gene2588	0.58756
sRNA45	Gene639	0.58597
sRNA190	Gene595	0.49385
sRNA140	Gene1614	0.52484
sRNA84	Gene584	0.52368
sRNA216	Gene145	0.52843
sRNA90	Gene924	0.55454
sRNA57	Gene40	0.48038
sRNA118	Gene1680	0.52341
sRNA262	Gene134	0.54046
sRNA111	Gene1186	0.5826
sRNA255	Gene635	0.48248
sRNA229	Gene968	0.50344
sRNA36	Gene811	0.4993
sRNA147	Gene1002	0.53028
sRNA232	Gene380	0.45436
sRNA164	Gene1677	0.51014
sRNA168	Gene2269	0.49585
sRNA100	Gene291	0.57782
sRNA69	Gene603	0.47219
sRNA253	Gene1113	0.50508
sRNA18	Gene574	0.55462
sRNA175	Gene2695	0.47855
sRNA221	Gene1637	0.51821
sRNA90	Gene1709	0.52839
sRNA145	Gene1651	0.53284
sRNA50	Gene1965	0.54108
sRNA186	Gene2005	0.59167
sRNA239	Gene718	0.5002
sRNA172	Gene728	0.51026
sRNA27	Gene2761	0.50066
sRNA83	Gene2379	0.53683
sRNA9	Gene1402	0.47882
sRNA203	Gene2667	0.53231
sRNA232	Gene375	0.46217
sRNA144	Gene1614	0.4774
sRNA39	Gene261	0.58001
sRNA247	Gene316	0.49293
sRNA104	Gene2426	0.47831
sRNA50	Gene1507	0.56655
sRNA50	Gene2686	0.5624
sRNA39	Gene2794	0.58448
sRNA107	Gene484	0.47232
sRNA214	Gene2146	0.5528
sRNA145	Gene1933	0.60479
sRNA65	Gene1923	0.52445
sRNA167	Gene880	0.56033
sRNA160	Gene2797	0.50215
sRNA197	Gene2416	0.51702
sRNA235	Gene2557	0.5711
sRNA239	Gene2168	0.52939
sRNA76	Gene763	0.58577
sRNA118	Gene2316	0.53583
sRNA9	Gene101	0.52327
sRNA111	Gene2350	0.58098
sRNA88	Gene571	0.55713
sRNA73	Gene350	0.52388
sRNA153	Gene1544	0.51882
sRNA76	Gene966	0.57282
sRNA50	Gene2789	0.56085
sRNA129	Gene2677	0.58558
sRNA143	Gene429	0.54319
sRNA16	Gene1122	0.52601
sRNA129	Gene2406	0.56948
sRNA248	Gene2205	0.47023
sRNA50	Gene211	0.58419
sRNA9	Gene1444	0.53095
sRNA168	Gene1855	0.48945
sRNA108	Gene2613	0.58005
sRNA152	Gene518	0.52976
sRNA179	Gene544	0.46426
sRNA47	Gene924	0.53376
sRNA174	Gene2629	0.47706
sRNA224	Gene2548	0.60644
sRNA79	Gene1959	0.53511
sRNA41	Gene1843	0.56425
sRNA139	Gene1747	0.49568
sRNA250	Gene2534	0.45117
sRNA122	Gene173	0.47829
sRNA194	Gene486	0.57045
sRNA83	Gene695	0.52791
sRNA214	Gene2210	0.50638
sRNA68	Gene2029	0.48044
sRNA3	Gene1890	0.52417
sRNA134	Gene2637	0.56263
sRNA225	Gene2311	0.61484
sRNA57	Gene1024	0.48041
sRNA161	Gene633	0.56084
sRNA47	Gene2355	0.49303
sRNA214	Gene1986	0.56947
sRNA240	Gene428	0.56416
sRNA139	Gene1666	0.51324
sRNA160	Gene1315	0.52738
sRNA229	Gene2532	0.51634
sRNA191	Gene1506	0.51439
sRNA264	Gene2369	0.52429
sRNA62	Gene1068	0.51188
sRNA80	Gene1153	0.50418
sRNA112	Gene2009	0.56562
sRNA81	Gene1646	0.55718
sRNA286	Gene1645	0.45799
sRNA154	Gene675	0.54739
sRNA131	Gene1006	0.55017
sRNA228	Gene235	0.49913
sRNA186	Gene355	0.55862
sRNA51	Gene413	0.5492
sRNA6	Gene689	0.54793
sRNA14	Gene1577	0.5369
sRNA83	Gene893	0.53623
sRNA19	Gene955	0.59075
sRNA164	Gene208	0.45085
sRNA5	Gene786	0.49209
sRNA38	Gene505	0.53234
sRNA45	Gene890	0.57655
sRNA232	Gene2282	0.47113
sRNA280	Gene574	0.48477
sRNA176	Gene2017	0.57174
sRNA9	Gene1832	0.48816
sRNA9	Gene2642	0.44843
sRNA55	Gene2436	0.52503
sRNA208	Gene2784	0.49153
sRNA167	Gene1738	0.49248
sRNA3	Gene1334	0.52178
sRNA273	Gene2703	0.48241
sRNA150	Gene2316	0.5435
sRNA203	Gene236	0.52552
sRNA246	Gene789	0.51506
sRNA146	Gene2750	0.5373
sRNA9	Gene1215	0.50317
sRNA240	Gene1877	0.54527
sRNA9	Gene1350	0.48435
sRNA74	Gene1554	0.4815
sRNA266	Gene552	0.48651
sRNA84	Gene2235	0.5282
sRNA145	Gene2304	0.49361
sRNA263	Gene1413	0.48064
sRNA127	Gene984	0.56722
sRNA100	Gene2293	0.53598
sRNA66	Gene770	0.45963
sRNA22	Gene2579	0.51824
sRNA170	Gene2128	0.50113
sRNA286	Gene1621	0.47558
sRNA3	Gene571	0.44725
sRNA66	Gene1359	0.45513
sRNA39	Gene1868	0.49714
sRNA29	Gene2416	0.52632
sRNA50	Gene2595	0.56705
sRNA75	Gene717	0.54394
sRNA7	Gene387	0.50463
sRNA114	Gene1427	0.52237
sRNA233	Gene2461	0.57265
sRNA276	Gene1003	0.52913
sRNA252	Gene1580	0.46562
sRNA208	Gene692	0.52187
sRNA186	Gene2295	0.50001
sRNA105	Gene412	0.5158
sRNA68	Gene897	0.50943
sRNA218	Gene1974	0.52753
sRNA213	Gene1296	0.51534
sRNA260	Gene570	0.4921
sRNA281	Gene241	0.46651
sRNA108	Gene1408	0.51287
sRNA278	Gene2097	0.47442
sRNA136	Gene212	0.50611
sRNA15	Gene928	0.4892
sRNA172	Gene1945	0.46928
sRNA81	Gene175	0.51391
sRNA173	Gene397	0.50712
sRNA171	Gene1035	0.49648
sRNA50	Gene2409	0.54162
sRNA54	Gene1224	0.49038
sRNA62	Gene2546	0.50209
sRNA140	Gene1124	0.56264
sRNA280	Gene1062	0.47568
sRNA135	Gene2635	0.49242
sRNA205	Gene503	0.52534
sRNA245	Gene2825	0.56618
sRNA70	Gene2298	0.5077
sRNA49	Gene1141	0.53485
sRNA248	Gene100	0.47087
sRNA1	Gene672	0.48716
sRNA92	Gene2455	0.53613
sRNA50	Gene1064	0.46228
sRNA49	Gene2229	0.55876
sRNA180	Gene2165	0.50344
sRNA196	Gene1388	0.45305
sRNA126	Gene1766	0.51412
sRNA275	Gene2565	0.45865
sRNA172	Gene1968	0.4764
sRNA239	Gene2077	0.52891
sRNA167	Gene1433	0.54666
sRNA50	Gene2329	0.55224
sRNA9	Gene2556	0.46365
sRNA169	Gene1773	0.53085
sRNA21	Gene1712	0.52384
sRNA189	Gene2260	0.47057
sRNA191	Gene219	0.51403
sRNA215	Gene846	0.57082
sRNA7	Gene2214	0.60594
sRNA2	Gene665	0.54461
sRNA54	Gene231	0.51164
sRNA103	Gene2148	0.48804
sRNA83	Gene2298	0.4805
sRNA28	Gene1040	0.47269
sRNA5	Gene1903	0.50125
sRNA23	Gene884	0.49937
sRNA215	Gene2436	0.49806
sRNA156	Gene1046	0.48853
sRNA110	Gene256	0.52419
sRNA177	Gene745	0.55293
sRNA244	Gene2164	0.48289
sRNA89	Gene1221	0.50435
sRNA9	Gene2607	0.4485
sRNA124	Gene888	0.60703
sRNA204	Gene1427	0.5128
sRNA194	Gene984	0.55458
sRNA155	Gene258	0.54787
sRNA241	Gene2591	0.54447
sRNA145	Gene1429	0.57943
sRNA25	Gene1570	0.52812
sRNA52	Gene2400	0.55447
sRNA260	Gene2864	0.49077
sRNA9	Gene313	0.55578
sRNA220	Gene1309	0.48636
sRNA254	Gene1697	0.46072
sRNA3	Gene1900	0.45125
sRNA174	Gene2481	0.51526
sRNA112	Gene2246	0.56317
sRNA251	Gene1360	0.46792
sRNA229	Gene1008	0.46009
sRNA30	Gene813	0.53029
sRNA50	Gene2125	0.55774
sRNA119	Gene2308	0.53131
sRNA225	Gene1761	0.55252
sRNA138	Gene2229	0.4624
sRNA234	Gene1040	0.52772
sRNA9	Gene2204	0.47037
sRNA170	Gene1223	0.54132
sRNA224	Gene2730	0.59576
sRNA141	Gene2543	0.47567
sRNA241	Gene1153	0.54968
sRNA30	Gene820	0.50584
sRNA48	Gene1407	0.52816
sRNA88	Gene727	0.54964
sRNA273	Gene1295	0.44983
sRNA95	Gene1445	0.57407
sRNA263	Gene209	0.49609
sRNA167	Gene358	0.50881
sRNA9	Gene2308	0.51715
sRNA168	Gene2549	0.45572
sRNA171	Gene2747	0.53845
sRNA127	Gene220	0.55416
sRNA29	Gene1797	0.52851
sRNA9	Gene522	0.54697
sRNA128	Gene287	0.56283
sRNA190	Gene2377	0.55494
sRNA92	Gene261	0.52181
sRNA53	Gene2514	0.51038
sRNA216	Gene1777	0.4675
sRNA132	Gene1812	0.49518
sRNA49	Gene692	0.53569
sRNA242	Gene743	0.47886
sRNA181	Gene296	0.52719
sRNA45	Gene647	0.58804
sRNA14	Gene2507	0.54883
sRNA61	Gene2186	0.51752
sRNA45	Gene878	0.51846
sRNA246	Gene2344	0.45745
sRNA148	Gene834	0.54672
sRNA57	Gene1601	0.46992
sRNA204	Gene2195	0.51122
sRNA85	Gene979	0.47603
sRNA199	Gene2400	0.55511
sRNA122	Gene225	0.5049
sRNA286	Gene937	0.46449
sRNA28	Gene2212	0.44762
sRNA9	Gene1424	0.57102
sRNA227	Gene157	0.5509
sRNA109	Gene355	0.51177
sRNA95	Gene2325	0.54217
sRNA179	Gene2242	0.47269
sRNA192	Gene987	0.52236
sRNA163	Gene2329	0.55783
sRNA84	Gene1276	0.47396
sRNA170	Gene2009	0.51365
sRNA219	Gene2450	0.4873
sRNA93	Gene1219	0.505
sRNA289	Gene603	0.48292
sRNA30	Gene1027	0.51605
sRNA307	Gene166	0.47266
sRNA9	Gene2363	0.51156
sRNA132	Gene2609	0.49869
sRNA9	Gene603	0.50418
sRNA9	Gene1035	0.44977
sRNA69	Gene2384	0.47153
sRNA170	Gene2519	0.49717
sRNA24	Gene2128	0.45547
sRNA174	Gene353	0.5165
sRNA85	Gene2428	0.5082
sRNA122	Gene2749	0.5451
sRNA137	Gene1175	0.48065
sRNA222	Gene2342	0.5157
sRNA111	Gene30	0.59417
sRNA278	Gene1162	0.46027
sRNA146	Gene2292	0.54025
sRNA176	Gene2473	0.56104
sRNA60	Gene2413	0.51267
sRNA128	Gene217	0.52562
sRNA210	Gene2132	0.47881
sRNA260	Gene826	0.50441
sRNA190	Gene969	0.54143
sRNA162	Gene804	0.56506
sRNA191	Gene2353	0.51725
sRNA158	Gene14	0.53629
sRNA232	Gene1501	0.49477
sRNA9	Gene2827	0.49658
sRNA9	Gene2430	0.53833
sRNA258	Gene1101	0.49066
sRNA50	Gene2262	0.51765
sRNA23	Gene2308	0.50869
sRNA14	Gene1794	0.53042
sRNA222	Gene584	0.4937
sRNA222	Gene1474	0.47457
sRNA61	Gene2526	0.52069
sRNA89	Gene274	0.5244
sRNA199	Gene916	0.58668
sRNA192	Gene1941	0.50345
sRNA196	Gene1830	0.46678
sRNA160	Gene1686	0.5381
sRNA132	Gene97	0.4871
sRNA196	Gene568	0.4475
sRNA216	Gene939	0.50767
sRNA202	Gene823	0.52854
sRNA178	Gene2523	0.51472
sRNA162	Gene145	0.57795
sRNA8	Gene597	0.52986
sRNA273	Gene157	0.47886
sRNA219	Gene1923	0.45602
sRNA56	Gene1162	0.50309
sRNA141	Gene965	0.47562
sRNA270	Gene434	0.47744
sRNA33	Gene2811	0.57175
sRNA33	Gene938	0.53505
sRNA9	Gene1603	0.44602
sRNA249	Gene2478	0.50442
sRNA69	Gene2496	0.4505
sRNA37	Gene2100	0.65955
sRNA221	Gene1523	0.53634
sRNA52	Gene1354	0.56414
sRNA151	Gene425	0.57039
sRNA17	Gene1027	0.50648
sRNA84	Gene1797	0.50018
sRNA90	Gene514	0.49742
sRNA210	Gene2116	0.54864
sRNA60	Gene2531	0.54728
sRNA73	Gene2744	0.50298
sRNA37	Gene2698	0.59013
sRNA124	Gene1646	0.51892
sRNA287	Gene2481	0.46921
sRNA291	Gene600	0.44667
sRNA203	Gene905	0.53994
sRNA136	Gene128	0.52046
sRNA86	Gene433	0.58922
sRNA131	Gene498	0.53649
sRNA65	Gene88	0.57587
sRNA9	Gene1158	0.52397
sRNA156	Gene443	0.49873
sRNA144	Gene2516	0.5099
sRNA131	Gene2392	0.56238
sRNA1	Gene450	0.48291
sRNA43	Gene2115	0.52913
sRNA52	Gene722	0.58087
sRNA165	Gene461	0.46702
sRNA203	Gene826	0.50839
sRNA231	Gene658	0.51898
sRNA49	Gene20	0.54557
sRNA203	Gene1028	0.54909
sRNA50	Gene962	0.45375
sRNA133	Gene761	0.57754
sRNA208	Gene1746	0.47878
sRNA9	Gene1086	0.55869
sRNA276	Gene2318	0.53392
sRNA28	Gene802	0.45712
sRNA197	Gene1090	0.57312
sRNA172	Gene1752	0.46463
sRNA20	Gene480	0.5748
sRNA141	Gene610	0.54377
sRNA3	Gene1905	0.4533
sRNA216	Gene608	0.55009
sRNA101	Gene657	0.49429
sRNA168	Gene1114	0.4641
sRNA60	Gene2092	0.46808
sRNA96	Gene1815	0.48678
sRNA167	Gene2203	0.46959
sRNA241	Gene30	0.56868
sRNA125	Gene1429	0.55431
sRNA286	Gene155	0.45842
sRNA99	Gene1564	0.52344
sRNA240	Gene332	0.50638
sRNA9	Gene1270	0.45807
sRNA155	Gene1426	0.52777
sRNA223	Gene2387	0.56433
sRNA312	Gene263	0.48806
sRNA99	Gene1329	0.54553
sRNA112	Gene664	0.5639
sRNA17	Gene518	0.49842
sRNA149	Gene1019	0.49626
sRNA181	Gene2389	0.59217
sRNA76	Gene1875	0.54897
sRNA29	Gene309	0.5513
sRNA22	Gene2648	0.45455
sRNA34	Gene774	0.50382
sRNA86	Gene1433	0.58562
sRNA174	Gene1327	0.49661
sRNA96	Gene2090	0.49917
sRNA4	Gene940	0.49259
sRNA43	Gene1996	0.48468
sRNA15	Gene114	0.55575
sRNA228	Gene150	0.51251
sRNA155	Gene2744	0.46978
sRNA69	Gene2336	0.51345
sRNA233	Gene1067	0.5589
sRNA9	Gene1857	0.52933
sRNA157	Gene2156	0.56964
sRNA128	Gene2748	0.53152
sRNA23	Gene1398	0.49215
sRNA81	Gene1623	0.5286
sRNA114	Gene1168	0.50905
sRNA241	Gene1032	0.51127
sRNA63	Gene2704	0.50231
sRNA164	Gene1947	0.47654
sRNA214	Gene2261	0.47195
sRNA175	Gene2570	0.4818
sRNA269	Gene641	0.48468
sRNA35	Gene1225	0.54452
sRNA96	Gene1969	0.46679
sRNA105	Gene877	0.50653
sRNA230	Gene222	0.51108
sRNA179	Gene2402	0.4925
sRNA9	Gene2404	0.55972
sRNA126	Gene178	0.4876
sRNA64	Gene652	0.57476
sRNA54	Gene2512	0.4731
sRNA5	Gene1070	0.59894
sRNA257	Gene294	0.53906
sRNA190	Gene2713	0.54891
sRNA5	Gene2411	0.47439
sRNA220	Gene1846	0.50183
sRNA103	Gene1628	0.46802
sRNA183	Gene1857	0.50514
sRNA119	Gene2517	0.55595
sRNA18	Gene657	0.52465
sRNA14	Gene264	0.51384
sRNA222	Gene2182	0.47557
sRNA1	Gene121	0.53713
sRNA170	Gene2203	0.50513
sRNA155	Gene2641	0.46267
sRNA52	Gene1181	0.55789
sRNA135	Gene1887	0.51444
sRNA157	Gene1156	0.54769
sRNA237	Gene623	0.47713
sRNA27	Gene1445	0.44624
sRNA65	Gene1699	0.51841
sRNA86	Gene1771	0.57633
sRNA185	Gene690	0.50125
sRNA278	Gene1417	0.44709
sRNA9	Gene67	0.56654
sRNA17	Gene1550	0.54781
sRNA142	Gene2051	0.47354
sRNA207	Gene2540	0.52607
sRNA164	Gene1989	0.49091
sRNA57	Gene154	0.51475
sRNA130	Gene1176	0.57712
sRNA49	Gene910	0.4955
sRNA78	Gene844	0.54009
sRNA124	Gene1101	0.57982
sRNA126	Gene1065	0.53577
sRNA25	Gene2157	0.50126
sRNA25	Gene756	0.58496
sRNA103	Gene901	0.52361
sRNA87	Gene1815	0.5814
sRNA76	Gene793	0.55178
sRNA255	Gene327	0.47711
sRNA49	Gene2048	0.5629
sRNA57	Gene1783	0.49854
sRNA158	Gene403	0.54795
sRNA198	Gene2497	0.49021
sRNA52	Gene865	0.56075
sRNA150	Gene963	0.48075
sRNA47	Gene1640	0.47546
sRNA220	Gene1869	0.56378
sRNA40	Gene705	0.56058
sRNA221	Gene2515	0.60815
sRNA178	Gene588	0.53077
sRNA191	Gene408	0.46951
sRNA144	Gene2784	0.53495
sRNA14	Gene502	0.48182
sRNA225	Gene2496	0.5924
sRNA206	Gene1482	0.5054
sRNA134	Gene1588	0.57205
sRNA132	Gene2765	0.49799
sRNA112	Gene621	0.53464
sRNA66	Gene1708	0.46981
sRNA140	Gene1216	0.52128
sRNA109	Gene1957	0.5278
sRNA207	Gene659	0.5441
sRNA71	Gene1921	0.59
sRNA156	Gene2562	0.583
sRNA212	Gene122	0.48199
sRNA70	Gene2710	0.53419
sRNA218	Gene1061	0.52955
sRNA25	Gene2600	0.51552
sRNA217	Gene24	0.56103
sRNA41	Gene847	0.52541
sRNA240	Gene1746	0.56965
sRNA105	Gene2684	0.49785
sRNA186	Gene2686	0.57465
sRNA101	Gene1913	0.47425
sRNA3	Gene493	0.5552
sRNA154	Gene102	0.57558
sRNA259	Gene732	0.47759
sRNA277	Gene491	0.48441
sRNA100	Gene678	0.56726
sRNA147	Gene1710	0.49848
sRNA177	Gene1197	0.49867
sRNA169	Gene362	0.51222
sRNA116	Gene2599	0.51389
sRNA175	Gene1190	0.49545
sRNA181	Gene1191	0.55048
sRNA292	Gene686	0.4661
sRNA1	Gene945	0.50177
sRNA82	Gene2053	0.51419
sRNA193	Gene2295	0.50568
sRNA105	Gene2565	0.49915
sRNA218	Gene2050	0.52883
sRNA173	Gene80	0.47425
sRNA136	Gene2544	0.50538
sRNA222	Gene526	0.51731
sRNA153	Gene1603	0.50346
sRNA151	Gene2046	0.51221
sRNA225	Gene1827	0.57483
sRNA163	Gene1122	0.48746
sRNA200	Gene1430	0.48887
sRNA51	Gene2318	0.57475
sRNA212	Gene327	0.49931
sRNA239	Gene719	0.48076
sRNA163	Gene2018	0.54586
sRNA115	Gene727	0.55264
sRNA239	Gene2840	0.5089
sRNA5	Gene1193	0.54454
sRNA280	Gene1194	0.49766
sRNA76	Gene810	0.56339
sRNA110	Gene526	0.55684
sRNA76	Gene2467	0.50876
sRNA232	Gene1976	0.51276
sRNA9	Gene2244	0.54719
sRNA9	Gene1237	0.54626
sRNA202	Gene2210	0.55235
sRNA185	Gene911	0.49261
sRNA147	Gene2050	0.53299
sRNA179	Gene2325	0.46024
sRNA186	Gene1947	0.58534
sRNA82	Gene1577	0.50503
sRNA209	Gene1837	0.5077
sRNA107	Gene320	0.49458
sRNA174	Gene1150	0.51427
sRNA133	Gene2432	0.49947
sRNA124	Gene1637	0.53588
sRNA67	Gene387	0.47911
sRNA18	Gene618	0.48571
sRNA113	Gene332	0.47222
sRNA147	Gene1874	0.52557
sRNA154	Gene1220	0.57535
sRNA186	Gene640	0.54066
sRNA67	Gene804	0.50794
sRNA9	Gene452	0.52057
sRNA141	Gene1878	0.52797
sRNA43	Gene1124	0.50813
sRNA116	Gene2399	0.52296
sRNA3	Gene2663	0.47956
sRNA205	Gene59	0.44648
sRNA17	Gene639	0.53427
sRNA77	Gene2549	0.53923
sRNA111	Gene2772	0.59872
sRNA9	Gene2040	0.52235
sRNA60	Gene1068	0.5016
sRNA254	Gene2345	0.48135
sRNA172	Gene2764	0.50665
sRNA103	Gene2027	0.47635
sRNA41	Gene1317	0.57178
sRNA134	Gene60	0.57814
sRNA171	Gene620	0.46799
sRNA212	Gene222	0.50102
sRNA151	Gene1292	0.48391
sRNA189	Gene2507	0.50847
sRNA95	Gene1965	0.53479
sRNA130	Gene1581	0.55587
sRNA57	Gene202	0.48795
sRNA50	Gene2238	0.55264
sRNA53	Gene437	0.50607
sRNA100	Gene2658	0.491
sRNA23	Gene695	0.50585
sRNA127	Gene2671	0.55881
sRNA186	Gene2235	0.56571
sRNA46	Gene1968	0.57563
sRNA9	Gene249	0.494
sRNA1	Gene666	0.50706
sRNA15	Gene2280	0.53198
sRNA82	Gene1941	0.51649
sRNA239	Gene859	0.50911
sRNA148	Gene881	0.5294
sRNA47	Gene2601	0.52561
sRNA3	Gene472	0.50724
sRNA168	Gene1984	0.50756
sRNA50	Gene2801	0.48121
sRNA9	Gene1286	0.48714
sRNA56	Gene528	0.52529
sRNA44	Gene1333	0.48841
sRNA247	Gene987	0.45771
sRNA9	Gene624	0.48312
sRNA222	Gene1315	0.48702
sRNA65	Gene2399	0.57929
sRNA75	Gene1419	0.54837
sRNA9	Gene1579	0.53108
sRNA9	Gene338	0.58288
sRNA9	Gene2662	0.53704
sRNA167	Gene2145	0.57848
sRNA173	Gene2628	0.50081
sRNA14	Gene1597	0.53394
sRNA244	Gene1934	0.51488
sRNA287	Gene1355	0.536
sRNA9	Gene997	0.54184
sRNA101	Gene717	0.56321
sRNA228	Gene784	0.53432
sRNA9	Gene341	0.49072
sRNA39	Gene969	0.58046
sRNA9	Gene13	0.49871
sRNA38	Gene981	0.55769
sRNA46	Gene2786	0.55993
sRNA152	Gene242	0.54278
sRNA96	Gene1570	0.53195
sRNA284	Gene2514	0.48791
sRNA24	Gene772	0.54748
sRNA25	Gene2732	0.5411
sRNA7	Gene1886	0.53441
sRNA185	Gene27	0.52304
sRNA80	Gene1237	0.4941
sRNA180	Gene2425	0.52065
sRNA262	Gene979	0.54494
sRNA212	Gene442	0.49871
sRNA50	Gene592	0.5562
sRNA54	Gene1001	0.48607
sRNA242	Gene314	0.54667
sRNA215	Gene524	0.56253
sRNA249	Gene915	0.50732
sRNA67	Gene1290	0.49052
sRNA9	Gene2167	0.49835
sRNA54	Gene936	0.45947
sRNA95	Gene724	0.53508
sRNA252	Gene1433	0.45197
sRNA50	Gene818	0.48765
sRNA93	Gene2463	0.59908
sRNA122	Gene265	0.53392
sRNA57	Gene1535	0.46795
sRNA3	Gene1615	0.49818
sRNA232	Gene2192	0.49464
sRNA250	Gene2736	0.45698
sRNA52	Gene30	0.60262
sRNA273	Gene1705	0.50815
sRNA208	Gene2162	0.51979
sRNA171	Gene2360	0.49571
sRNA119	Gene1157	0.50983
sRNA50	Gene1334	0.53439
sRNA136	Gene195	0.48013
sRNA58	Gene2083	0.51121
sRNA179	Gene1183	0.48303
sRNA192	Gene2151	0.52062
sRNA173	Gene2718	0.48191
sRNA7	Gene680	0.60177
sRNA194	Gene2223	0.53689
sRNA192	Gene1259	0.51613
sRNA192	Gene2689	0.49256
sRNA235	Gene2252	0.56232
sRNA206	Gene1909	0.50329
sRNA224	Gene2678	0.55109
sRNA173	Gene1399	0.52795
sRNA50	Gene1502	0.5786
sRNA180	Gene2317	0.58386
sRNA131	Gene140	0.56802
sRNA61	Gene511	0.56674
sRNA68	Gene1395	0.48719
sRNA9	Gene2759	0.53866
sRNA9	Gene1522	0.54708
sRNA229	Gene1932	0.53385
sRNA4	Gene2640	0.48803
sRNA182	Gene541	0.52598
sRNA201	Gene1777	0.48042
sRNA175	Gene2507	0.49235
sRNA237	Gene931	0.49197
sRNA9	Gene1537	0.5354
sRNA218	Gene81	0.59859
sRNA180	Gene1805	0.51339
sRNA81	Gene390	0.5218
sRNA9	Gene372	0.50171
sRNA186	Gene967	0.49804
sRNA208	Gene1772	0.47021
sRNA7	Gene1887	0.5371
sRNA159	Gene802	0.51809
sRNA98	Gene856	0.54537
sRNA52	Gene1594	0.58214
sRNA96	Gene2372	0.49697
sRNA162	Gene2582	0.49732
sRNA46	Gene390	0.5428
sRNA259	Gene353	0.46931
sRNA150	Gene1375	0.53537
sRNA84	Gene2140	0.5915
sRNA215	Gene253	0.55005
sRNA141	Gene1626	0.56444
sRNA243	Gene1321	0.53588
sRNA15	Gene2817	0.5517
sRNA9	Gene784	0.54188
sRNA4	Gene1781	0.44654
sRNA2	Gene1130	0.47044
sRNA208	Gene1683	0.48809
sRNA32	Gene495	0.53084
sRNA160	Gene1365	0.52799
sRNA186	Gene2828	0.50546
sRNA219	Gene1984	0.47335
sRNA105	Gene1875	0.49492
sRNA144	Gene1470	0.51843
sRNA145	Gene709	0.55521
sRNA209	Gene2540	0.56629
sRNA163	Gene2035	0.5656
sRNA66	Gene128	0.48305
sRNA24	Gene1708	0.4709
sRNA96	Gene2685	0.52716
sRNA28	Gene484	0.49514
sRNA64	Gene1828	0.57151
sRNA156	Gene533	0.49797
sRNA96	Gene2421	0.47769
sRNA77	Gene2069	0.53586
sRNA78	Gene1580	0.51264
sRNA188	Gene1314	0.49837
sRNA132	Gene2401	0.51844
sRNA244	Gene2497	0.58579
sRNA63	Gene2242	0.52951
sRNA17	Gene215	0.49544
sRNA226	Gene2475	0.50818
sRNA14	Gene511	0.50525
sRNA104	Gene1261	0.49702
sRNA209	Gene712	0.57568
sRNA146	Gene2181	0.58378
sRNA44	Gene504	0.47295
sRNA160	Gene908	0.51905
sRNA34	Gene1840	0.46469
sRNA97	Gene1550	0.52705
sRNA146	Gene251	0.52092
sRNA208	Gene2189	0.47074
sRNA104	Gene2259	0.50256
sRNA50	Gene1373	0.47039
sRNA223	Gene1255	0.57658
sRNA64	Gene425	0.53518
sRNA67	Gene551	0.55589
sRNA182	Gene1986	0.52805
sRNA249	Gene2721	0.49702
sRNA50	Gene1420	0.53775
sRNA7	Gene1488	0.52315
sRNA26	Gene572	0.51392
sRNA116	Gene263	0.56311
sRNA276	Gene1628	0.5368
sRNA190	Gene1130	0.56926
sRNA206	Gene741	0.50964
sRNA55	Gene900	0.57735
sRNA201	Gene1982	0.51089
sRNA140	Gene2204	0.51702
sRNA111	Gene1819	0.58483
sRNA193	Gene1743	0.47258
sRNA9	Gene1629	0.58574
sRNA257	Gene1841	0.53574
sRNA9	Gene2082	0.45498
sRNA72	Gene2319	0.53604
sRNA92	Gene2681	0.52496
sRNA112	Gene1963	0.56876
sRNA237	Gene2694	0.50652
sRNA317	Gene2462	0.47332
sRNA7	Gene2446	0.59687
sRNA257	Gene938	0.54403
sRNA231	Gene1838	0.5389
sRNA3	Gene1592	0.54844
sRNA43	Gene2175	0.46658
sRNA187	Gene1290	0.51921
sRNA173	Gene1421	0.53625
sRNA45	Gene1322	0.50598
sRNA45	Gene1287	0.54767
sRNA118	Gene2211	0.52845
sRNA57	Gene339	0.46011
sRNA235	Gene1626	0.5693
sRNA202	Gene1681	0.52514
sRNA30	Gene367	0.47648
sRNA143	Gene353	0.5443
sRNA193	Gene110	0.48117
sRNA37	Gene1222	0.54527
sRNA31	Gene1949	0.47381
sRNA151	Gene1398	0.53012
sRNA289	Gene2360	0.47913
sRNA110	Gene2713	0.55543
sRNA162	Gene1291	0.54342
sRNA80	Gene768	0.55782
sRNA252	Gene1023	0.46545
sRNA104	Gene2262	0.47548
sRNA229	Gene1124	0.55774
sRNA14	Gene1303	0.49255
sRNA122	Gene1806	0.51805
sRNA275	Gene1570	0.47352
sRNA134	Gene1910	0.53182
sRNA244	Gene844	0.60129
sRNA241	Gene2249	0.55492
sRNA131	Gene2363	0.55245
sRNA109	Gene1367	0.55632
sRNA43	Gene1980	0.50055
sRNA292	Gene2176	0.50167
sRNA53	Gene2492	0.51488
sRNA108	Gene1884	0.53075
sRNA80	Gene2040	0.48589
sRNA212	Gene2756	0.56524
sRNA68	Gene1446	0.51041
sRNA7	Gene47	0.52014
sRNA140	Gene2208	0.59168
sRNA9	Gene984	0.46799
sRNA73	Gene1544	0.45344
sRNA209	Gene1918	0.54328
sRNA118	Gene1499	0.55239
sRNA231	Gene2821	0.50437
sRNA285	Gene656	0.45716
sRNA96	Gene1672	0.55371
sRNA218	Gene1582	0.5463
sRNA13	Gene2357	0.44638
sRNA96	Gene1285	0.50918
sRNA164	Gene1135	0.4888
sRNA117	Gene1788	0.55883
sRNA92	Gene2437	0.51956
sRNA43	Gene166	0.46336
sRNA122	Gene2428	0.51002
sRNA43	Gene2347	0.5053
sRNA9	Gene1596	0.46883
sRNA76	Gene136	0.59265
sRNA83	Gene656	0.5805
sRNA243	Gene2614	0.55274
sRNA286	Gene2511	0.4944
sRNA250	Gene470	0.48272
sRNA51	Gene398	0.51471
sRNA44	Gene348	0.44815
sRNA79	Gene1826	0.52671
sRNA62	Gene499	0.52888
sRNA148	Gene2436	0.53924
sRNA150	Gene1478	0.52219
sRNA230	Gene2208	0.5016
sRNA43	Gene323	0.52975
sRNA190	Gene1493	0.55987
sRNA210	Gene2327	0.51564
sRNA114	Gene1470	0.57489
sRNA275	Gene2719	0.45639
sRNA186	Gene540	0.55065
sRNA215	Gene2555	0.44978
sRNA239	Gene2629	0.54436
sRNA233	Gene1116	0.52104
sRNA28	Gene234	0.53525
sRNA136	Gene2089	0.52982
sRNA50	Gene1446	0.55283
sRNA154	Gene987	0.54984
sRNA72	Gene2599	0.55509
sRNA78	Gene528	0.56678
sRNA223	Gene1562	0.60373
sRNA224	Gene2022	0.53014
sRNA43	Gene1200	0.56169
sRNA47	Gene532	0.56241
sRNA264	Gene1045	0.5148
sRNA96	Gene194	0.54042
sRNA78	Gene2626	0.534
sRNA9	Gene1160	0.45972
sRNA236	Gene2347	0.56319
sRNA102	Gene606	0.48411
sRNA278	Gene2139	0.48076
sRNA26	Gene1879	0.49432
sRNA173	Gene1182	0.56209
sRNA207	Gene1182	0.55951
sRNA172	Gene1533	0.51205
sRNA118	Gene2000	0.47895
sRNA227	Gene2009	0.5582
sRNA85	Gene589	0.53082
sRNA103	Gene1641	0.5701
sRNA85	Gene983	0.50534
sRNA291	Gene1094	0.50216
sRNA198	Gene848	0.49029
sRNA144	Gene2196	0.55119
sRNA50	Gene945	0.52683
sRNA151	Gene2662	0.53576
sRNA42	Gene1868	0.54438
sRNA189	Gene1802	0.51571
sRNA171	Gene2602	0.49064
sRNA72	Gene2128	0.54032
sRNA143	Gene1866	0.53665
sRNA66	Gene542	0.50233
sRNA203	Gene2560	0.49001
sRNA1	Gene1886	0.52989
sRNA84	Gene1242	0.54256
sRNA136	Gene256	0.50626
sRNA8	Gene296	0.50451
sRNA136	Gene906	0.48039
sRNA30	Gene901	0.54058
sRNA218	Gene1051	0.5399
sRNA50	Gene496	0.46726
sRNA32	Gene2495	0.49445
sRNA15	Gene2365	0.53348
sRNA129	Gene1752	0.58378
sRNA157	Gene1390	0.51804
sRNA15	Gene1741	0.50087
sRNA181	Gene683	0.51373
sRNA181	Gene2454	0.54276
sRNA187	Gene1450	0.50861
sRNA21	Gene6	0.53997
sRNA240	Gene479	0.55395
sRNA63	Gene1277	0.52717
sRNA169	Gene2018	0.58549
sRNA105	Gene726	0.49801
sRNA3	Gene2855	0.55944
sRNA172	Gene2307	0.49165
sRNA9	Gene1407	0.45304
sRNA43	Gene1878	0.47023
sRNA23	Gene1573	0.49907
sRNA69	Gene2020	0.45215
sRNA89	Gene385	0.51647
sRNA10	Gene1662	0.55512
sRNA226	Gene2138	0.56735
sRNA240	Gene2802	0.54908
sRNA205	Gene274	0.46481
sRNA55	Gene706	0.56436
sRNA143	Gene154	0.54308
sRNA49	Gene2712	0.54933
sRNA285	Gene2822	0.47587
sRNA53	Gene800	0.55662
sRNA6	Gene803	0.47942
sRNA212	Gene940	0.55052
sRNA3	Gene2626	0.58164
sRNA49	Gene35	0.53925
sRNA132	Gene1383	0.471
sRNA169	Gene2159	0.59462
sRNA28	Gene647	0.52481
sRNA169	Gene380	0.55798
sRNA157	Gene2256	0.58376
sRNA20	Gene311	0.56511
sRNA41	Gene2249	0.58144
sRNA13	Gene2343	0.4832
sRNA9	Gene1283	0.5588
sRNA173	Gene1699	0.4953
sRNA67	Gene966	0.55774
sRNA132	Gene395	0.47573
sRNA239	Gene2379	0.53348
sRNA179	Gene559	0.46867
sRNA67	Gene492	0.54012
sRNA50	Gene2296	0.51398
sRNA91	Gene2187	0.49217
sRNA92	Gene1662	0.54672
sRNA204	Gene1261	0.47156
sRNA75	Gene2207	0.52783
sRNA86	Gene1007	0.56252
sRNA229	Gene202	0.50589
sRNA110	Gene1371	0.57593
sRNA37	Gene2699	0.60897
sRNA110	Gene1178	0.58907
sRNA257	Gene860	0.50369
sRNA189	Gene2143	0.49748
sRNA186	Gene1916	0.55704
sRNA80	Gene319	0.48966
sRNA186	Gene1368	0.56472
sRNA152	Gene1791	0.55209
sRNA9	Gene2651	0.49246
sRNA114	Gene165	0.51856
sRNA177	Gene2368	0.51221
sRNA105	Gene1821	0.52261
sRNA114	Gene2545	0.51947
sRNA9	Gene335	0.48789
sRNA62	Gene687	0.52815
sRNA131	Gene858	0.57205
sRNA298	Gene2114	0.55442
sRNA37	Gene2446	0.56214
sRNA47	Gene2473	0.53834
sRNA50	Gene1886	0.45419
sRNA246	Gene1000	0.50853
sRNA48	Gene1480	0.55622
sRNA248	Gene1288	0.47472
sRNA163	Gene853	0.565
sRNA164	Gene352	0.46655
sRNA42	Gene1570	0.5433
sRNA119	Gene549	0.50873
sRNA48	Gene2841	0.54858
sRNA4	Gene2128	0.44909
sRNA84	Gene1058	0.51292
sRNA208	Gene2169	0.52158
sRNA104	Gene2210	0.51937
sRNA191	Gene2128	0.50035
sRNA65	Gene369	0.57865
sRNA76	Gene1601	0.54894
sRNA58	Gene1921	0.4978
sRNA187	Gene1733	0.50276
sRNA140	Gene765	0.51591
sRNA185	Gene229	0.48419
sRNA132	Gene2532	0.57086
sRNA113	Gene1494	0.50151
sRNA135	Gene430	0.51219
sRNA64	Gene2031	0.5128
sRNA235	Gene2521	0.58311
sRNA50	Gene1053	0.53833
sRNA100	Gene93	0.59446
sRNA52	Gene1990	0.55724
sRNA69	Gene1435	0.49297
sRNA9	Gene1696	0.4876
sRNA104	Gene1786	0.52918
sRNA275	Gene2296	0.48036
sRNA92	Gene1546	0.54278
sRNA119	Gene1265	0.51489
sRNA147	Gene904	0.53599
sRNA164	Gene166	0.45764
sRNA5	Gene1503	0.47817
sRNA265	Gene2598	0.51024
sRNA29	Gene763	0.54053
sRNA56	Gene2584	0.45174
sRNA112	Gene2689	0.56721
sRNA21	Gene553	0.56103
sRNA32	Gene1827	0.47708
sRNA147	Gene1290	0.52935
sRNA30	Gene2621	0.49961
sRNA108	Gene972	0.49426
sRNA204	Gene896	0.50209
sRNA218	Gene2161	0.55499
sRNA203	Gene1537	0.52636
sRNA196	Gene2030	0.45496
sRNA146	Gene2752	0.52653
sRNA69	Gene2306	0.45021
sRNA191	Gene1663	0.49128
sRNA172	Gene568	0.48413
sRNA17	Gene1990	0.50728
sRNA232	Gene63	0.47977
sRNA74	Gene919	0.49703
sRNA235	Gene1489	0.48524
sRNA88	Gene2429	0.55297
sRNA229	Gene2368	0.49471
sRNA183	Gene536	0.56309
sRNA274	Gene2085	0.46222
sRNA200	Gene1985	0.4637
sRNA116	Gene2635	0.48598
sRNA78	Gene2608	0.52093
sRNA69	Gene1574	0.48566
sRNA66	Gene1457	0.47243
sRNA178	Gene2721	0.56158
sRNA3	Gene2506	0.4635
sRNA240	Gene2801	0.54819
sRNA226	Gene2159	0.52647
sRNA128	Gene2676	0.5269
sRNA113	Gene2609	0.50592
sRNA91	Gene2540	0.4928
sRNA194	Gene291	0.54853
sRNA71	Gene1780	0.54644
sRNA188	Gene2741	0.51587
sRNA50	Gene414	0.48697
sRNA282	Gene493	0.44837
sRNA218	Gene1782	0.52392
sRNA31	Gene325	0.47
sRNA152	Gene2162	0.54444
sRNA110	Gene409	0.54879
sRNA50	Gene990	0.59365
sRNA265	Gene1633	0.50428
sRNA225	Gene607	0.53002
sRNA51	Gene2178	0.56495
sRNA42	Gene430	0.58049
sRNA117	Gene329	0.55931
sRNA12	Gene1405	0.59923
sRNA167	Gene1103	0.57475
sRNA247	Gene2057	0.47693
sRNA142	Gene1363	0.45178
sRNA204	Gene465	0.49382
sRNA67	Gene470	0.54376
sRNA52	Gene1290	0.55967
sRNA291	Gene999	0.45706
sRNA220	Gene1842	0.59092
sRNA137	Gene701	0.51689
sRNA3	Gene1939	0.48545
sRNA159	Gene2548	0.52216
sRNA84	Gene574	0.55949
sRNA209	Gene2395	0.5741
sRNA161	Gene344	0.51624
sRNA59	Gene1162	0.6016
sRNA111	Gene605	0.58336
sRNA36	Gene2670	0.4861
sRNA122	Gene578	0.49183
sRNA178	Gene741	0.54534
sRNA50	Gene1329	0.47335
sRNA37	Gene1688	0.53931
sRNA186	Gene1763	0.54457
sRNA9	Gene1405	0.52887
sRNA195	Gene721	0.51678
sRNA50	Gene1842	0.49864
sRNA42	Gene809	0.56416
sRNA7	Gene442	0.56357
sRNA167	Gene1989	0.54402
sRNA136	Gene2288	0.55243
sRNA233	Gene1855	0.57682
sRNA221	Gene1604	0.4999
sRNA35	Gene322	0.53563
sRNA50	Gene1844	0.45144
sRNA252	Gene767	0.447
sRNA219	Gene2691	0.4691
sRNA65	Gene1991	0.58365
sRNA9	Gene2104	0.45323
sRNA239	Gene2786	0.50212
sRNA5	Gene2490	0.49998
sRNA41	Gene2520	0.5666
sRNA91	Gene2177	0.49148
sRNA118	Gene2824	0.47111
sRNA148	Gene383	0.51026
sRNA78	Gene1803	0.47837
sRNA240	Gene1739	0.5486
sRNA210	Gene1737	0.46134
sRNA247	Gene2377	0.47775
sRNA6	Gene2711	0.47518
sRNA232	Gene2289	0.5058
sRNA135	Gene827	0.52986
sRNA165	Gene128	0.45796
sRNA163	Gene1413	0.58041
sRNA216	Gene2335	0.48585
sRNA110	Gene1099	0.50909
sRNA209	Gene2698	0.53449
sRNA229	Gene433	0.52727
sRNA26	Gene1756	0.53092
sRNA212	Gene440	0.48617
sRNA170	Gene2597	0.53762
sRNA181	Gene911	0.54465
sRNA145	Gene2653	0.50805
sRNA247	Gene1561	0.47901
sRNA104	Gene1991	0.53317
sRNA89	Gene2335	0.4721
sRNA285	Gene2047	0.44633
sRNA161	Gene723	0.51265
sRNA176	Gene2459	0.59174
sRNA29	Gene104	0.54985
sRNA164	Gene1429	0.48154
sRNA130	Gene682	0.51999
sRNA232	Gene1250	0.48279
sRNA158	Gene993	0.49878
sRNA177	Gene1278	0.47041
sRNA80	Gene1393	0.50553
sRNA96	Gene237	0.5026
sRNA9	Gene2543	0.44983
sRNA298	Gene55	0.54846
sRNA157	Gene1417	0.55354
sRNA73	Gene308	0.48588
sRNA116	Gene387	0.49811
sRNA143	Gene1967	0.56869
sRNA148	Gene1984	0.53711
sRNA147	Gene993	0.50436
sRNA270	Gene176	0.48817
sRNA101	Gene1838	0.56171
sRNA111	Gene2102	0.57968
sRNA50	Gene317	0.53069
sRNA238	Gene2429	0.46102
sRNA63	Gene1730	0.48922
sRNA95	Gene1288	0.53442
sRNA186	Gene626	0.51683
sRNA117	Gene1285	0.54996
sRNA158	Gene2201	0.50251
sRNA49	Gene2630	0.5251
sRNA120	Gene237	0.57377
sRNA191	Gene931	0.46523
sRNA249	Gene1197	0.45752
sRNA207	Gene1716	0.56889
sRNA92	Gene799	0.57462
sRNA178	Gene2134	0.55242
sRNA220	Gene1562	0.57493
sRNA168	Gene237	0.45017
sRNA219	Gene460	0.56172
sRNA230	Gene353	0.47639
sRNA123	Gene1612	0.50907
sRNA18	Gene1835	0.53388
sRNA82	Gene1900	0.52961
sRNA146	Gene1071	0.5237
sRNA9	Gene590	0.61477
sRNA96	Gene2719	0.50496
sRNA206	Gene1144	0.51468
sRNA103	Gene1529	0.49766
sRNA147	Gene1539	0.5256
sRNA32	Gene1262	0.54022
sRNA194	Gene2224	0.53314
sRNA70	Gene1244	0.50084
sRNA52	Gene2650	0.52813
sRNA270	Gene144	0.47478
sRNA145	Gene1864	0.57647
sRNA79	Gene1464	0.51026
sRNA64	Gene1383	0.4851
sRNA239	Gene308	0.52184
sRNA193	Gene2560	0.46012
sRNA180	Gene514	0.52148
sRNA98	Gene2645	0.53314
sRNA186	Gene1453	0.58234
sRNA25	Gene901	0.56879
sRNA188	Gene1903	0.52901
sRNA174	Gene626	0.46234
sRNA50	Gene619	0.50417
sRNA212	Gene2349	0.49456
sRNA248	Gene2389	0.48198
sRNA44	Gene1583	0.52062
sRNA207	Gene514	0.54167
sRNA114	Gene2266	0.54963
sRNA103	Gene809	0.51957
sRNA26	Gene1413	0.53147
sRNA231	Gene413	0.48178
sRNA91	Gene733	0.46742
sRNA50	Gene2182	0.50072
sRNA148	Gene1409	0.50851
sRNA181	Gene1472	0.58593
sRNA148	Gene124	0.5311
sRNA274	Gene2667	0.45305
sRNA62	Gene2747	0.51417
sRNA55	Gene755	0.5798
sRNA98	Gene924	0.49803
sRNA45	Gene160	0.55733
sRNA174	Gene2513	0.48995
sRNA158	Gene1011	0.47672
sRNA62	Gene2029	0.46382
sRNA18	Gene2167	0.50218
sRNA29	Gene2285	0.49347
sRNA96	Gene597	0.50583
sRNA171	Gene2310	0.48272
sRNA3	Gene2783	0.47583
sRNA265	Gene382	0.47456
sRNA135	Gene2359	0.53832
sRNA258	Gene1935	0.46727
sRNA133	Gene826	0.53173
sRNA145	Gene859	0.58136
sRNA9	Gene485	0.51295
sRNA204	Gene119	0.50431
sRNA229	Gene1534	0.52908
sRNA112	Gene1620	0.54976
sRNA51	Gene2726	0.54562
sRNA169	Gene1997	0.51294
sRNA139	Gene2470	0.48523
sRNA173	Gene706	0.48009
sRNA286	Gene1580	0.47115
sRNA75	Gene1229	0.51787
sRNA65	Gene520	0.58827
sRNA71	Gene1148	0.56772
sRNA9	Gene885	0.52523
sRNA121	Gene1249	0.45529
sRNA163	Gene2822	0.55009
sRNA140	Gene1913	0.53435
sRNA4	Gene1336	0.44726
sRNA3	Gene2047	0.50379
sRNA155	Gene263	0.50184
sRNA68	Gene823	0.44662
sRNA158	Gene68	0.49937
sRNA48	Gene1542	0.55629
sRNA206	Gene1622	0.51662
sRNA135	Gene1906	0.54013
sRNA67	Gene1227	0.51412
sRNA37	Gene1637	0.5687
sRNA160	Gene2125	0.48062
sRNA161	Gene1568	0.54373
sRNA167	Gene1813	0.50727
sRNA174	Gene2325	0.45552
sRNA169	Gene2	0.54941
sRNA169	Gene649	0.45926
sRNA139	Gene1895	0.51917
sRNA192	Gene2074	0.49491
sRNA25	Gene1331	0.5214
sRNA142	Gene1092	0.53545
sRNA71	Gene1465	0.51346
sRNA191	Gene1890	0.52374
sRNA50	Gene2356	0.49035
sRNA227	Gene1194	0.57275
sRNA206	Gene1024	0.52674
sRNA194	Gene332	0.50666
sRNA20	Gene2400	0.57324
sRNA104	Gene486	0.5443
sRNA77	Gene2855	0.52096
sRNA189	Gene2286	0.4962
sRNA249	Gene2297	0.5416
sRNA8	Gene1147	0.53244
sRNA98	Gene2171	0.51889
sRNA64	Gene1963	0.60738
sRNA49	Gene2274	0.53847
sRNA3	Gene2861	0.4706
sRNA7	Gene1663	0.55369
sRNA203	Gene1007	0.54995
sRNA220	Gene1099	0.54448
sRNA201	Gene2587	0.52196
sRNA159	Gene1399	0.51887
sRNA77	Gene247	0.58548
sRNA9	Gene966	0.56993
sRNA9	Gene2753	0.51085
sRNA191	Gene2301	0.48109
sRNA147	Gene2347	0.52825
sRNA174	Gene1436	0.50232
sRNA162	Gene1661	0.56959
sRNA60	Gene793	0.55784
sRNA130	Gene1530	0.53832
sRNA101	Gene2500	0.52822
sRNA134	Gene450	0.57603
sRNA148	Gene1975	0.51212
sRNA309	Gene894	0.44746
sRNA246	Gene779	0.54233
sRNA170	Gene314	0.54766
sRNA51	Gene1099	0.58448
sRNA60	Gene2274	0.50545
sRNA130	Gene463	0.5661
sRNA204	Gene2244	0.53811
sRNA240	Gene1466	0.56719
sRNA9	Gene1278	0.46229
sRNA30	Gene140	0.53467
sRNA82	Gene2353	0.5215
sRNA96	Gene1517	0.5047
sRNA151	Gene2176	0.54021
sRNA257	Gene524	0.54132
sRNA194	Gene796	0.55971
sRNA50	Gene1239	0.47844
sRNA148	Gene884	0.54849
sRNA239	Gene517	0.52508
sRNA53	Gene156	0.53548
sRNA74	Gene570	0.51172
sRNA23	Gene2711	0.49533
sRNA244	Gene157	0.56219
sRNA200	Gene186	0.47299
sRNA130	Gene1513	0.53044
sRNA60	Gene438	0.50188
sRNA88	Gene1602	0.5572
sRNA229	Gene1745	0.50378
sRNA173	Gene2328	0.52531
sRNA251	Gene319	0.46295
sRNA112	Gene2124	0.55785
sRNA58	Gene1164	0.57786
sRNA25	Gene465	0.53679
sRNA152	Gene621	0.52357
sRNA243	Gene2048	0.58591
sRNA274	Gene48	0.48001
sRNA83	Gene1748	0.50324
sRNA274	Gene1410	0.46343
sRNA64	Gene1729	0.55748
sRNA9	Gene331	0.46133
sRNA3	Gene1482	0.51723
sRNA82	Gene370	0.5421
sRNA144	Gene2201	0.48757
sRNA24	Gene2125	0.4596
sRNA192	Gene923	0.5113
sRNA181	Gene2135	0.57048
sRNA131	Gene2394	0.57937
sRNA155	Gene1677	0.46697
sRNA104	Gene112	0.5381
sRNA4	Gene84	0.46272
sRNA123	Gene1426	0.51471
sRNA35	Gene2853	0.53637
sRNA18	Gene2693	0.50273
sRNA61	Gene2419	0.46987
sRNA175	Gene2838	0.48895
sRNA6	Gene1715	0.46152
sRNA208	Gene1191	0.49401
sRNA143	Gene1804	0.53397
sRNA238	Gene2094	0.47439
sRNA205	Gene2395	0.49751
sRNA88	Gene1321	0.52029
sRNA171	Gene1143	0.48845
sRNA273	Gene1753	0.50087
sRNA139	Gene1433	0.51781
sRNA142	Gene2501	0.5531
sRNA84	Gene1140	0.52014
sRNA101	Gene1972	0.53745
sRNA140	Gene2499	0.53198
sRNA158	Gene584	0.54487
sRNA219	Gene1084	0.50416
sRNA213	Gene1674	0.53875
sRNA124	Gene2542	0.50918
sRNA217	Gene300	0.54244
sRNA142	Gene2046	0.51363
sRNA161	Gene2513	0.52607
sRNA22	Gene173	0.49423
sRNA113	Gene1706	0.52776
sRNA158	Gene1205	0.5146
sRNA118	Gene2389	0.53393
sRNA168	Gene1405	0.49607
sRNA9	Gene1463	0.54823
sRNA84	Gene2734	0.5303
sRNA26	Gene334	0.52323
sRNA81	Gene1949	0.51267
sRNA127	Gene925	0.56121
sRNA136	Gene674	0.50857
sRNA5	Gene566	0.51769
sRNA279	Gene1176	0.48418
sRNA145	Gene1707	0.5622
sRNA9	Gene1495	0.506
sRNA50	Gene2252	0.54587
sRNA197	Gene1689	0.51128
sRNA74	Gene2794	0.50827
sRNA64	Gene123	0.56883
sRNA177	Gene1550	0.5449
sRNA84	Gene1830	0.53171
sRNA114	Gene816	0.52336
sRNA13	Gene2788	0.47691
sRNA104	Gene2626	0.55809
sRNA246	Gene814	0.52115
sRNA28	Gene571	0.48409
sRNA270	Gene1118	0.52389
sRNA193	Gene1079	0.50308
sRNA255	Gene737	0.45808
sRNA197	Gene2752	0.55249
sRNA229	Gene1338	0.52799
sRNA72	Gene1215	0.55748
sRNA212	Gene1142	0.50618
sRNA24	Gene1384	0.46652
sRNA20	Gene2704	0.53988
sRNA54	Gene886	0.46525
sRNA198	Gene2206	0.47641
sRNA49	Gene1318	0.55694
sRNA187	Gene2586	0.53884
sRNA226	Gene762	0.51314
sRNA127	Gene733	0.55142
sRNA180	Gene206	0.49553
sRNA220	Gene2030	0.55892
sRNA111	Gene1798	0.54515
sRNA161	Gene2428	0.53965
sRNA50	Gene2315	0.52586
sRNA48	Gene2699	0.59985
sRNA76	Gene336	0.50599
sRNA130	Gene180	0.54487
sRNA68	Gene2374	0.47281
sRNA49	Gene2336	0.56348
sRNA145	Gene1316	0.54837
sRNA44	Gene685	0.48331
sRNA206	Gene1099	0.50247
sRNA184	Gene1928	0.44957
sRNA276	Gene2234	0.48391
sRNA96	Gene513	0.57326
sRNA55	Gene525	0.57311
sRNA235	Gene2696	0.53667
sRNA28	Gene1310	0.47608
sRNA68	Gene1557	0.47917
sRNA231	Gene2335	0.50644
sRNA84	Gene2566	0.54489
sRNA251	Gene1152	0.47268
sRNA3	Gene707	0.47687
sRNA195	Gene2710	0.44834
sRNA265	Gene2793	0.49972
sRNA111	Gene1295	0.53583
sRNA159	Gene776	0.55531
sRNA25	Gene2459	0.52367
sRNA157	Gene2490	0.54236
sRNA173	Gene936	0.48702
sRNA54	Gene1246	0.49018
sRNA201	Gene1536	0.51593
sRNA107	Gene1177	0.4782
sRNA205	Gene2340	0.4473
sRNA258	Gene2751	0.48666
sRNA193	Gene290	0.48057
sRNA236	Gene131	0.54883
sRNA9	Gene2750	0.52508
sRNA135	Gene2568	0.51213
sRNA116	Gene1960	0.51122
sRNA144	Gene2644	0.56595
sRNA229	Gene2053	0.49585
sRNA139	Gene77	0.54948
sRNA26	Gene2159	0.50926
sRNA13	Gene1986	0.49447
sRNA194	Gene2328	0.52175
sRNA194	Gene1843	0.54228
sRNA50	Gene2250	0.47605
sRNA210	Gene485	0.49048
sRNA254	Gene256	0.48085
sRNA241	Gene1341	0.55669
sRNA144	Gene2303	0.53718
sRNA83	Gene1404	0.53352
sRNA75	Gene571	0.55837
sRNA30	Gene2848	0.49512
sRNA123	Gene1656	0.47838
sRNA214	Gene3	0.53986
sRNA84	Gene1641	0.52317
sRNA247	Gene1791	0.46015
sRNA50	Gene1530	0.52054
sRNA122	Gene469	0.52618
sRNA213	Gene68	0.53444
sRNA122	Gene1346	0.56182
sRNA158	Gene1313	0.56166
sRNA9	Gene238	0.54565
sRNA100	Gene1438	0.56815
sRNA258	Gene908	0.44758
sRNA262	Gene2349	0.55583
sRNA273	Gene1665	0.45915
sRNA6	Gene2012	0.46218
sRNA143	Gene1733	0.57105
sRNA25	Gene500	0.55023
sRNA126	Gene2475	0.48649
sRNA195	Gene1567	0.48206
sRNA243	Gene2173	0.53828
sRNA147	Gene1331	0.55415
sRNA32	Gene2698	0.52523
sRNA45	Gene1812	0.50788
sRNA6	Gene951	0.57082
sRNA21	Gene2518	0.55236
sRNA235	Gene2170	0.53308
sRNA124	Gene2047	0.5161
sRNA43	Gene661	0.494
sRNA146	Gene2026	0.51005
sRNA101	Gene870	0.54649
sRNA168	Gene2682	0.50272
sRNA9	Gene121	0.54584
sRNA206	Gene1469	0.53971
sRNA18	Gene40	0.58214
sRNA134	Gene92	0.52376
sRNA199	Gene1611	0.55273
sRNA146	Gene2276	0.51138
sRNA246	Gene30	0.53809
sRNA75	Gene491	0.51912
sRNA222	Gene2754	0.48076
sRNA273	Gene896	0.49484
sRNA273	Gene1471	0.52187
sRNA204	Gene738	0.48932
sRNA245	Gene460	0.5586
sRNA68	Gene1154	0.50712
sRNA208	Gene1431	0.4882
sRNA6	Gene279	0.55508
sRNA90	Gene1444	0.54827
sRNA317	Gene341	0.47604
sRNA7	Gene2741	0.54846
sRNA88	Gene2199	0.49424
sRNA108	Gene131	0.52318
sRNA102	Gene1931	0.51653
sRNA85	Gene213	0.52523
sRNA72	Gene2471	0.53224
sRNA58	Gene1743	0.51868
sRNA9	Gene1446	0.48143
sRNA170	Gene1436	0.47692
sRNA60	Gene367	0.54291
sRNA218	Gene781	0.551
sRNA26	Gene1185	0.55686
sRNA274	Gene1117	0.45141
sRNA277	Gene1228	0.45872
sRNA95	Gene489	0.48603
sRNA241	Gene1647	0.53206
sRNA112	Gene1140	0.54794
sRNA92	Gene1917	0.52188
sRNA226	Gene1561	0.53944
sRNA180	Gene2384	0.52938
sRNA155	Gene1969	0.47708
sRNA50	Gene846	0.56293
sRNA211	Gene2601	0.50965
sRNA124	Gene1983	0.55639
sRNA39	Gene925	0.5706
sRNA46	Gene2501	0.51219
sRNA229	Gene174	0.52706
sRNA155	Gene1102	0.49445
sRNA49	Gene2636	0.58163
sRNA236	Gene2543	0.48678
sRNA228	Gene2188	0.48731
sRNA143	Gene931	0.56096
sRNA196	Gene1415	0.4564
sRNA248	Gene2585	0.48208
sRNA69	Gene695	0.50631
sRNA69	Gene2307	0.46222
sRNA129	Gene1753	0.57674
sRNA75	Gene290	0.55172
sRNA231	Gene1933	0.52353
sRNA91	Gene1400	0.51037
sRNA148	Gene1920	0.5086
sRNA228	Gene248	0.54112
sRNA7	Gene1787	0.57975
sRNA144	Gene1498	0.55426
sRNA65	Gene2224	0.54214
sRNA236	Gene1297	0.57109
sRNA173	Gene206	0.49875
sRNA157	Gene1941	0.53685
sRNA33	Gene2314	0.52204
sRNA244	Gene325	0.54829
sRNA90	Gene1148	0.54124
sRNA88	Gene680	0.56351
sRNA66	Gene774	0.52018
sRNA237	Gene756	0.52965
sRNA22	Gene1586	0.47134
sRNA258	Gene288	0.45035
sRNA206	Gene2006	0.52351
sRNA124	Gene1521	0.58166
sRNA120	Gene1196	0.53608
sRNA190	Gene2609	0.53657
sRNA165	Gene728	0.51472
sRNA129	Gene1181	0.57018
sRNA98	Gene540	0.50589
sRNA67	Gene1129	0.49639
sRNA218	Gene2820	0.52434
sRNA58	Gene48	0.47921
sRNA129	Gene318	0.54088
sRNA188	Gene1151	0.51606
sRNA35	Gene2761	0.55334
sRNA307	Gene2634	0.51569
sRNA225	Gene361	0.57538
sRNA244	Gene867	0.53129
sRNA156	Gene2498	0.51111
sRNA265	Gene2861	0.44757
sRNA9	Gene2755	0.45122
sRNA3	Gene1552	0.48675
sRNA232	Gene550	0.48193
sRNA144	Gene770	0.48495
sRNA148	Gene595	0.51564
sRNA179	Gene1930	0.51907
sRNA68	Gene2372	0.55128
sRNA199	Gene2155	0.61495
sRNA23	Gene98	0.53716
sRNA80	Gene1634	0.48221
sRNA129	Gene1843	0.57551
sRNA230	Gene2685	0.4813
sRNA155	Gene2386	0.5151
sRNA290	Gene1677	0.46669
sRNA109	Gene1803	0.53529
sRNA106	Gene1676	0.56551
sRNA42	Gene583	0.53985
sRNA156	Gene580	0.50884
sRNA189	Gene2860	0.50791
sRNA139	Gene2164	0.47624
sRNA189	Gene2480	0.5319
sRNA230	Gene1950	0.47031
sRNA28	Gene1087	0.50707
sRNA273	Gene2481	0.50295
sRNA143	Gene155	0.53967
sRNA234	Gene1919	0.57017
sRNA222	Gene236	0.52033
sRNA201	Gene2652	0.49247
sRNA50	Gene1624	0.53846
sRNA134	Gene871	0.5612
sRNA174	Gene2794	0.49453
sRNA146	Gene2247	0.49366
sRNA81	Gene653	0.52851
sRNA181	Gene411	0.57186
sRNA113	Gene2764	0.49325
sRNA235	Gene645	0.55571
sRNA224	Gene1751	0.55295
sRNA26	Gene513	0.54275
sRNA136	Gene1018	0.5372
sRNA156	Gene2584	0.55518
sRNA12	Gene1378	0.56716
sRNA105	Gene977	0.50306
sRNA190	Gene2043	0.53305
sRNA17	Gene1962	0.50227
sRNA80	Gene2645	0.53479
sRNA12	Gene2401	0.58183
sRNA9	Gene559	0.51217
sRNA129	Gene2459	0.54751
sRNA159	Gene1694	0.53
sRNA103	Gene2342	0.54942
sRNA264	Gene1038	0.48918
sRNA34	Gene652	0.46627
sRNA236	Gene363	0.53636
sRNA190	Gene1441	0.5577
sRNA13	Gene1755	0.51807
sRNA257	Gene1771	0.52632
sRNA139	Gene1823	0.51644
sRNA108	Gene1020	0.53425
sRNA171	Gene1734	0.53493
sRNA7	Gene1687	0.46759
sRNA149	Gene801	0.47619
sRNA63	Gene2235	0.51101
sRNA109	Gene2392	0.53625
sRNA228	Gene1482	0.51877
sRNA122	Gene1212	0.50583
sRNA208	Gene1504	0.53191
sRNA181	Gene1694	0.56691
sRNA216	Gene711	0.50264
sRNA172	Gene1615	0.4838
sRNA74	Gene1000	0.47979
sRNA241	Gene201	0.52844
sRNA151	Gene2239	0.50595
sRNA140	Gene104	0.55968
sRNA204	Gene2331	0.53162
sRNA202	Gene674	0.53663
sRNA254	Gene1473	0.46206
sRNA135	Gene2588	0.53125
sRNA149	Gene717	0.50677
sRNA201	Gene346	0.48862
sRNA147	Gene1903	0.55181
sRNA3	Gene1557	0.53077
sRNA173	Gene1822	0.51188
sRNA156	Gene446	0.54911
sRNA140	Gene1339	0.57107
sRNA239	Gene2005	0.5389
sRNA80	Gene931	0.50995
sRNA65	Gene2395	0.55344
sRNA258	Gene1561	0.4913
sRNA199	Gene2448	0.57288
sRNA218	Gene539	0.5177
sRNA229	Gene1398	0.52761
sRNA78	Gene1710	0.56408
sRNA44	Gene1891	0.47061
sRNA208	Gene1167	0.47111
sRNA28	Gene1189	0.49898
sRNA190	Gene1056	0.53906
sRNA63	Gene1231	0.53171
sRNA140	Gene2516	0.51308
sRNA101	Gene233	0.54333
sRNA278	Gene641	0.46132
sRNA24	Gene183	0.46251
sRNA207	Gene713	0.55616
sRNA23	Gene2535	0.48242
sRNA9	Gene551	0.51842
sRNA240	Gene2420	0.58698
sRNA164	Gene2202	0.46271
sRNA309	Gene974	0.44832
sRNA67	Gene207	0.52345
sRNA76	Gene684	0.60041
sRNA210	Gene1892	0.49218
sRNA215	Gene457	0.53697
sRNA90	Gene382	0.53203
sRNA3	Gene1325	0.52627
sRNA149	Gene1786	0.52415
sRNA178	Gene2496	0.53334
sRNA191	Gene388	0.50947
sRNA237	Gene429	0.51795
sRNA113	Gene2400	0.54221
sRNA141	Gene2267	0.52073
sRNA230	Gene2338	0.49098
sRNA228	Gene1497	0.53935
sRNA118	Gene637	0.51851
sRNA234	Gene1882	0.5365
sRNA206	Gene1760	0.50716
sRNA22	Gene66	0.47948
sRNA198	Gene2537	0.46417
sRNA156	Gene279	0.50186
sRNA140	Gene1468	0.4965
sRNA80	Gene2246	0.45756
sRNA247	Gene753	0.45161
sRNA191	Gene2794	0.55489
sRNA9	Gene2412	0.54553
sRNA148	Gene60	0.53715
sRNA195	Gene1990	0.5021
sRNA194	Gene511	0.49721
sRNA32	Gene247	0.58258
sRNA50	Gene683	0.54639
sRNA174	Gene993	0.48252
sRNA234	Gene2236	0.61034
sRNA278	Gene471	0.46558
sRNA29	Gene2258	0.48916
sRNA219	Gene1270	0.48192
sRNA282	Gene1417	0.52768
sRNA167	Gene1188	0.4943
sRNA198	Gene1609	0.45241
sRNA268	Gene1991	0.45168
sRNA82	Gene2104	0.47382
sRNA22	Gene817	0.49139
sRNA7	Gene2820	0.52447
sRNA9	Gene1986	0.51936
sRNA9	Gene1192	0.57434
sRNA142	Gene1842	0.54668
sRNA4	Gene566	0.49973
sRNA164	Gene2859	0.50175
sRNA12	Gene64	0.57729
sRNA92	Gene1369	0.53143
sRNA248	Gene2153	0.49197
sRNA73	Gene663	0.48822
sRNA47	Gene472	0.45848
sRNA39	Gene2035	0.56139
sRNA155	Gene2648	0.48954
sRNA128	Gene416	0.54039
sRNA83	Gene1214	0.50793
sRNA257	Gene1947	0.52108
sRNA229	Gene2594	0.53163
sRNA204	Gene2597	0.5133
sRNA139	Gene1318	0.51637
sRNA241	Gene859	0.55705
sRNA231	Gene1271	0.52447
sRNA174	Gene453	0.49688
sRNA139	Gene1425	0.51431
sRNA9	Gene2203	0.45078
sRNA84	Gene456	0.56573
sRNA8	Gene598	0.4992
sRNA113	Gene2200	0.5041
sRNA141	Gene2256	0.59122
sRNA125	Gene2548	0.56505
sRNA72	Gene2720	0.59567
sRNA83	Gene118	0.56038
sRNA35	Gene1389	0.53415
sRNA210	Gene1444	0.45566
sRNA214	Gene1406	0.54952
sRNA143	Gene2156	0.56283
sRNA187	Gene2307	0.52388
sRNA41	Gene2767	0.54735
sRNA88	Gene1993	0.53665
sRNA112	Gene2111	0.5409
sRNA108	Gene2125	0.47231
sRNA213	Gene2007	0.49598
sRNA217	Gene1028	0.47423
sRNA163	Gene987	0.54912
sRNA206	Gene1470	0.50058
sRNA83	Gene453	0.53891
sRNA257	Gene2843	0.50927
sRNA225	Gene1268	0.55797
sRNA9	Gene2792	0.49762
sRNA111	Gene1280	0.55181
sRNA273	Gene773	0.45914
sRNA204	Gene778	0.46478
sRNA5	Gene900	0.50678
sRNA152	Gene154	0.44644
sRNA240	Gene2467	0.53257
sRNA34	Gene1275	0.50991
sRNA128	Gene1029	0.55434
sRNA121	Gene357	0.4783
sRNA210	Gene2653	0.46949
sRNA248	Gene263	0.4515
sRNA113	Gene2337	0.48366
sRNA140	Gene1629	0.5277
sRNA144	Gene1850	0.52248
sRNA31	Gene1380	0.46723
sRNA186	Gene2504	0.5201
sRNA84	Gene609	0.55821
sRNA73	Gene2613	0.49274
sRNA3	Gene621	0.50768
sRNA14	Gene2427	0.55108
sRNA9	Gene1304	0.50452
sRNA63	Gene1796	0.52203
sRNA86	Gene1945	0.5559
sRNA116	Gene276	0.47611
sRNA265	Gene154	0.51492
sRNA58	Gene2526	0.52128
sRNA7	Gene155	0.5759
sRNA92	Gene1317	0.52066
sRNA205	Gene1039	0.46
sRNA49	Gene2139	0.55532
sRNA200	Gene596	0.45246
sRNA219	Gene441	0.48113
sRNA21	Gene310	0.52932
sRNA8	Gene2689	0.47834
sRNA55	Gene1017	0.58609
sRNA216	Gene1042	0.50241
sRNA87	Gene146	0.55928
sRNA7	Gene1688	0.50838
sRNA106	Gene82	0.48964
sRNA262	Gene317	0.57531
sRNA170	Gene2361	0.5495
sRNA226	Gene2861	0.51331
sRNA50	Gene190	0.52172
sRNA262	Gene132	0.53628
sRNA51	Gene1013	0.56138
sRNA241	Gene714	0.55896
sRNA298	Gene163	0.53876
sRNA198	Gene2016	0.44839
sRNA177	Gene2495	0.54867
sRNA291	Gene2753	0.4969
sRNA5	Gene2481	0.53862
sRNA206	Gene2419	0.49081
sRNA7	Gene552	0.59971
sRNA22	Gene1723	0.45039
sRNA163	Gene505	0.53165
sRNA195	Gene230	0.52645
sRNA169	Gene1306	0.47598
sRNA245	Gene494	0.51597
sRNA18	Gene1961	0.58684
sRNA65	Gene398	0.53091
sRNA78	Gene2663	0.51688
sRNA3	Gene2150	0.53009
sRNA15	Gene2336	0.52647
sRNA145	Gene543	0.53831
sRNA286	Gene1914	0.45724
sRNA196	Gene2031	0.46955
sRNA138	Gene547	0.4493
sRNA107	Gene179	0.52268
sRNA20	Gene1150	0.58783
sRNA155	Gene2451	0.50011
sRNA129	Gene2462	0.58447
sRNA34	Gene244	0.50762
sRNA74	Gene1848	0.49865
sRNA169	Gene2380	0.55926
sRNA80	Gene1341	0.45734
sRNA244	Gene330	0.58469
sRNA273	Gene335	0.48477
sRNA6	Gene974	0.53916
sRNA9	Gene229	0.46984
sRNA149	Gene1915	0.4533
sRNA132	Gene356	0.50553
sRNA218	Gene1278	0.49741
sRNA129	Gene2839	0.57994
sRNA26	Gene2698	0.51472
sRNA275	Gene875	0.4776
sRNA65	Gene1808	0.47269
sRNA215	Gene1226	0.50287
sRNA285	Gene460	0.48317
sRNA50	Gene2543	0.47125
sRNA34	Gene854	0.52038
sRNA35	Gene2431	0.5126
sRNA4	Gene498	0.50212
sRNA192	Gene2385	0.49029
sRNA192	Gene1034	0.53018
sRNA101	Gene1154	0.55268
sRNA122	Gene1727	0.50247
sRNA7	Gene681	0.59397
sRNA197	Gene2394	0.59438
sRNA47	Gene2806	0.4623
sRNA62	Gene2634	0.49731
sRNA173	Gene2377	0.54292
sRNA54	Gene16	0.46879
sRNA25	Gene222	0.57945
sRNA289	Gene1372	0.53336
sRNA100	Gene1177	0.58056
sRNA214	Gene1782	0.58955
sRNA11	Gene2400	0.53921
sRNA121	Gene1000	0.47844
sRNA257	Gene1015	0.51144
sRNA187	Gene2526	0.52053
sRNA232	Gene1511	0.47674
sRNA108	Gene2429	0.54199
sRNA129	Gene880	0.55198
sRNA232	Gene1785	0.47665
sRNA187	Gene2480	0.54043
sRNA191	Gene2653	0.56021
sRNA7	Gene253	0.56735
sRNA144	Gene2767	0.52744
sRNA171	Gene1142	0.51632
sRNA186	Gene2508	0.57357
sRNA99	Gene2157	0.54436
sRNA206	Gene1591	0.49386
sRNA9	Gene2691	0.48019
sRNA9	Gene637	0.52848
sRNA188	Gene752	0.52635
sRNA9	Gene2407	0.52806
sRNA32	Gene1949	0.52977
sRNA28	Gene2786	0.55581
sRNA222	Gene2624	0.50686
sRNA226	Gene1489	0.49038
sRNA50	Gene1349	0.46064
sRNA83	Gene2431	0.54392
sRNA64	Gene2714	0.54805
sRNA14	Gene1227	0.4935
sRNA158	Gene463	0.55417
sRNA108	Gene2514	0.53493
sRNA65	Gene1739	0.51543
sRNA31	Gene2488	0.5034
sRNA40	Gene652	0.53525
sRNA84	Gene1513	0.51842
sRNA186	Gene822	0.54562
sRNA170	Gene1440	0.49995
sRNA79	Gene2310	0.4924
sRNA39	Gene721	0.60103
sRNA224	Gene624	0.54338
sRNA9	Gene2094	0.54516
sRNA165	Gene2425	0.48107
sRNA201	Gene1616	0.48132
sRNA218	Gene1708	0.54695
sRNA178	Gene1980	0.54588
sRNA5	Gene949	0.54402
sRNA80	Gene414	0.51756
sRNA132	Gene1998	0.49359
sRNA207	Gene1842	0.57668
sRNA53	Gene1782	0.53527
sRNA199	Gene2167	0.54822
sRNA122	Gene1506	0.49246
sRNA79	Gene1099	0.54106
sRNA191	Gene1390	0.54872
sRNA37	Gene130	0.5658
sRNA139	Gene1809	0.53517
sRNA60	Gene2816	0.49317
sRNA9	Gene2599	0.46338
sRNA168	Gene2476	0.49097
sRNA219	Gene2704	0.48247
sRNA5	Gene2662	0.50324
sRNA9	Gene2602	0.54951
sRNA232	Gene2613	0.51076
sRNA222	Gene678	0.52066
sRNA52	Gene979	0.59959
sRNA168	Gene2563	0.54126
sRNA111	Gene2088	0.52519
sRNA55	Gene1958	0.54571
sRNA171	Gene1396	0.49993
sRNA84	Gene312	0.5307
sRNA76	Gene2694	0.53474
sRNA83	Gene2480	0.58025
sRNA144	Gene2635	0.50316
sRNA100	Gene1001	0.58878
sRNA135	Gene2739	0.54615
sRNA38	Gene2201	0.57112
sRNA74	Gene2111	0.50361
sRNA61	Gene1414	0.54133
sRNA65	Gene1753	0.52058
sRNA158	Gene968	0.45991
sRNA274	Gene230	0.53644
sRNA175	Gene1919	0.53389
sRNA137	Gene772	0.51016
sRNA61	Gene2673	0.45874
sRNA136	Gene2444	0.53324
sRNA120	Gene852	0.52116
sRNA245	Gene417	0.58575
sRNA48	Gene2002	0.53069
sRNA148	Gene1828	0.52528
sRNA82	Gene734	0.52336
sRNA152	Gene140	0.5698
sRNA60	Gene693	0.52426
sRNA35	Gene1173	0.52823
sRNA233	Gene859	0.51826
sRNA126	Gene1916	0.52227
sRNA287	Gene313	0.5275
sRNA49	Gene2532	0.56698
sRNA50	Gene75	0.5499
sRNA194	Gene2547	0.53658
sRNA47	Gene2119	0.53793
sRNA256	Gene518	0.48687
sRNA9	Gene383	0.54352
sRNA230	Gene2015	0.47859
sRNA176	Gene1257	0.52008
sRNA134	Gene1328	0.52563
sRNA51	Gene1919	0.56757
sRNA15	Gene740	0.50707
sRNA41	Gene1787	0.5352
sRNA58	Gene2444	0.50685
sRNA174	Gene1615	0.47446
sRNA143	Gene106	0.51968
sRNA9	Gene2797	0.53818
sRNA14	Gene2823	0.52692
sRNA148	Gene2107	0.54492
sRNA239	Gene1811	0.4824
sRNA234	Gene802	0.56277
sRNA9	Gene1337	0.55294
sRNA64	Gene639	0.59461
sRNA10	Gene2233	0.54771
sRNA154	Gene1639	0.56756
sRNA313	Gene1664	0.48542
sRNA202	Gene459	0.48622
sRNA239	Gene751	0.54964
sRNA203	Gene1878	0.48617
sRNA26	Gene2763	0.52123
sRNA188	Gene1701	0.51013
sRNA68	Gene1472	0.5178
sRNA163	Gene840	0.53775
sRNA64	Gene637	0.55398
sRNA103	Gene2291	0.48611
sRNA135	Gene2624	0.49425
sRNA269	Gene2784	0.47276
sRNA54	Gene235	0.50045
sRNA192	Gene416	0.5182
sRNA9	Gene1725	0.50514
sRNA208	Gene1064	0.47503
sRNA22	Gene447	0.53243
sRNA92	Gene2328	0.52871
sRNA216	Gene2312	0.47598
sRNA92	Gene1516	0.51868
sRNA145	Gene1365	0.55603
sRNA275	Gene548	0.47092
sRNA273	Gene2368	0.47692
sRNA170	Gene957	0.49619
sRNA132	Gene196	0.50701
sRNA64	Gene1046	0.5453
sRNA133	Gene1710	0.53449
sRNA3	Gene450	0.53118
sRNA122	Gene995	0.50533
sRNA9	Gene2354	0.48512
sRNA149	Gene2237	0.52057
sRNA44	Gene1803	0.48285
sRNA291	Gene2285	0.48283
sRNA50	Gene2131	0.52294
sRNA149	Gene1648	0.45234
sRNA41	Gene2150	0.54904
sRNA67	Gene106	0.52353
sRNA63	Gene2592	0.50297
sRNA170	Gene633	0.53696
sRNA145	Gene2750	0.52785
sRNA106	Gene1585	0.56163
sRNA219	Gene2291	0.495
sRNA134	Gene711	0.52099
sRNA50	Gene756	0.46167
sRNA134	Gene1708	0.58358
sRNA43	Gene1701	0.47644
sRNA219	Gene2768	0.49326
sRNA122	Gene2725	0.50677
sRNA6	Gene1480	0.56105
sRNA75	Gene515	0.52194
sRNA29	Gene595	0.49333
sRNA175	Gene988	0.49344
sRNA209	Gene2109	0.55754
sRNA68	Gene1528	0.48043
sRNA148	Gene2152	0.56857
sRNA50	Gene1915	0.55095
sRNA187	Gene1886	0.51625
sRNA192	Gene1772	0.47941
sRNA233	Gene2818	0.52274
sRNA113	Gene1873	0.52366
sRNA166	Gene1325	0.48115
sRNA192	Gene2383	0.50646
sRNA61	Gene1841	0.4828
sRNA217	Gene2695	0.52114
sRNA171	Gene1344	0.5105
sRNA189	Gene493	0.48827
sRNA233	Gene1448	0.5595
sRNA267	Gene285	0.45087
sRNA163	Gene68	0.56162
sRNA172	Gene684	0.51541
sRNA208	Gene2096	0.48098
sRNA155	Gene604	0.47969
sRNA174	Gene2457	0.49713
sRNA50	Gene2846	0.50984
sRNA213	Gene2829	0.50296
sRNA160	Gene867	0.5563
sRNA65	Gene1162	0.56664
sRNA234	Gene1441	0.58218
sRNA187	Gene1389	0.5046
sRNA50	Gene7	0.50996
sRNA90	Gene1876	0.49161
sRNA82	Gene633	0.54119
sRNA87	Gene586	0.58222
sRNA149	Gene2188	0.49995
sRNA84	Gene2093	0.47404
sRNA107	Gene297	0.48509
sRNA189	Gene2543	0.47455
sRNA178	Gene1166	0.5813
sRNA181	Gene2614	0.56961
sRNA9	Gene2247	0.49767
sRNA3	Gene185	0.50409
sRNA134	Gene1516	0.51535
sRNA169	Gene1918	0.55158
sRNA188	Gene928	0.54784
sRNA147	Gene2845	0.55892
sRNA64	Gene1639	0.56452
sRNA173	Gene1738	0.52737
sRNA240	Gene2223	0.57843
sRNA212	Gene2680	0.49279
sRNA190	Gene2495	0.55354
sRNA7	Gene2161	0.58444
sRNA64	Gene981	0.54993
sRNA136	Gene1805	0.52395
sRNA225	Gene2296	0.52563
sRNA280	Gene229	0.5124
sRNA9	Gene1868	0.51076
sRNA46	Gene2119	0.52133
sRNA232	Gene2591	0.47907
sRNA65	Gene436	0.57928
sRNA129	Gene2639	0.56599
sRNA224	Gene2834	0.6036
sRNA93	Gene2856	0.54821
sRNA172	Gene2367	0.45104
sRNA96	Gene2541	0.49433
sRNA189	Gene2546	0.45834
sRNA55	Gene2455	0.57429
sRNA132	Gene1479	0.44715
sRNA196	Gene1860	0.47645
sRNA201	Gene2488	0.52495
sRNA114	Gene357	0.54914
sRNA238	Gene176	0.53973
sRNA106	Gene1039	0.5815
sRNA179	Gene36	0.4465
sRNA59	Gene154	0.48932
sRNA3	Gene2437	0.52388
sRNA156	Gene865	0.54766
sRNA226	Gene1556	0.53461
sRNA186	Gene2154	0.57985
sRNA189	Gene1882	0.55134
sRNA211	Gene1239	0.47566
sRNA87	Gene2841	0.52294
sRNA134	Gene2647	0.56371
sRNA67	Gene747	0.49099
sRNA203	Gene2712	0.52589
sRNA237	Gene1382	0.50504
sRNA9	Gene2488	0.50569
sRNA29	Gene873	0.53787
sRNA100	Gene688	0.5061
sRNA212	Gene1346	0.55073
sRNA239	Gene1925	0.52753
sRNA185	Gene672	0.51149
sRNA50	Gene2371	0.47123
sRNA218	Gene1243	0.50386
sRNA41	Gene2160	0.54383
sRNA84	Gene2138	0.5444
sRNA250	Gene1085	0.50334
sRNA25	Gene2350	0.57373
sRNA100	Gene188	0.51667
sRNA76	Gene1595	0.58468
sRNA265	Gene2446	0.47974
sRNA237	Gene1330	0.48264
sRNA141	Gene1711	0.53206
sRNA116	Gene1416	0.49329
sRNA234	Gene1014	0.5287
sRNA9	Gene2291	0.52868
sRNA2	Gene2414	0.47986
sRNA186	Gene1185	0.51793
sRNA174	Gene2387	0.47074
sRNA246	Gene1470	0.52645
sRNA3	Gene105	0.46964
sRNA136	Gene2157	0.56556
sRNA9	Gene881	0.52738
sRNA215	Gene2582	0.55409
sRNA82	Gene1923	0.52907
sRNA50	Gene2558	0.51652
sRNA165	Gene24	0.49264
sRNA9	Gene2294	0.52155
sRNA231	Gene1470	0.53069
sRNA139	Gene2317	0.49624
sRNA73	Gene2639	0.49975
sRNA9	Gene1091	0.50618
sRNA181	Gene2250	0.57952
sRNA80	Gene1163	0.5245
sRNA13	Gene2694	0.45797
sRNA10	Gene2612	0.56904
sRNA299	Gene2459	0.53913
sRNA148	Gene354	0.55271
sRNA9	Gene1321	0.55732
sRNA196	Gene366	0.44696
sRNA239	Gene2642	0.48382
sRNA131	Gene1886	0.48975
sRNA241	Gene634	0.55092
sRNA24	Gene1550	0.47151
sRNA111	Gene1620	0.5896
sRNA273	Gene1775	0.4662
sRNA78	Gene505	0.5123
sRNA49	Gene1934	0.54796
sRNA162	Gene2626	0.53246
sRNA178	Gene1225	0.55132
sRNA3	Gene752	0.50227
sRNA200	Gene1710	0.45639
sRNA190	Gene2438	0.55568
sRNA317	Gene2180	0.45204
sRNA135	Gene1579	0.55767
sRNA296	Gene519	0.46094
sRNA49	Gene1563	0.53802
sRNA204	Gene2730	0.5423
sRNA143	Gene1447	0.5695
sRNA170	Gene1561	0.51644
sRNA257	Gene359	0.5359
sRNA195	Gene2182	0.49114
sRNA60	Gene1009	0.49794
sRNA192	Gene1363	0.48116
sRNA114	Gene2255	0.54048
sRNA60	Gene2132	0.56025
sRNA69	Gene2358	0.47905
sRNA11	Gene1801	0.51632
sRNA169	Gene2623	0.51114
sRNA202	Gene2537	0.54196
sRNA3	Gene739	0.49577
sRNA100	Gene2268	0.58487
sRNA202	Gene1801	0.5456
sRNA231	Gene1018	0.55559
sRNA35	Gene2018	0.54414
sRNA151	Gene1663	0.49871
sRNA226	Gene2149	0.55329
sRNA73	Gene2224	0.48406
sRNA55	Gene1048	0.58514
sRNA148	Gene1932	0.53107
sRNA137	Gene1003	0.46553
sRNA245	Gene1670	0.49316
sRNA257	Gene820	0.52801
sRNA129	Gene2061	0.55798
sRNA9	Gene2197	0.50672
sRNA9	Gene2477	0.46028
sRNA43	Gene2581	0.54048
sRNA73	Gene1711	0.51672
sRNA39	Gene2273	0.52984
sRNA148	Gene1240	0.52236
sRNA26	Gene2108	0.50102
sRNA231	Gene1381	0.54301
sRNA218	Gene2358	0.5355
sRNA69	Gene2678	0.48516
sRNA249	Gene2078	0.47076
sRNA156	Gene901	0.52852
sRNA5	Gene433	0.49762
sRNA15	Gene1583	0.52293
sRNA141	Gene2803	0.45551
sRNA170	Gene1350	0.50332
sRNA199	Gene1245	0.55804
sRNA83	Gene2397	0.54953
sRNA83	Gene929	0.55667
sRNA26	Gene1102	0.53055
sRNA219	Gene1381	0.47874
sRNA218	Gene1284	0.53112
sRNA129	Gene1808	0.58388
sRNA8	Gene1228	0.52808
sRNA167	Gene1892	0.51761
sRNA125	Gene2213	0.47247
sRNA125	Gene2513	0.56936
sRNA147	Gene1046	0.53432
sRNA107	Gene300	0.56905
sRNA35	Gene1522	0.53796
sRNA252	Gene1496	0.47811
sRNA183	Gene450	0.54423
sRNA42	Gene1743	0.55889
sRNA164	Gene1725	0.54221
sRNA144	Gene1391	0.54689
sRNA204	Gene170	0.52263
sRNA13	Gene2062	0.48856
sRNA65	Gene743	0.5462
sRNA135	Gene132	0.49976
sRNA79	Gene1049	0.53009
sRNA126	Gene1904	0.52842
sRNA50	Gene1012	0.54638
sRNA9	Gene584	0.46494
sRNA136	Gene687	0.53017
sRNA9	Gene739	0.54125
sRNA191	Gene2511	0.54991
sRNA92	Gene1048	0.57678
sRNA107	Gene890	0.49545
sRNA4	Gene292	0.45224
sRNA142	Gene2667	0.50876
sRNA264	Gene731	0.48538
sRNA89	Gene1563	0.52014
sRNA50	Gene515	0.48075
sRNA193	Gene2077	0.49584
sRNA138	Gene175	0.51174
sRNA116	Gene2613	0.54616
sRNA9	Gene1176	0.59125
sRNA173	Gene1401	0.53319
sRNA26	Gene2455	0.4986
sRNA119	Gene357	0.51484
sRNA263	Gene1201	0.50366
sRNA156	Gene227	0.46763
sRNA78	Gene563	0.54785
sRNA5	Gene2085	0.46109
sRNA203	Gene1324	0.5011
sRNA141	Gene2609	0.50839
sRNA236	Gene1420	0.56834
sRNA84	Gene2459	0.50368
sRNA218	Gene2675	0.56031
sRNA128	Gene1122	0.50878
sRNA152	Gene2213	0.47887
sRNA9	Gene2626	0.52585
sRNA172	Gene1310	0.49163
sRNA53	Gene725	0.5097
sRNA64	Gene2246	0.55959
sRNA190	Gene2634	0.54695
sRNA7	Gene453	0.51014
sRNA276	Gene878	0.53409
sRNA9	Gene1360	0.47762
sRNA155	Gene2602	0.52066
sRNA81	Gene958	0.52088
sRNA130	Gene1576	0.57321
sRNA53	Gene1767	0.51452
sRNA160	Gene1871	0.50537
sRNA65	Gene751	0.60386
sRNA91	Gene2405	0.44842
sRNA141	Gene2400	0.51055
sRNA112	Gene483	0.59808
sRNA241	Gene2046	0.54211
sRNA3	Gene1989	0.54908
sRNA276	Gene2151	0.50799
sRNA89	Gene2378	0.58673
sRNA65	Gene1082	0.53122
sRNA128	Gene2061	0.51605
sRNA244	Gene1241	0.52352
sRNA139	Gene1573	0.50724
sRNA80	Gene88	0.46216
sRNA145	Gene1977	0.51503
sRNA62	Gene1325	0.55276
sRNA186	Gene2310	0.4817
sRNA174	Gene2767	0.49644
sRNA115	Gene333	0.53686
sRNA231	Gene1970	0.56093
sRNA112	Gene2826	0.52781
sRNA131	Gene2679	0.55361
sRNA135	Gene2313	0.50516
sRNA25	Gene373	0.52899
sRNA30	Gene2714	0.53344
sRNA78	Gene1750	0.51374
sRNA171	Gene2407	0.49481
sRNA140	Gene315	0.54911
sRNA9	Gene809	0.54381
sRNA246	Gene1058	0.49678
sRNA36	Gene2316	0.54359
sRNA43	Gene208	0.47115
sRNA170	Gene1709	0.51786
sRNA143	Gene2669	0.55202
sRNA27	Gene852	0.45808
sRNA219	Gene372	0.52251
sRNA68	Gene1237	0.50937
sRNA163	Gene793	0.51968
sRNA273	Gene1321	0.45386
sRNA188	Gene2008	0.52495
sRNA85	Gene674	0.48445
sRNA213	Gene1261	0.51263
sRNA307	Gene1247	0.48942
sRNA115	Gene568	0.56351
sRNA266	Gene1570	0.47801
sRNA147	Gene2213	0.58513
sRNA170	Gene2702	0.55408
sRNA20	Gene983	0.51958
sRNA137	Gene2287	0.47927
sRNA10	Gene1392	0.58117
sRNA105	Gene2617	0.49882
sRNA176	Gene1616	0.49456
sRNA158	Gene2317	0.53241
sRNA182	Gene981	0.53992
sRNA3	Gene2255	0.52231
sRNA212	Gene1396	0.57091
sRNA142	Gene2103	0.57197
sRNA171	Gene2200	0.5112
sRNA50	Gene1251	0.50458
sRNA23	Gene1004	0.52436
sRNA248	Gene673	0.46202
sRNA173	Gene1629	0.50838
sRNA135	Gene2454	0.52255
sRNA244	Gene2621	0.52686
sRNA91	Gene1756	0.44638
sRNA279	Gene2381	0.46885
sRNA144	Gene1723	0.49424
sRNA38	Gene220	0.55798
sRNA188	Gene2512	0.56546
sRNA198	Gene2229	0.49096
sRNA48	Gene491	0.55938
sRNA100	Gene2348	0.58567
sRNA140	Gene805	0.4941
sRNA236	Gene1099	0.56364
sRNA9	Gene1347	0.50994
sRNA232	Gene2761	0.50539
sRNA39	Gene2465	0.51282
sRNA149	Gene865	0.49615
sRNA209	Gene2662	0.54669
sRNA215	Gene2780	0.52733
sRNA95	Gene1456	0.5538
sRNA205	Gene2042	0.51538
sRNA200	Gene1022	0.48207
sRNA189	Gene820	0.49082
sRNA75	Gene1019	0.51847
sRNA50	Gene1881	0.45314
sRNA225	Gene2365	0.55577
sRNA141	Gene1557	0.53702
sRNA9	Gene540	0.50186
sRNA82	Gene1372	0.50228
sRNA39	Gene2009	0.60869
sRNA184	Gene917	0.45262
sRNA108	Gene1942	0.52401
sRNA180	Gene539	0.51952
sRNA226	Gene618	0.48297
sRNA246	Gene2071	0.53875
sRNA313	Gene336	0.53485
sRNA126	Gene1989	0.51948
sRNA151	Gene1305	0.51729
sRNA116	Gene1456	0.47422
sRNA109	Gene2541	0.55788
sRNA192	Gene1712	0.48884
sRNA5	Gene2438	0.49359
sRNA173	Gene2075	0.528
sRNA100	Gene2738	0.5621
sRNA39	Gene1356	0.56871
sRNA210	Gene2115	0.50101
sRNA109	Gene869	0.5595
sRNA90	Gene590	0.54396
sRNA207	Gene382	0.52659
sRNA139	Gene2323	0.5077
sRNA192	Gene850	0.49004
sRNA241	Gene171	0.55197
sRNA173	Gene1484	0.51818
sRNA51	Gene819	0.56439
sRNA218	Gene1502	0.53625
sRNA48	Gene1308	0.4879
sRNA110	Gene549	0.55785
sRNA206	Gene1922	0.54528
sRNA178	Gene1604	0.5013
sRNA122	Gene1248	0.54276
sRNA57	Gene1665	0.47043
sRNA159	Gene3	0.53836
sRNA3	Gene2725	0.53521
sRNA209	Gene842	0.49096
sRNA126	Gene583	0.53493
sRNA142	Gene2639	0.53762
sRNA200	Gene639	0.45416
sRNA261	Gene1177	0.48607
sRNA31	Gene870	0.51145
sRNA70	Gene2399	0.55774
sRNA76	Gene858	0.57811
sRNA244	Gene2667	0.55252
sRNA92	Gene641	0.53633
sRNA37	Gene94	0.6158
sRNA257	Gene2827	0.54793
sRNA178	Gene2091	0.54156
sRNA73	Gene1869	0.47853
sRNA124	Gene2213	0.54326
sRNA72	Gene1389	0.51482
sRNA273	Gene2271	0.46854
sRNA128	Gene1100	0.55054
sRNA66	Gene1758	0.50123
sRNA193	Gene1404	0.49077
sRNA142	Gene2529	0.56235
sRNA250	Gene2124	0.4905
sRNA215	Gene1426	0.5239
sRNA158	Gene150	0.54494
sRNA39	Gene60	0.54837
sRNA291	Gene331	0.49833
sRNA228	Gene149	0.49636
sRNA126	Gene2820	0.49212
sRNA166	Gene519	0.44799
sRNA31	Gene665	0.49724
sRNA84	Gene2289	0.5204
sRNA111	Gene2100	0.58694
sRNA271	Gene1289	0.5009
sRNA203	Gene911	0.52432
sRNA214	Gene1881	0.46145
sRNA42	Gene1189	0.57633
sRNA39	Gene2792	0.54073
sRNA52	Gene414	0.53816
sRNA163	Gene1104	0.56626
sRNA206	Gene1534	0.48486
sRNA95	Gene2570	0.54735
sRNA264	Gene148	0.54373
sRNA187	Gene1982	0.48077
sRNA192	Gene1693	0.52414
sRNA47	Gene248	0.5162
sRNA91	Gene412	0.45807
sRNA129	Gene418	0.53985
sRNA78	Gene923	0.49506
sRNA96	Gene127	0.55828
sRNA104	Gene673	0.58379
sRNA156	Gene1205	0.50748
sRNA216	Gene2122	0.48113
sRNA9	Gene697	0.52986
sRNA206	Gene1570	0.53151
sRNA47	Gene1838	0.54107
sRNA233	Gene2718	0.5686
sRNA76	Gene288	0.55526
sRNA299	Gene353	0.54321
sRNA228	Gene1930	0.49388
sRNA182	Gene1047	0.5272
sRNA195	Gene2745	0.47667
sRNA77	Gene1880	0.55477
sRNA247	Gene2395	0.50268
sRNA219	Gene1038	0.52087
sRNA28	Gene1300	0.47144
sRNA288	Gene812	0.52955
sRNA230	Gene305	0.4849
sRNA50	Gene1296	0.46491
sRNA1	Gene1603	0.51303
sRNA171	Gene126	0.46966
sRNA19	Gene2290	0.47105
sRNA174	Gene538	0.52793
sRNA91	Gene1414	0.46674
sRNA82	Gene1740	0.5019
sRNA206	Gene1985	0.51845
sRNA155	Gene2062	0.44689
sRNA158	Gene1601	0.48062
sRNA189	Gene1421	0.52322
sRNA241	Gene1922	0.52469
sRNA142	Gene2612	0.57167
sRNA270	Gene482	0.46252
sRNA74	Gene225	0.53146
sRNA159	Gene243	0.59062
sRNA194	Gene1358	0.56901
sRNA102	Gene1784	0.50238
sRNA50	Gene107	0.51553
sRNA89	Gene1638	0.51924
sRNA35	Gene952	0.51598
sRNA132	Gene2284	0.5161
sRNA30	Gene2836	0.50567
sRNA133	Gene806	0.51829
sRNA245	Gene2268	0.55767
sRNA232	Gene364	0.47217
sRNA192	Gene606	0.5335
sRNA148	Gene1430	0.55254
sRNA140	Gene977	0.53818
sRNA28	Gene2399	0.49674
sRNA204	Gene1320	0.51401
sRNA64	Gene1767	0.5924
sRNA167	Gene506	0.53985
sRNA167	Gene314	0.53299
sRNA122	Gene1735	0.4815
sRNA82	Gene2628	0.54376
sRNA136	Gene2461	0.51229
sRNA156	Gene1293	0.55687
sRNA193	Gene171	0.49345
sRNA46	Gene1868	0.58283
sRNA117	Gene1192	0.53155
sRNA50	Gene2222	0.5911
sRNA55	Gene2504	0.57439
sRNA144	Gene2530	0.55387
sRNA143	Gene2083	0.55439
sRNA230	Gene887	0.50236
sRNA236	Gene2464	0.54461
sRNA204	Gene1754	0.51046
sRNA9	Gene1805	0.53886
sRNA177	Gene1448	0.52111
sRNA216	Gene2569	0.48137
sRNA190	Gene56	0.56466
sRNA96	Gene1678	0.48932
sRNA44	Gene1797	0.50376
sRNA257	Gene402	0.53707
sRNA26	Gene2668	0.50159
sRNA134	Gene919	0.52342
sRNA4	Gene2046	0.47922
sRNA239	Gene2595	0.53739
sRNA50	Gene1385	0.54049
sRNA151	Gene1380	0.50011
sRNA104	Gene2134	0.48639
sRNA120	Gene1372	0.54359
sRNA233	Gene1290	0.58396
sRNA283	Gene1499	0.48834
sRNA161	Gene386	0.54664
sRNA215	Gene331	0.53717
sRNA235	Gene2813	0.51762
sRNA150	Gene1689	0.53406
sRNA134	Gene454	0.49299
sRNA242	Gene2623	0.51161
sRNA177	Gene154	0.52432
sRNA39	Gene339	0.56754
sRNA122	Gene1496	0.49231
sRNA126	Gene2813	0.52722
sRNA44	Gene2655	0.46665
sRNA50	Gene1333	0.44621
sRNA201	Gene2196	0.51737
sRNA157	Gene2294	0.56331
sRNA194	Gene2181	0.55377
sRNA188	Gene2286	0.53194
sRNA193	Gene1057	0.53205
sRNA116	Gene2214	0.53233
sRNA50	Gene2596	0.56348
sRNA256	Gene878	0.4471
sRNA194	Gene573	0.58442
sRNA158	Gene2600	0.55869
sRNA156	Gene847	0.57422
sRNA57	Gene848	0.47367
sRNA240	Gene648	0.55268
sRNA28	Gene2309	0.49257
sRNA9	Gene475	0.54868
sRNA118	Gene2755	0.49304
sRNA142	Gene1257	0.53417
sRNA66	Gene1103	0.51683
sRNA43	Gene1183	0.54926
sRNA30	Gene193	0.50226
sRNA165	Gene369	0.45607
sRNA243	Gene1679	0.56124
sRNA145	Gene2548	0.58036
sRNA120	Gene2572	0.54898
sRNA283	Gene2049	0.48472
sRNA150	Gene793	0.54304
sRNA229	Gene1241	0.52503
sRNA265	Gene2599	0.5079
sRNA231	Gene740	0.47573
sRNA46	Gene605	0.56402
sRNA195	Gene1530	0.4835
sRNA148	Gene1571	0.56522
sRNA285	Gene1145	0.44683
sRNA43	Gene634	0.52206
sRNA91	Gene2767	0.46491
sRNA28	Gene996	0.53584
sRNA195	Gene2769	0.45443
sRNA50	Gene124	0.48148
sRNA38	Gene504	0.52927
sRNA76	Gene778	0.5958
sRNA208	Gene1593	0.48511
sRNA79	Gene627	0.50201
sRNA188	Gene504	0.57853
sRNA234	Gene2459	0.583
sRNA112	Gene1380	0.53007
sRNA157	Gene1304	0.56269
sRNA139	Gene2000	0.47882
sRNA133	Gene1910	0.54334
sRNA186	Gene152	0.5697
sRNA10	Gene1321	0.57124
sRNA45	Gene1738	0.51234
sRNA159	Gene2338	0.53992
sRNA14	Gene2333	0.55343
sRNA188	Gene1422	0.49092
sRNA162	Gene2206	0.5382
sRNA216	Gene2863	0.50932
sRNA21	Gene1230	0.55822
sRNA137	Gene2033	0.48489
sRNA55	Gene339	0.5592
sRNA21	Gene1647	0.49563
sRNA35	Gene2688	0.54418
sRNA109	Gene1666	0.51529
sRNA135	Gene277	0.48463
sRNA218	Gene357	0.52914
sRNA96	Gene2119	0.52006
sRNA2	Gene352	0.53522
sRNA280	Gene243	0.53159
sRNA220	Gene1605	0.55698
sRNA72	Gene629	0.52353
sRNA34	Gene580	0.47168
sRNA273	Gene2216	0.51585
sRNA173	Gene205	0.52995
sRNA209	Gene491	0.54422
sRNA212	Gene2768	0.53787
sRNA22	Gene834	0.53145
sRNA123	Gene2487	0.55872
sRNA17	Gene611	0.59253
sRNA29	Gene2374	0.49883
sRNA61	Gene2015	0.5129
sRNA231	Gene1918	0.49398
sRNA143	Gene2568	0.56259
sRNA158	Gene934	0.49275
sRNA231	Gene1751	0.48817
sRNA14	Gene1857	0.53512
sRNA189	Gene1738	0.48402
sRNA138	Gene485	0.51398
sRNA9	Gene710	0.5424
sRNA156	Gene964	0.4708
sRNA193	Gene1495	0.46104
sRNA17	Gene477	0.47553
sRNA81	Gene2797	0.52536
sRNA239	Gene300	0.51237
sRNA263	Gene974	0.48858
sRNA25	Gene2730	0.56927
sRNA9	Gene1814	0.48204
sRNA214	Gene1876	0.52668
sRNA17	Gene1407	0.49709
sRNA92	Gene1436	0.49507
sRNA55	Gene2713	0.54385
sRNA172	Gene1971	0.51222
sRNA291	Gene946	0.46795
sRNA34	Gene2789	0.51143
sRNA188	Gene2353	0.53873
sRNA131	Gene2409	0.54995
sRNA147	Gene2636	0.55362
sRNA209	Gene1663	0.53722
sRNA270	Gene557	0.48315
sRNA181	Gene2627	0.58803
sRNA22	Gene2707	0.49241
sRNA140	Gene1432	0.53099
sRNA161	Gene1152	0.53526
sRNA81	Gene1637	0.56638
sRNA168	Gene1048	0.4542
sRNA37	Gene862	0.57308
sRNA276	Gene2612	0.50783
sRNA278	Gene1895	0.45874
sRNA79	Gene2286	0.54162
sRNA9	Gene1326	0.47752
sRNA163	Gene1740	0.50526
sRNA45	Gene1312	0.54516
sRNA156	Gene1356	0.51722
sRNA116	Gene1856	0.58776
sRNA9	Gene1459	0.51789
sRNA12	Gene1247	0.54892
sRNA181	Gene2184	0.58017
sRNA215	Gene974	0.56242
sRNA3	Gene2154	0.53652
sRNA240	Gene1712	0.60827
sRNA177	Gene805	0.51291
sRNA114	Gene1489	0.52791
sRNA13	Gene1812	0.50928
sRNA159	Gene1695	0.54235
sRNA258	Gene939	0.48295
sRNA124	Gene1229	0.55045
sRNA144	Gene1588	0.51363
sRNA31	Gene603	0.47171
sRNA181	Gene1542	0.55285
sRNA66	Gene1578	0.46962
sRNA300	Gene2531	0.4495
sRNA100	Gene943	0.51132
sRNA43	Gene426	0.51619
sRNA188	Gene1207	0.5275
sRNA20	Gene1804	0.53433
sRNA74	Gene699	0.51794
sRNA193	Gene646	0.48627
sRNA68	Gene599	0.45886
sRNA117	Gene480	0.55978
sRNA297	Gene1814	0.48179
sRNA159	Gene1035	0.51043
sRNA119	Gene299	0.52337
sRNA187	Gene1550	0.51698
sRNA246	Gene507	0.53842
sRNA40	Gene831	0.50223
sRNA174	Gene1579	0.50574
sRNA253	Gene186	0.53985
sRNA155	Gene2647	0.52871
sRNA119	Gene427	0.50253
sRNA151	Gene2284	0.50321
sRNA98	Gene62	0.47126
sRNA234	Gene1732	0.52556
sRNA249	Gene2152	0.49761
sRNA68	Gene1105	0.52165
sRNA241	Gene2446	0.55516
sRNA292	Gene1439	0.48878
sRNA210	Gene290	0.50609
sRNA6	Gene523	0.55397
sRNA131	Gene848	0.5618
sRNA121	Gene2204	0.45703
sRNA24	Gene2325	0.47549
sRNA269	Gene1818	0.46406
sRNA39	Gene1808	0.55401
sRNA245	Gene1027	0.5666
sRNA83	Gene2220	0.55364
sRNA123	Gene1574	0.49365
sRNA163	Gene1622	0.55634
sRNA113	Gene1622	0.49986
sRNA9	Gene656	0.54918
sRNA39	Gene103	0.57302
sRNA53	Gene537	0.55457
sRNA221	Gene1301	0.45632
sRNA136	Gene2282	0.57582
sRNA235	Gene2235	0.55458
sRNA237	Gene890	0.45583
sRNA36	Gene330	0.51485
sRNA54	Gene1769	0.46117
sRNA244	Gene2718	0.53181
sRNA47	Gene1948	0.57069
sRNA258	Gene776	0.49009
sRNA167	Gene1517	0.52036
sRNA64	Gene2519	0.55704
sRNA3	Gene2771	0.55184
sRNA50	Gene2060	0.55157
sRNA21	Gene824	0.46167
sRNA144	Gene2850	0.52108
sRNA75	Gene1758	0.53474
sRNA234	Gene1144	0.59621
sRNA164	Gene569	0.46695
sRNA158	Gene2508	0.55845
sRNA41	Gene277	0.49781
sRNA81	Gene2793	0.54789
sRNA6	Gene1129	0.51795
sRNA73	Gene1357	0.46723
sRNA215	Gene2394	0.46047
sRNA119	Gene1126	0.51983
sRNA35	Gene1084	0.53676
sRNA216	Gene2333	0.49003
sRNA181	Gene1561	0.58417
sRNA92	Gene725	0.52774
sRNA128	Gene216	0.58217
sRNA31	Gene998	0.47645
sRNA172	Gene1778	0.45538
sRNA104	Gene1351	0.50066
sRNA129	Gene1976	0.56215
sRNA257	Gene1621	0.51362
sRNA287	Gene2332	0.51753
sRNA236	Gene1521	0.57968
sRNA9	Gene1618	0.52935
sRNA172	Gene1271	0.45998
sRNA192	Gene2815	0.50643
sRNA55	Gene1760	0.51845
sRNA231	Gene1014	0.49755
sRNA68	Gene534	0.53932
sRNA21	Gene2529	0.52999
sRNA219	Gene915	0.59734
sRNA45	Gene2614	0.50225
sRNA41	Gene943	0.54778
sRNA167	Gene1280	0.5144
sRNA139	Gene2588	0.5423
sRNA232	Gene1754	0.49951
sRNA53	Gene72	0.51757
sRNA195	Gene2730	0.48934
sRNA6	Gene1251	0.51247
sRNA7	Gene1596	0.5842
sRNA1	Gene162	0.51109
sRNA28	Gene1673	0.47454
sRNA85	Gene1834	0.50186
sRNA108	Gene2581	0.54143
sRNA134	Gene2208	0.55914
sRNA9	Gene127	0.4951
sRNA13	Gene175	0.50161
sRNA170	Gene180	0.47324
sRNA257	Gene1103	0.53856
sRNA248	Gene1789	0.50285
sRNA91	Gene1982	0.49177
sRNA155	Gene1109	0.51322
sRNA56	Gene2833	0.4699
sRNA215	Gene2466	0.46622
sRNA307	Gene2247	0.47113
sRNA142	Gene2026	0.46883
sRNA226	Gene1939	0.55447
sRNA68	Gene582	0.5395
sRNA163	Gene221	0.52898
sRNA9	Gene1372	0.51168
sRNA241	Gene2727	0.5426
sRNA232	Gene1696	0.5151
sRNA250	Gene441	0.47517
sRNA128	Gene1836	0.53215
sRNA136	Gene1177	0.47954
sRNA41	Gene1973	0.56734
sRNA120	Gene2519	0.56268
sRNA102	Gene1195	0.47689
sRNA257	Gene116	0.52737
sRNA30	Gene2133	0.489
sRNA162	Gene968	0.52338
sRNA92	Gene1283	0.53321
sRNA233	Gene612	0.5664
sRNA207	Gene1890	0.56874
sRNA190	Gene1442	0.54319
sRNA196	Gene694	0.45084
sRNA58	Gene2784	0.48111
sRNA73	Gene2849	0.48491
sRNA91	Gene1534	0.51856
sRNA86	Gene2746	0.56646
sRNA188	Gene165	0.52008
sRNA43	Gene2271	0.51715
sRNA262	Gene468	0.56217
sRNA259	Gene1246	0.46451
sRNA156	Gene1125	0.48601
sRNA186	Gene89	0.56856
sRNA206	Gene1941	0.49532
sRNA120	Gene371	0.50484
sRNA132	Gene1896	0.51261
sRNA113	Gene67	0.54617
sRNA111	Gene857	0.54888
sRNA76	Gene893	0.57035
sRNA161	Gene247	0.52225
sRNA236	Gene1660	0.56396
sRNA204	Gene2299	0.50975
sRNA151	Gene2861	0.47091
sRNA158	Gene1376	0.53746
sRNA106	Gene711	0.55398
sRNA66	Gene1948	0.49812
sRNA245	Gene2670	0.5265
sRNA136	Gene1667	0.55855
sRNA88	Gene2703	0.53182
sRNA76	Gene381	0.57552
sRNA55	Gene1615	0.54327
sRNA50	Gene1644	0.55946
sRNA269	Gene336	0.46164
sRNA118	Gene535	0.50833
sRNA186	Gene2237	0.58617
sRNA223	Gene2109	0.59175
sRNA46	Gene822	0.587
sRNA9	Gene1511	0.53653
sRNA173	Gene2169	0.55419
sRNA75	Gene978	0.5022
sRNA141	Gene954	0.52482
sRNA41	Gene948	0.54851
sRNA12	Gene473	0.52855
sRNA159	Gene1819	0.53321
sRNA159	Gene716	0.53312
sRNA190	Gene1416	0.5452
sRNA226	Gene1406	0.52768
sRNA116	Gene1174	0.49635
sRNA27	Gene1895	0.47751
sRNA216	Gene1907	0.50474
sRNA273	Gene2119	0.47124
sRNA256	Gene1115	0.46268
sRNA173	Gene2172	0.57324
sRNA29	Gene1708	0.56375
sRNA186	Gene1037	0.55074
sRNA167	Gene692	0.53252
sRNA39	Gene2072	0.56856
sRNA256	Gene1997	0.4553
sRNA92	Gene119	0.52973
sRNA108	Gene765	0.47522
sRNA248	Gene1451	0.48203
sRNA88	Gene1565	0.50397
sRNA156	Gene2357	0.48624
sRNA9	Gene2752	0.47507
sRNA84	Gene2719	0.51997
sRNA24	Gene2843	0.45317
sRNA41	Gene924	0.56692
sRNA178	Gene185	0.53135
sRNA136	Gene2121	0.53957
sRNA62	Gene421	0.54619
sRNA55	Gene2776	0.58894
sRNA93	Gene369	0.52002
sRNA89	Gene1595	0.53365
sRNA190	Gene117	0.52434
sRNA50	Gene2290	0.50431
sRNA175	Gene392	0.45113
sRNA18	Gene445	0.57977
sRNA77	Gene2309	0.56541
sRNA233	Gene2284	0.51691
sRNA75	Gene1761	0.53078
sRNA168	Gene1588	0.45977
sRNA84	Gene344	0.52917
sRNA234	Gene1323	0.57046
sRNA262	Gene568	0.53679
sRNA66	Gene2510	0.4997
sRNA217	Gene1192	0.48365
sRNA214	Gene202	0.54894
sRNA248	Gene1568	0.49156
sRNA5	Gene2356	0.45725
sRNA278	Gene2155	0.49373
sRNA75	Gene769	0.48237
sRNA117	Gene2088	0.54827
sRNA170	Gene663	0.49632
sRNA26	Gene452	0.52644
sRNA139	Gene1479	0.49524
sRNA4	Gene1783	0.49127
sRNA3	Gene2675	0.58856
sRNA184	Gene113	0.53131
sRNA212	Gene197	0.48865
sRNA50	Gene2624	0.53669
sRNA65	Gene849	0.55219
sRNA133	Gene1287	0.54524
sRNA181	Gene720	0.54777
sRNA20	Gene2565	0.59114
sRNA170	Gene595	0.49841
sRNA75	Gene1496	0.49003
sRNA259	Gene1079	0.47327
sRNA46	Gene495	0.58893
sRNA24	Gene2515	0.48603
sRNA134	Gene1247	0.57029
sRNA206	Gene172	0.53669
sRNA207	Gene2264	0.5124
sRNA201	Gene2006	0.52581
sRNA142	Gene2492	0.53553
sRNA172	Gene47	0.47436
sRNA9	Gene1305	0.53153
sRNA104	Gene2239	0.48701
sRNA186	Gene550	0.55776
sRNA188	Gene193	0.50654
sRNA59	Gene2379	0.52163
sRNA236	Gene2380	0.54782
sRNA188	Gene1647	0.52946
sRNA239	Gene1295	0.50108
sRNA122	Gene391	0.50186
sRNA258	Gene2340	0.49568
sRNA50	Gene294	0.51018
sRNA105	Gene1841	0.52096
sRNA179	Gene783	0.50378
sRNA226	Gene1957	0.4944
sRNA22	Gene2647	0.46292
sRNA195	Gene144	0.5182
sRNA108	Gene1190	0.55688
sRNA96	Gene364	0.52106
sRNA263	Gene289	0.48983
sRNA45	Gene273	0.52563
sRNA2	Gene2605	0.5493
sRNA50	Gene1500	0.58309
sRNA125	Gene2020	0.58455
sRNA60	Gene2627	0.57219
sRNA190	Gene371	0.57635
sRNA106	Gene1429	0.57216
sRNA134	Gene2814	0.52352
sRNA218	Gene1506	0.5014
sRNA27	Gene72	0.46313
sRNA269	Gene2626	0.48998
sRNA67	Gene2263	0.4772
sRNA129	Gene267	0.56283
sRNA208	Gene1578	0.48721
sRNA212	Gene1107	0.55608
sRNA254	Gene713	0.47337
sRNA219	Gene2534	0.49235
sRNA159	Gene1102	0.52166
sRNA74	Gene2161	0.54579
sRNA90	Gene2698	0.54456
sRNA60	Gene2095	0.49672
sRNA162	Gene1781	0.56338
sRNA176	Gene1411	0.54224
sRNA80	Gene1202	0.5239
sRNA38	Gene2841	0.51214
sRNA260	Gene1174	0.53872
sRNA219	Gene18	0.54203
sRNA143	Gene2169	0.57431
sRNA115	Gene136	0.52417
sRNA35	Gene2006	0.55493
sRNA190	Gene1945	0.55546
sRNA103	Gene1607	0.52321
sRNA62	Gene1252	0.50458
sRNA65	Gene1747	0.4919
sRNA75	Gene1280	0.55562
sRNA195	Gene1065	0.51037
sRNA50	Gene146	0.48298
sRNA148	Gene1277	0.53227
sRNA39	Gene1852	0.59176
sRNA173	Gene276	0.48978
sRNA68	Gene2418	0.45398
sRNA91	Gene1191	0.49475
sRNA9	Gene1900	0.54818
sRNA173	Gene1424	0.51487
sRNA162	Gene1670	0.53307
sRNA84	Gene2520	0.57205
sRNA288	Gene2774	0.55216
sRNA44	Gene2604	0.49325
sRNA261	Gene482	0.49942
sRNA78	Gene756	0.50902
sRNA12	Gene2016	0.53995
sRNA223	Gene815	0.59494
sRNA123	Gene2790	0.48109
sRNA52	Gene150	0.58475
sRNA95	Gene657	0.53072
sRNA168	Gene46	0.48913
sRNA207	Gene2702	0.54903
sRNA203	Gene777	0.54132
sRNA150	Gene863	0.46113
sRNA246	Gene2397	0.53602
sRNA87	Gene862	0.58292
sRNA73	Gene2710	0.46863
sRNA51	Gene2827	0.54745
sRNA50	Gene1270	0.49867
sRNA36	Gene2752	0.54047
sRNA35	Gene18	0.49739
sRNA225	Gene2681	0.5374
sRNA9	Gene2257	0.51601
sRNA9	Gene900	0.53249
sRNA66	Gene2422	0.5008
sRNA13	Gene1808	0.47748
sRNA141	Gene2303	0.52193
sRNA238	Gene1	0.4888
sRNA193	Gene2741	0.48607
sRNA5	Gene2283	0.50919
sRNA212	Gene721	0.56467
sRNA181	Gene2214	0.60809
sRNA50	Gene1746	0.51083
sRNA311	Gene2570	0.50959
sRNA83	Gene1382	0.52814
sRNA219	Gene2747	0.49961
sRNA137	Gene73	0.48094
sRNA9	Gene2449	0.49478
sRNA74	Gene2465	0.51931
sRNA216	Gene1629	0.49258
sRNA128	Gene1792	0.55372
sRNA126	Gene2444	0.52638
sRNA289	Gene2783	0.54304
sRNA142	Gene2774	0.48516
sRNA162	Gene1263	0.54004
sRNA181	Gene1558	0.57831
sRNA244	Gene966	0.59177
sRNA51	Gene1182	0.56515
sRNA76	Gene2315	0.57273
sRNA7	Gene1455	0.52138
sRNA161	Gene2738	0.54953
sRNA78	Gene144	0.55226
sRNA28	Gene678	0.58017
sRNA219	Gene991	0.48395
sRNA47	Gene755	0.59722
sRNA156	Gene532	0.49941
sRNA5	Gene1980	0.48406
sRNA152	Gene1687	0.46152
sRNA292	Gene922	0.4696
sRNA233	Gene2057	0.53304
sRNA3	Gene2246	0.45349
sRNA212	Gene1093	0.52865
sRNA208	Gene1570	0.4633
sRNA217	Gene169	0.55925
sRNA158	Gene1924	0.51935
sRNA76	Gene1918	0.56278
sRNA188	Gene1002	0.55547
sRNA216	Gene1628	0.48328
sRNA9	Gene1826	0.49526
sRNA44	Gene2632	0.51712
sRNA66	Gene459	0.4613
sRNA248	Gene2770	0.45002
sRNA53	Gene1027	0.52405
sRNA199	Gene879	0.57763
sRNA269	Gene827	0.47245
sRNA9	Gene109	0.54254
sRNA119	Gene504	0.51523
sRNA231	Gene1615	0.53319
sRNA135	Gene241	0.53548
sRNA73	Gene2069	0.47012
sRNA91	Gene1639	0.48261
sRNA17	Gene306	0.50699
sRNA126	Gene2460	0.53568
sRNA237	Gene597	0.5194
sRNA3	Gene2379	0.52398
sRNA235	Gene90	0.52795
sRNA144	Gene784	0.46583
sRNA39	Gene2199	0.55415
sRNA105	Gene1259	0.51431
sRNA39	Gene1835	0.55926
sRNA159	Gene282	0.49993
sRNA194	Gene389	0.55052
sRNA48	Gene522	0.57187
sRNA218	Gene2417	0.53371
sRNA112	Gene1054	0.58401
sRNA147	Gene1857	0.53152
sRNA126	Gene368	0.52125
sRNA156	Gene1472	0.53123
sRNA249	Gene1942	0.51443
sRNA242	Gene2685	0.52327
sRNA173	Gene1795	0.54415
sRNA25	Gene1712	0.51191
sRNA126	Gene2575	0.54417
sRNA5	Gene2045	0.47002
sRNA264	Gene369	0.52441
sRNA62	Gene2599	0.46165
sRNA104	Gene849	0.52342
sRNA52	Gene2370	0.55941
sRNA199	Gene1067	0.5871
sRNA201	Gene2642	0.48509
sRNA25	Gene848	0.54414
sRNA156	Gene2739	0.55726
sRNA150	Gene2285	0.46907
sRNA273	Gene360	0.52175
sRNA10	Gene75	0.49163
sRNA205	Gene1980	0.45332
sRNA28	Gene1202	0.50822
sRNA96	Gene796	0.51264
sRNA64	Gene2411	0.5678
sRNA31	Gene537	0.49305
sRNA55	Gene2327	0.54722
sRNA158	Gene2207	0.56645
sRNA12	Gene1262	0.55715
sRNA218	Gene2184	0.54019
sRNA8	Gene2428	0.52323
sRNA181	Gene2324	0.56075
sRNA164	Gene91	0.47361
sRNA254	Gene2349	0.48208
sRNA233	Gene331	0.57712
sRNA216	Gene1809	0.49032
sRNA241	Gene1930	0.54532
sRNA119	Gene608	0.50426
sRNA151	Gene1917	0.49766
sRNA241	Gene2593	0.53319
sRNA102	Gene2580	0.47724
sRNA186	Gene856	0.53083
sRNA152	Gene2261	0.46151
sRNA161	Gene1784	0.57173
sRNA18	Gene873	0.54418
sRNA202	Gene1096	0.47965
sRNA110	Gene1002	0.55697
sRNA1	Gene919	0.48474
sRNA270	Gene2112	0.54804
sRNA24	Gene1525	0.45424
sRNA138	Gene1457	0.49011
sRNA145	Gene2407	0.55014
sRNA80	Gene2775	0.4985
sRNA244	Gene2537	0.53975
sRNA78	Gene1864	0.55898
sRNA22	Gene2385	0.49276
sRNA216	Gene2430	0.45859
sRNA148	Gene2462	0.52526
sRNA191	Gene894	0.55028
sRNA36	Gene2231	0.51761
sRNA278	Gene2580	0.47532
sRNA169	Gene1131	0.52862
sRNA200	Gene1915	0.46776
sRNA131	Gene580	0.52336
sRNA140	Gene340	0.47802
sRNA197	Gene402	0.53012
sRNA155	Gene128	0.516
sRNA114	Gene1910	0.54493
sRNA271	Gene2645	0.47287
sRNA269	Gene2280	0.46989
sRNA55	Gene2721	0.56202
sRNA101	Gene783	0.55848
sRNA169	Gene1672	0.52607
sRNA195	Gene2	0.48398
sRNA30	Gene630	0.53114
sRNA176	Gene2008	0.55839
sRNA214	Gene413	0.46617
sRNA178	Gene2125	0.51412
sRNA64	Gene1079	0.52667
sRNA222	Gene1962	0.49039
sRNA77	Gene2110	0.56757
sRNA137	Gene14	0.50606
sRNA43	Gene954	0.46333
sRNA30	Gene1141	0.53848
sRNA268	Gene509	0.46182
sRNA204	Gene2131	0.50767
sRNA61	Gene1574	0.51929
sRNA77	Gene1374	0.49163
sRNA9	Gene2852	0.55411
sRNA233	Gene1245	0.56521
sRNA241	Gene294	0.54854
sRNA124	Gene807	0.57134
sRNA136	Gene1924	0.53543
sRNA142	Gene2597	0.5545
sRNA80	Gene495	0.54213
sRNA25	Gene1068	0.53719
sRNA103	Gene1337	0.51786
sRNA2	Gene1199	0.53834
sRNA173	Gene104	0.50835
sRNA176	Gene2379	0.56477
sRNA188	Gene2134	0.50737
sRNA138	Gene2553	0.49711
sRNA275	Gene675	0.47886
sRNA5	Gene1986	0.4845
sRNA129	Gene1828	0.58927
sRNA225	Gene709	0.57133
sRNA156	Gene29	0.5765
sRNA129	Gene2298	0.55199
sRNA14	Gene2552	0.5633
sRNA7	Gene1002	0.59247
sRNA39	Gene1230	0.57863
sRNA129	Gene2653	0.5503
sRNA40	Gene102	0.52881
sRNA112	Gene1458	0.58263
sRNA118	Gene2465	0.50593
sRNA66	Gene2376	0.49003
sRNA112	Gene896	0.58414
sRNA55	Gene1675	0.57268
sRNA21	Gene110	0.54318
sRNA184	Gene877	0.49431
sRNA78	Gene1132	0.54966
sRNA276	Gene2441	0.47444
sRNA165	Gene1981	0.47802
sRNA3	Gene1084	0.4827
sRNA218	Gene582	0.57652
sRNA218	Gene708	0.56038
sRNA68	Gene1949	0.48378
sRNA172	Gene140	0.5542
sRNA108	Gene602	0.54871
sRNA35	Gene845	0.54331
sRNA101	Gene586	0.55308
sRNA269	Gene1220	0.47912
sRNA240	Gene2045	0.53703
sRNA276	Gene2575	0.4712
sRNA9	Gene2320	0.50271
sRNA92	Gene128	0.54508
sRNA112	Gene1785	0.54936
sRNA153	Gene1036	0.5573
sRNA81	Gene2461	0.56846
sRNA161	Gene695	0.48582
sRNA75	Gene615	0.49985
sRNA50	Gene2490	0.53086
sRNA9	Gene815	0.54891
sRNA28	Gene34	0.54242
sRNA80	Gene611	0.46823
sRNA64	Gene2299	0.53678
sRNA228	Gene1799	0.48383
sRNA50	Gene805	0.46953
sRNA31	Gene837	0.47819
sRNA112	Gene2362	0.54049
sRNA35	Gene1562	0.55226
sRNA9	Gene2237	0.5753
sRNA190	Gene2208	0.5804
sRNA21	Gene1620	0.53265
sRNA163	Gene1007	0.53859
sRNA249	Gene2514	0.52665
sRNA118	Gene2285	0.52007
sRNA75	Gene1834	0.54492
sRNA64	Gene1275	0.5441
sRNA70	Gene2280	0.55271
sRNA31	Gene992	0.48865
sRNA61	Gene310	0.51612
sRNA11	Gene1698	0.52833
sRNA213	Gene2593	0.55113
sRNA90	Gene1696	0.50957
sRNA232	Gene2551	0.46836
sRNA65	Gene319	0.57762
sRNA203	Gene210	0.53999
sRNA126	Gene1996	0.55039
sRNA141	Gene583	0.53435
sRNA101	Gene2778	0.54298
sRNA54	Gene1891	0.44873
sRNA9	Gene1605	0.47127
sRNA150	Gene1105	0.56906
sRNA274	Gene1787	0.45232
sRNA4	Gene2685	0.49267
sRNA37	Gene1976	0.53469
sRNA55	Gene1404	0.50592
sRNA54	Gene2284	0.5134
sRNA13	Gene2306	0.5124
sRNA163	Gene801	0.53539
sRNA112	Gene58	0.53661
sRNA9	Gene91	0.4686
sRNA111	Gene2344	0.52891
sRNA107	Gene1040	0.51601
sRNA96	Gene89	0.49368
sRNA62	Gene1199	0.51755
sRNA171	Gene1995	0.47856
sRNA64	Gene1810	0.58395
sRNA18	Gene843	0.54356
sRNA322	Gene1284	0.49506
sRNA9	Gene1830	0.4832
sRNA77	Gene1440	0.57688
sRNA5	Gene196	0.51916
sRNA155	Gene904	0.52697
sRNA122	Gene2474	0.55151
sRNA186	Gene850	0.54485
sRNA195	Gene2089	0.45572
sRNA200	Gene1129	0.46798
sRNA47	Gene843	0.56697
sRNA55	Gene1735	0.45592
sRNA197	Gene2285	0.46413
sRNA77	Gene1077	0.56601
sRNA9	Gene1716	0.47219
sRNA9	Gene873	0.53543
sRNA84	Gene822	0.55294
sRNA50	Gene2623	0.55014
sRNA19	Gene2186	0.55206
sRNA159	Gene150	0.55808
sRNA239	Gene808	0.527
sRNA270	Gene2341	0.45834
sRNA15	Gene1086	0.52711
sRNA14	Gene1640	0.45366
sRNA23	Gene107	0.49514
sRNA188	Gene2736	0.50367
sRNA9	Gene170	0.47433
sRNA184	Gene485	0.47446
sRNA246	Gene1984	0.54321
sRNA15	Gene2668	0.50193
sRNA226	Gene2131	0.57659
sRNA50	Gene265	0.49823
sRNA74	Gene2016	0.48688
sRNA219	Gene1699	0.47257
sRNA96	Gene1059	0.48116
sRNA155	Gene2567	0.50474
sRNA162	Gene1415	0.54355
sRNA171	Gene74	0.52594
sRNA83	Gene2313	0.55424
sRNA234	Gene2555	0.53946
sRNA248	Gene1867	0.46472
sRNA190	Gene63	0.53702
sRNA74	Gene2151	0.50715
sRNA144	Gene190	0.50936
sRNA236	Gene506	0.52807
sRNA173	Gene712	0.53557
sRNA58	Gene468	0.52557
sRNA275	Gene1888	0.44608
sRNA218	Gene1968	0.51968
sRNA151	Gene2191	0.50237
sRNA9	Gene2807	0.5437
sRNA191	Gene2673	0.50646
sRNA73	Gene629	0.45993
sRNA272	Gene169	0.50525
sRNA201	Gene2852	0.4622
sRNA241	Gene2127	0.53119
sRNA198	Gene2633	0.47446
sRNA216	Gene2332	0.45848
sRNA203	Gene1751	0.52235
sRNA168	Gene1350	0.49708
sRNA216	Gene1982	0.4836
sRNA134	Gene2488	0.55768
sRNA50	Gene2755	0.4771
sRNA85	Gene292	0.48715
sRNA40	Gene714	0.549
sRNA50	Gene1735	0.51161
sRNA53	Gene257	0.5182
sRNA179	Gene504	0.509
sRNA114	Gene1685	0.54895
sRNA147	Gene2211	0.53552
sRNA225	Gene413	0.48695
sRNA191	Gene1568	0.54251
sRNA169	Gene544	0.55765
sRNA194	Gene2139	0.55207
sRNA25	Gene57	0.54137
sRNA156	Gene2071	0.49614
sRNA109	Gene1676	0.53133
sRNA199	Gene2610	0.55642
sRNA174	Gene1431	0.50113
sRNA9	Gene1535	0.48099
sRNA83	Gene1927	0.53329
sRNA118	Gene1849	0.50811
sRNA152	Gene1397	0.52921
sRNA193	Gene2653	0.46401
sRNA95	Gene2291	0.49974
sRNA5	Gene1505	0.5195
sRNA87	Gene236	0.52509
sRNA14	Gene111	0.54372
sRNA265	Gene864	0.44866
sRNA205	Gene143	0.492
sRNA76	Gene2047	0.50734
sRNA21	Gene834	0.57384
sRNA171	Gene2089	0.50607
sRNA187	Gene2376	0.55384
sRNA58	Gene1300	0.46748
sRNA199	Gene1795	0.53618
sRNA75	Gene1295	0.45661
sRNA190	Gene2060	0.566
sRNA163	Gene495	0.54093
sRNA93	Gene1639	0.57575
sRNA12	Gene1615	0.56169
sRNA239	Gene1382	0.51867
sRNA170	Gene108	0.49716
sRNA210	Gene2802	0.48763
sRNA212	Gene999	0.48084
sRNA164	Gene1019	0.46363
sRNA41	Gene355	0.54791
sRNA9	Gene2409	0.51184
sRNA91	Gene166	0.49011
sRNA91	Gene348	0.47897
sRNA148	Gene1766	0.56179
sRNA3	Gene2176	0.55151
sRNA163	Gene2792	0.5626
sRNA60	Gene2677	0.52435
sRNA30	Gene1913	0.53925
sRNA188	Gene282	0.57398
sRNA93	Gene2793	0.54399
sRNA55	Gene2307	0.50781
sRNA164	Gene2280	0.49292
sRNA59	Gene288	0.5201
sRNA128	Gene258	0.55022
sRNA9	Gene555	0.52035
sRNA156	Gene2364	0.55291
sRNA270	Gene191	0.48755
sRNA41	Gene2751	0.53462
sRNA66	Gene884	0.50578
sRNA6	Gene511	0.54575
sRNA176	Gene2271	0.53164
sRNA17	Gene2690	0.51876
sRNA158	Gene1248	0.53564
sRNA169	Gene1788	0.57346
sRNA65	Gene765	0.52023
sRNA44	Gene1380	0.48753
sRNA121	Gene64	0.5446
sRNA239	Gene611	0.52754
sRNA50	Gene695	0.53704
sRNA278	Gene2410	0.45246
sRNA33	Gene873	0.52721
sRNA188	Gene1408	0.50689
sRNA176	Gene1397	0.59343
sRNA74	Gene617	0.51219
sRNA241	Gene2136	0.56598
sRNA47	Gene1738	0.50433
sRNA244	Gene1465	0.45979
sRNA236	Gene803	0.54263
sRNA14	Gene1341	0.56435
sRNA90	Gene2705	0.54423
sRNA35	Gene17	0.51735
sRNA110	Gene219	0.54794
sRNA81	Gene1291	0.49484
sRNA18	Gene2556	0.52161
sRNA130	Gene1592	0.52881
sRNA9	Gene108	0.49924
sRNA181	Gene2274	0.54692
sRNA31	Gene1158	0.48614
sRNA68	Gene1342	0.45818
sRNA9	Gene779	0.53218
sRNA64	Gene2822	0.55443
sRNA71	Gene1120	0.5856
sRNA193	Gene2292	0.52049
sRNA106	Gene2290	0.51218
sRNA21	Gene371	0.54916
sRNA249	Gene561	0.56939
sRNA83	Gene1528	0.53959
sRNA75	Gene1377	0.49591
sRNA10	Gene2407	0.55568
sRNA228	Gene124	0.51766
sRNA3	Gene1673	0.49356
sRNA219	Gene1767	0.52238
sRNA12	Gene1815	0.55331
sRNA111	Gene2478	0.54719
sRNA125	Gene691	0.54138
sRNA24	Gene786	0.48569
sRNA218	Gene2262	0.53046
sRNA82	Gene202	0.53122
sRNA9	Gene2828	0.49625
sRNA68	Gene2232	0.52934
sRNA66	Gene1983	0.49555
sRNA96	Gene2498	0.54244
sRNA33	Gene27	0.47945
sRNA262	Gene909	0.53235
sRNA186	Gene2701	0.50075
sRNA68	Gene1936	0.50263
sRNA26	Gene619	0.52489
sRNA113	Gene1215	0.47225
sRNA126	Gene1019	0.53121
sRNA297	Gene953	0.46434
sRNA41	Gene325	0.56548
sRNA24	Gene934	0.49064
sRNA178	Gene1008	0.52232
sRNA203	Gene803	0.50754
sRNA178	Gene2367	0.57874
sRNA29	Gene472	0.54049
sRNA66	Gene681	0.49223
sRNA155	Gene2505	0.5153
sRNA122	Gene547	0.46943
sRNA296	Gene578	0.48584
sRNA148	Gene389	0.56031
sRNA91	Gene313	0.50281
sRNA30	Gene1262	0.5095
sRNA148	Gene698	0.55667
sRNA229	Gene1886	0.47209
sRNA15	Gene1556	0.53796
sRNA184	Gene2563	0.44649
sRNA76	Gene2719	0.56511
sRNA51	Gene1797	0.56359
sRNA191	Gene2768	0.47508
sRNA2	Gene996	0.55753
sRNA65	Gene374	0.55847
sRNA21	Gene104	0.50871
sRNA20	Gene1664	0.50209
sRNA9	Gene1619	0.48909
sRNA107	Gene2794	0.51017
sRNA21	Gene331	0.52721
sRNA22	Gene2140	0.49737
sRNA6	Gene1183	0.50665
sRNA92	Gene199	0.51311
sRNA120	Gene129	0.56544
sRNA82	Gene2120	0.52348
sRNA199	Gene2614	0.52679
sRNA130	Gene2609	0.58388
sRNA30	Gene482	0.55393
sRNA99	Gene269	0.50303
sRNA81	Gene596	0.50622
sRNA52	Gene920	0.58521
sRNA65	Gene1370	0.50542
sRNA158	Gene1787	0.52533
sRNA99	Gene1045	0.47855
sRNA33	Gene1598	0.5008
sRNA26	Gene493	0.55099
sRNA174	Gene407	0.47207
sRNA311	Gene734	0.50556
sRNA167	Gene720	0.53344
sRNA164	Gene2073	0.45125
sRNA136	Gene1021	0.53391
sRNA81	Gene745	0.51081
sRNA172	Gene2843	0.44975
sRNA18	Gene1724	0.51888
sRNA210	Gene1111	0.55382
sRNA215	Gene1424	0.48398
sRNA174	Gene1600	0.48968
sRNA85	Gene1099	0.49489
sRNA84	Gene808	0.54065
sRNA20	Gene1980	0.50344
sRNA312	Gene2431	0.50566
sRNA173	Gene2420	0.50246
sRNA112	Gene833	0.58078
sRNA138	Gene1321	0.47407
sRNA28	Gene1785	0.46013
sRNA170	Gene1234	0.50458
sRNA9	Gene1154	0.53757
sRNA168	Gene1700	0.51609
sRNA122	Gene1560	0.53693
sRNA124	Gene2513	0.54987
sRNA167	Gene1666	0.49043
sRNA12	Gene121	0.5669
sRNA170	Gene2510	0.52132
sRNA177	Gene2403	0.52599
sRNA12	Gene2359	0.5676
sRNA175	Gene2069	0.461
sRNA87	Gene786	0.55188
sRNA93	Gene802	0.47233
sRNA134	Gene2391	0.55019
sRNA129	Gene1317	0.57938
sRNA57	Gene2722	0.48852
sRNA201	Gene2083	0.50782
sRNA113	Gene2386	0.50619
sRNA124	Gene2148	0.53356
sRNA141	Gene1274	0.51017
sRNA3	Gene1880	0.51715
sRNA121	Gene47	0.4699
sRNA273	Gene1320	0.4712
sRNA140	Gene387	0.49404
sRNA216	Gene590	0.55054
sRNA159	Gene1394	0.5516
sRNA218	Gene2291	0.52616
sRNA247	Gene1848	0.46872
sRNA257	Gene586	0.54712
sRNA112	Gene1747	0.55794
sRNA247	Gene779	0.50373
sRNA72	Gene1421	0.54378
sRNA8	Gene18	0.49353
sRNA237	Gene1500	0.48095
sRNA298	Gene1904	0.52697
sRNA174	Gene676	0.4845
sRNA168	Gene2784	0.46115
sRNA180	Gene426	0.48987
sRNA218	Gene2043	0.48707
sRNA273	Gene2070	0.50473
sRNA30	Gene2418	0.53165
sRNA109	Gene1834	0.56119
sRNA127	Gene615	0.55397
sRNA6	Gene760	0.52527
sRNA148	Gene1601	0.50557
sRNA157	Gene1714	0.56292
sRNA164	Gene2230	0.49817
sRNA218	Gene830	0.57854
sRNA24	Gene410	0.526
sRNA163	Gene1192	0.51637
sRNA268	Gene920	0.45404
sRNA80	Gene1303	0.44835
sRNA191	Gene2498	0.50238
sRNA57	Gene2387	0.48526
sRNA150	Gene144	0.55001
sRNA17	Gene1105	0.514
sRNA9	Gene1292	0.50467
sRNA211	Gene1639	0.485
sRNA27	Gene2536	0.47466
sRNA9	Gene11	0.5503
sRNA52	Gene2257	0.55426
sRNA218	Gene173	0.53114
sRNA178	Gene565	0.59146
sRNA174	Gene84	0.52685
sRNA95	Gene323	0.52822
sRNA232	Gene2080	0.46406
sRNA289	Gene498	0.47097
sRNA93	Gene2114	0.53608
sRNA5	Gene2174	0.47801
sRNA49	Gene1101	0.55579
sRNA100	Gene728	0.58234
sRNA53	Gene994	0.56098
sRNA51	Gene1869	0.54521
sRNA9	Gene606	0.53812
sRNA171	Gene1386	0.52782
sRNA203	Gene1036	0.52352
sRNA134	Gene688	0.5412
sRNA215	Gene685	0.48416
sRNA171	Gene2480	0.47121
sRNA110	Gene2625	0.57004
sRNA122	Gene692	0.51479
sRNA14	Gene2145	0.55309
sRNA9	Gene2621	0.46604
sRNA141	Gene344	0.55062
sRNA128	Gene1799	0.54159
sRNA3	Gene1018	0.5006
sRNA171	Gene712	0.49643
sRNA45	Gene750	0.55699
sRNA132	Gene82	0.4721
sRNA44	Gene1607	0.50594
sRNA158	Gene2101	0.47643
sRNA73	Gene748	0.47614
sRNA199	Gene1760	0.58167
sRNA66	Gene1814	0.45266
sRNA50	Gene2716	0.49485
sRNA140	Gene2639	0.55658
sRNA225	Gene2241	0.57374
sRNA190	Gene1246	0.53708
sRNA9	Gene2446	0.49054
sRNA27	Gene2823	0.44625
sRNA148	Gene2633	0.51759
sRNA148	Gene2586	0.55334
sRNA222	Gene1243	0.49318
sRNA265	Gene1270	0.46317
sRNA254	Gene2583	0.45168
sRNA76	Gene569	0.56511
sRNA194	Gene1323	0.52976
sRNA109	Gene1095	0.49918
sRNA73	Gene1480	0.47085
sRNA156	Gene1788	0.49486
sRNA195	Gene137	0.51019
sRNA45	Gene229	0.56416
sRNA48	Gene1597	0.54781
sRNA108	Gene2072	0.52387
sRNA176	Gene1474	0.55065
sRNA135	Gene1464	0.48516
sRNA188	Gene2035	0.49676
sRNA4	Gene2511	0.46076
sRNA226	Gene2767	0.52507
sRNA206	Gene336	0.51774
sRNA135	Gene668	0.45736
sRNA139	Gene591	0.52993
sRNA112	Gene1829	0.54733
sRNA158	Gene2488	0.53593
sRNA139	Gene1485	0.49836
sRNA273	Gene2334	0.49308
sRNA158	Gene1332	0.50084
sRNA57	Gene703	0.45572
sRNA132	Gene480	0.5063
sRNA22	Gene423	0.48237
sRNA149	Gene1502	0.50693
sRNA192	Gene1907	0.50779
sRNA27	Gene383	0.47528
sRNA83	Gene1932	0.57744
sRNA218	Gene1567	0.58315
sRNA201	Gene2798	0.49672
sRNA322	Gene2687	0.48774
sRNA22	Gene650	0.50851
sRNA129	Gene2496	0.57303
sRNA9	Gene1781	0.48959
sRNA118	Gene2444	0.51119
sRNA186	Gene8	0.56456
sRNA146	Gene1615	0.49899
sRNA84	Gene797	0.58181
sRNA47	Gene619	0.57708
sRNA9	Gene1437	0.4957
sRNA230	Gene120	0.45869
sRNA9	Gene1072	0.53683
sRNA229	Gene1618	0.48705
sRNA126	Gene2278	0.53702
sRNA47	Gene1294	0.48843
sRNA163	Gene2248	0.56359
sRNA101	Gene1143	0.56962
sRNA280	Gene612	0.52982
sRNA74	Gene2310	0.45636
sRNA24	Gene2585	0.46517
sRNA57	Gene1493	0.48621
sRNA214	Gene2480	0.49223
sRNA96	Gene2014	0.45921
sRNA193	Gene327	0.51209
sRNA171	Gene2233	0.5207
sRNA78	Gene674	0.56388
sRNA9	Gene1318	0.46401
sRNA124	Gene1670	0.5609
sRNA195	Gene2144	0.50304
sRNA162	Gene208	0.57404
sRNA169	Gene1612	0.51764
sRNA241	Gene502	0.5386
sRNA129	Gene1445	0.57874
sRNA148	Gene2211	0.51467
sRNA25	Gene2766	0.54145
sRNA84	Gene236	0.52115
sRNA205	Gene839	0.49738
sRNA152	Gene1204	0.5442
sRNA10	Gene1659	0.54122
sRNA168	Gene2548	0.51093
sRNA156	Gene2138	0.51593
sRNA155	Gene565	0.51463
sRNA64	Gene2853	0.56114
sRNA203	Gene671	0.50044
sRNA25	Gene2153	0.53727
sRNA136	Gene1858	0.52607
sRNA198	Gene1358	0.48957
sRNA137	Gene845	0.49142
sRNA104	Gene1434	0.51186
sRNA33	Gene2589	0.49312
sRNA43	Gene1055	0.49853
sRNA136	Gene648	0.48664
sRNA286	Gene2569	0.45465
sRNA82	Gene1572	0.53723
sRNA227	Gene1275	0.58004
sRNA73	Gene1815	0.47444
sRNA287	Gene2380	0.51806
sRNA202	Gene2308	0.52596
sRNA144	Gene374	0.55369
sRNA53	Gene1017	0.51815
sRNA244	Gene2834	0.52624
sRNA239	Gene426	0.47817
sRNA8	Gene101	0.48529
sRNA173	Gene1216	0.47241
sRNA18	Gene1366	0.49391
sRNA167	Gene353	0.5756
sRNA161	Gene499	0.49637
sRNA218	Gene2396	0.54695
sRNA241	Gene1626	0.56068
sRNA59	Gene292	0.57555
sRNA27	Gene750	0.47484
sRNA172	Gene2467	0.47728
sRNA212	Gene639	0.55189
sRNA21	Gene2677	0.52572
sRNA50	Gene800	0.55034
sRNA308	Gene1030	0.49339
sRNA41	Gene1381	0.54622
sRNA108	Gene2470	0.50471
sRNA20	Gene2065	0.55643
sRNA282	Gene168	0.50267
sRNA131	Gene1940	0.51316
sRNA111	Gene2584	0.53561
sRNA257	Gene2423	0.53198
sRNA228	Gene1620	0.49252
sRNA169	Gene1400	0.54717
sRNA241	Gene1270	0.56025
sRNA130	Gene2289	0.55526
sRNA14	Gene619	0.54181
sRNA273	Gene2158	0.49669
sRNA86	Gene2301	0.55154
sRNA193	Gene1143	0.48964
sRNA81	Gene204	0.52845
sRNA9	Gene2014	0.46782
sRNA172	Gene1496	0.4835
sRNA9	Gene1096	0.50983
sRNA41	Gene216	0.56433
sRNA9	Gene1953	0.53212
sRNA273	Gene201	0.47659
sRNA54	Gene2572	0.4762
sRNA50	Gene1579	0.57708
sRNA273	Gene231	0.5123
sRNA92	Gene2511	0.53299
sRNA273	Gene2201	0.47834
sRNA28	Gene845	0.52219
sRNA9	Gene1626	0.4572
sRNA150	Gene287	0.52016
sRNA241	Gene1533	0.54536
sRNA2	Gene2784	0.54545
sRNA43	Gene2161	0.51149
sRNA189	Gene2215	0.53315
sRNA229	Gene687	0.55165
sRNA5	Gene748	0.47424
sRNA286	Gene2625	0.46783
sRNA50	Gene2008	0.54902
sRNA128	Gene358	0.59674
sRNA24	Gene2211	0.4772
sRNA239	Gene926	0.528
sRNA204	Gene1449	0.49393
sRNA192	Gene1406	0.48718
sRNA165	Gene841	0.45994
sRNA248	Gene1878	0.44966
sRNA12	Gene641	0.54498
sRNA50	Gene2379	0.50483
sRNA82	Gene2170	0.53065
sRNA78	Gene2406	0.54149
sRNA299	Gene90	0.52081
sRNA83	Gene1949	0.54823
sRNA139	Gene407	0.53114
sRNA181	Gene1376	0.56798
sRNA216	Gene2816	0.49891
sRNA240	Gene1709	0.55566
sRNA236	Gene2026	0.56055
sRNA102	Gene2427	0.50215
sRNA3	Gene2127	0.53899
sRNA169	Gene2022	0.52331
sRNA192	Gene2045	0.45314
sRNA227	Gene2403	0.53394
sRNA139	Gene1868	0.52965
sRNA47	Gene2008	0.48593
sRNA30	Gene557	0.54451
sRNA208	Gene420	0.454
sRNA131	Gene879	0.56491
sRNA197	Gene2850	0.5335
sRNA84	Gene2367	0.54468
sRNA5	Gene144	0.55603
sRNA199	Gene1425	0.57199
sRNA24	Gene2314	0.49591
sRNA139	Gene1898	0.52836
sRNA237	Gene2361	0.54586
sRNA31	Gene634	0.47445
sRNA291	Gene362	0.49502
sRNA103	Gene1997	0.54981
sRNA163	Gene2026	0.57273
sRNA135	Gene2679	0.51955
sRNA139	Gene1703	0.51419
sRNA18	Gene251	0.52508
sRNA192	Gene1273	0.46
sRNA108	Gene2359	0.56698
sRNA258	Gene2182	0.50417
sRNA73	Gene775	0.49027
sRNA14	Gene2651	0.53694
sRNA51	Gene2758	0.59995
sRNA167	Gene2476	0.54851
sRNA92	Gene1783	0.51072
sRNA116	Gene2571	0.54004
sRNA195	Gene1588	0.49792
sRNA226	Gene747	0.51824
sRNA241	Gene538	0.53541
sRNA194	Gene2293	0.51823
sRNA170	Gene2046	0.50206
sRNA161	Gene1470	0.52897
sRNA207	Gene2736	0.60169
sRNA70	Gene863	0.54805
sRNA81	Gene2086	0.55465
sRNA224	Gene361	0.54854
sRNA78	Gene1316	0.55429
sRNA47	Gene2358	0.54121
sRNA143	Gene665	0.57703
sRNA145	Gene2210	0.49067
sRNA216	Gene1479	0.47899
sRNA15	Gene571	0.53005
sRNA50	Gene201	0.54796
sRNA22	Gene1938	0.46936
sRNA148	Gene2380	0.56819
sRNA171	Gene59	0.47726
sRNA91	Gene594	0.49027
sRNA108	Gene1855	0.52326
sRNA135	Gene2675	0.50533
sRNA287	Gene875	0.51508
sRNA30	Gene2283	0.4796
sRNA31	Gene247	0.53661
sRNA70	Gene2829	0.51773
sRNA102	Gene383	0.48292
sRNA3	Gene2112	0.49212
sRNA200	Gene1861	0.53062
sRNA64	Gene855	0.5644
sRNA9	Gene2037	0.47018
sRNA168	Gene1407	0.48713
sRNA159	Gene1622	0.48792
sRNA4	Gene1657	0.47182
sRNA192	Gene1325	0.49682
sRNA228	Gene242	0.48276
sRNA22	Gene7	0.45047
sRNA69	Gene1139	0.48298
sRNA168	Gene1237	0.49661
sRNA156	Gene2688	0.58864
sRNA264	Gene1861	0.49288
sRNA24	Gene1483	0.49633
sRNA294	Gene272	0.4665
sRNA63	Gene1695	0.54649
sRNA34	Gene1906	0.52035
sRNA104	Gene1890	0.5194
sRNA27	Gene1102	0.44722
sRNA43	Gene42	0.48061
sRNA273	Gene1639	0.46215
sRNA112	Gene2642	0.57455
sRNA178	Gene1758	0.56133
sRNA186	Gene1860	0.5506
sRNA273	Gene2753	0.49256
sRNA9	Gene2842	0.47241
sRNA1	Gene1846	0.46912
sRNA104	Gene1884	0.50296
sRNA37	Gene2590	0.56194
sRNA298	Gene1054	0.53576
sRNA111	Gene2079	0.5313
sRNA219	Gene1818	0.47998
sRNA170	Gene330	0.51928
sRNA173	Gene1769	0.53548
sRNA159	Gene1174	0.52734
sRNA123	Gene1934	0.50322
sRNA103	Gene1959	0.50595
sRNA244	Gene1711	0.56419
sRNA5	Gene2511	0.50992
sRNA239	Gene2757	0.50786
sRNA255	Gene2534	0.45944
sRNA57	Gene30	0.51531
sRNA30	Gene2864	0.5417
sRNA170	Gene2178	0.51242
sRNA246	Gene2227	0.47023
sRNA5	Gene494	0.52346
sRNA189	Gene889	0.49531
sRNA93	Gene2624	0.53594
sRNA130	Gene1136	0.58243
sRNA180	Gene599	0.5141
sRNA120	Gene613	0.57299
sRNA68	Gene813	0.51799
sRNA165	Gene1184	0.53292
sRNA119	Gene1150	0.52438
sRNA257	Gene373	0.46973
sRNA82	Gene1041	0.5325
sRNA195	Gene2406	0.51825
sRNA230	Gene1609	0.46692
sRNA173	Gene1316	0.50492
sRNA17	Gene497	0.52357
sRNA103	Gene1322	0.48876
sRNA148	Gene140	0.58128
sRNA157	Gene1310	0.51681
sRNA218	Gene1270	0.50668
sRNA47	Gene712	0.52253
sRNA195	Gene2397	0.50621
sRNA246	Gene2180	0.51142
sRNA258	Gene2520	0.56117
sRNA66	Gene2135	0.49838
sRNA64	Gene842	0.52526
sRNA229	Gene1455	0.50735
sRNA9	Gene686	0.53603
sRNA82	Gene2255	0.5355
sRNA84	Gene1793	0.49697
sRNA142	Gene2785	0.51422
sRNA54	Gene1641	0.47332
sRNA54	Gene329	0.50494
sRNA113	Gene2395	0.49247
sRNA192	Gene1200	0.53398
sRNA232	Gene2096	0.46029
sRNA254	Gene548	0.48485
sRNA64	Gene200	0.59144
sRNA204	Gene2344	0.54146
sRNA192	Gene1013	0.50814
sRNA101	Gene1863	0.58052
sRNA194	Gene832	0.54063
sRNA222	Gene968	0.45777
sRNA16	Gene1739	0.50391
sRNA134	Gene1626	0.57485
sRNA136	Gene312	0.52843
sRNA239	Gene1149	0.48295
sRNA205	Gene2602	0.50095
sRNA7	Gene515	0.53814
sRNA142	Gene382	0.53066
sRNA50	Gene965	0.50238
sRNA21	Gene1228	0.53935
sRNA225	Gene1300	0.5187
sRNA114	Gene1827	0.51748
sRNA41	Gene2718	0.53287
sRNA242	Gene1168	0.46224
sRNA192	Gene1760	0.47169
sRNA137	Gene149	0.54014
sRNA175	Gene109	0.49478
sRNA241	Gene92	0.5603
sRNA122	Gene1959	0.55895
sRNA110	Gene441	0.54729
sRNA112	Gene2183	0.60303
sRNA233	Gene342	0.505
sRNA244	Gene1462	0.50261
sRNA137	Gene2259	0.4586
sRNA204	Gene1420	0.51504
sRNA175	Gene445	0.51143
sRNA84	Gene2431	0.5505
sRNA203	Gene971	0.5261
sRNA54	Gene90	0.47292
sRNA31	Gene13	0.46562
sRNA149	Gene2835	0.45165
sRNA83	Gene1241	0.53692
sRNA179	Gene430	0.4884
sRNA230	Gene2600	0.49462
sRNA184	Gene74	0.48411
sRNA162	Gene646	0.54
sRNA84	Gene1689	0.51381
sRNA55	Gene2531	0.56012
sRNA9	Gene1150	0.51895
sRNA167	Gene1625	0.50456
sRNA234	Gene369	0.56847
sRNA249	Gene2014	0.448
sRNA5	Gene1168	0.44954
sRNA105	Gene579	0.48349
sRNA244	Gene2860	0.49987
sRNA144	Gene1703	0.54074
sRNA186	Gene620	0.55583
sRNA50	Gene595	0.48884
sRNA119	Gene1235	0.52261
sRNA79	Gene1067	0.53596
sRNA30	Gene2634	0.53756
sRNA159	Gene2579	0.55318
sRNA18	Gene1815	0.5183
sRNA30	Gene1629	0.52716
sRNA246	Gene2217	0.51122
sRNA168	Gene2252	0.49324
sRNA109	Gene2635	0.5505
sRNA127	Gene2271	0.56015
sRNA140	Gene131	0.5107
sRNA207	Gene827	0.53978
sRNA3	Gene1729	0.55309
sRNA7	Gene1278	0.50334
sRNA135	Gene41	0.49949
sRNA3	Gene2185	0.52688
sRNA295	Gene1852	0.49799
sRNA86	Gene2141	0.56282
sRNA83	Gene2403	0.51339
sRNA9	Gene53	0.57909
sRNA247	Gene2268	0.46224
sRNA108	Gene1406	0.51221
sRNA224	Gene1899	0.53998
sRNA53	Gene2838	0.54465
sRNA55	Gene694	0.56943
sRNA127	Gene1980	0.6094
sRNA76	Gene1951	0.55367
sRNA179	Gene176	0.55402
sRNA169	Gene2586	0.48487
sRNA182	Gene2619	0.51135
sRNA167	Gene291	0.56595
sRNA83	Gene1096	0.57177
sRNA82	Gene801	0.48656
sRNA291	Gene655	0.47364
sRNA14	Gene2653	0.53076
sRNA81	Gene1445	0.53249
sRNA60	Gene1957	0.53659
sRNA177	Gene1748	0.50806
sRNA161	Gene1027	0.47193
sRNA192	Gene1509	0.53353
sRNA88	Gene1438	0.49852
sRNA206	Gene2230	0.4919
sRNA103	Gene657	0.48413
sRNA241	Gene665	0.58433
sRNA57	Gene957	0.50395
sRNA238	Gene416	0.49282
sRNA244	Gene1303	0.47854
sRNA92	Gene1610	0.53709
sRNA237	Gene1620	0.55582
sRNA53	Gene980	0.51602
sRNA120	Gene493	0.51871
sRNA5	Gene1247	0.50084
sRNA78	Gene1110	0.56718
sRNA257	Gene509	0.51223
sRNA9	Gene1462	0.52527
sRNA132	Gene1664	0.46674
sRNA74	Gene793	0.48237
sRNA254	Gene1879	0.47027
sRNA4	Gene1430	0.45966
sRNA107	Gene568	0.51556
sRNA85	Gene2629	0.51783
sRNA20	Gene195	0.56776
sRNA9	Gene1441	0.5365
sRNA55	Gene2308	0.49521
sRNA74	Gene797	0.49485
sRNA175	Gene658	0.52377
sRNA120	Gene2060	0.54574
sRNA44	Gene659	0.51172
sRNA140	Gene162	0.54018
sRNA170	Gene2473	0.47646
sRNA9	Gene826	0.505
sRNA4	Gene735	0.47219
sRNA156	Gene2837	0.45854
sRNA102	Gene353	0.4783
sRNA268	Gene780	0.45425
sRNA139	Gene1514	0.51614
sRNA100	Gene1794	0.46599
sRNA111	Gene2777	0.55771
sRNA82	Gene2052	0.53941
sRNA246	Gene1371	0.48913
sRNA76	Gene590	0.57652
sRNA84	Gene2589	0.49738
sRNA203	Gene2386	0.52076
sRNA173	Gene992	0.51454
sRNA278	Gene870	0.48181
sRNA129	Gene2353	0.57436
sRNA6	Gene669	0.55962
sRNA248	Gene898	0.47076
sRNA37	Gene2160	0.63335
sRNA157	Gene1322	0.598
sRNA177	Gene2017	0.53078
sRNA84	Gene606	0.56396
sRNA49	Gene2766	0.54869
sRNA65	Gene2114	0.56503
sRNA9	Gene1240	0.4928
sRNA88	Gene2325	0.54945
sRNA83	Gene494	0.59093
sRNA65	Gene963	0.51392
sRNA45	Gene162	0.46539
sRNA148	Gene1129	0.53767
sRNA144	Gene2764	0.52818
sRNA232	Gene2674	0.49343
sRNA9	Gene1847	0.49074
sRNA42	Gene1099	0.57389
sRNA9	Gene1037	0.46524
sRNA224	Gene2284	0.54319
sRNA169	Gene2508	0.548
sRNA276	Gene298	0.51882
sRNA50	Gene1560	0.45122
sRNA270	Gene2629	0.4485
sRNA64	Gene38	0.54079
sRNA134	Gene2770	0.53019
sRNA122	Gene2031	0.54791
sRNA205	Gene1570	0.46508
sRNA178	Gene1895	0.57664
sRNA92	Gene1330	0.51072
sRNA50	Gene955	0.58332
sRNA75	Gene645	0.46549
sRNA135	Gene1615	0.49165
sRNA49	Gene2718	0.55919
sRNA195	Gene2237	0.48263
sRNA214	Gene369	0.55118
sRNA84	Gene759	0.6094
sRNA218	Gene1504	0.52487
sRNA167	Gene642	0.55497
sRNA273	Gene2483	0.51566
sRNA117	Gene1388	0.56722
sRNA59	Gene2514	0.52207
sRNA73	Gene2750	0.47147
sRNA169	Gene1674	0.53487
sRNA288	Gene453	0.52741
sRNA13	Gene2026	0.51748
sRNA3	Gene1701	0.4497
sRNA228	Gene285	0.50103
sRNA106	Gene2041	0.52016
sRNA200	Gene1813	0.47302
sRNA109	Gene1513	0.54168
sRNA149	Gene2264	0.49535
sRNA122	Gene1576	0.53697
sRNA240	Gene379	0.57588
sRNA86	Gene1321	0.55244
sRNA84	Gene131	0.52333
sRNA219	Gene524	0.5421
sRNA204	Gene2495	0.49321
sRNA161	Gene843	0.54273
sRNA108	Gene2546	0.4736
sRNA111	Gene1402	0.54876
sRNA271	Gene787	0.49711
sRNA259	Gene1541	0.4593
sRNA100	Gene1115	0.58488
sRNA116	Gene1158	0.5522
sRNA136	Gene949	0.54924
sRNA165	Gene1836	0.47926
sRNA237	Gene1965	0.5439
sRNA228	Gene1623	0.50876
sRNA125	Gene2838	0.53089
sRNA198	Gene1525	0.47237
sRNA99	Gene1375	0.51575
sRNA188	Gene2799	0.50802
sRNA189	Gene2205	0.53803
sRNA25	Gene367	0.58884
sRNA254	Gene1432	0.44949
sRNA22	Gene2183	0.47091
sRNA81	Gene1976	0.53805
sRNA178	Gene719	0.49533
sRNA119	Gene292	0.51798
sRNA37	Gene1411	0.55562
sRNA292	Gene1285	0.45718
sRNA104	Gene1396	0.47187
sRNA9	Gene2158	0.47144
sRNA192	Gene2690	0.48052
sRNA89	Gene2432	0.50503
sRNA276	Gene159	0.5187
sRNA124	Gene2820	0.51491
sRNA189	Gene666	0.4917
sRNA270	Gene713	0.45293
sRNA88	Gene2650	0.48755
sRNA195	Gene2577	0.48692
sRNA37	Gene1664	0.59338
sRNA116	Gene2410	0.53157
sRNA22	Gene440	0.50517
sRNA224	Gene2808	0.55819
sRNA9	Gene266	0.54525
sRNA15	Gene2321	0.53102
sRNA227	Gene2729	0.48922
sRNA10	Gene2286	0.55734
sRNA274	Gene2818	0.50912
sRNA137	Gene176	0.46802
sRNA265	Gene1848	0.45547
sRNA34	Gene842	0.45485
sRNA104	Gene2533	0.52528
sRNA152	Gene698	0.44968
sRNA173	Gene2178	0.5267
sRNA65	Gene1307	0.45336
sRNA209	Gene2571	0.5615
sRNA177	Gene1942	0.57175
sRNA186	Gene832	0.55486
sRNA64	Gene1768	0.57053
sRNA237	Gene1276	0.48175
sRNA260	Gene1675	0.51709
sRNA88	Gene389	0.51221
sRNA138	Gene508	0.47575
sRNA120	Gene2517	0.5493
sRNA18	Gene734	0.55939
sRNA186	Gene163	0.53831
sRNA164	Gene1893	0.47484
sRNA186	Gene1997	0.53362
sRNA180	Gene1406	0.52382
sRNA235	Gene104	0.50271
sRNA104	Gene886	0.50162
sRNA89	Gene2148	0.50973
sRNA105	Gene2205	0.48467
sRNA156	Gene2784	0.53767
sRNA60	Gene2793	0.47191
sRNA167	Gene295	0.54765
sRNA3	Gene2785	0.50153
sRNA232	Gene1197	0.47351
sRNA75	Gene71	0.517
sRNA100	Gene1994	0.54561
sRNA208	Gene2165	0.49938
sRNA232	Gene2766	0.46847
sRNA269	Gene1473	0.48602
sRNA249	Gene473	0.50614
sRNA143	Gene2042	0.5274
sRNA3	Gene701	0.50783
sRNA80	Gene2291	0.46464
sRNA286	Gene1572	0.4625
sRNA191	Gene493	0.49256
sRNA95	Gene1463	0.576
sRNA57	Gene865	0.50177
sRNA21	Gene2120	0.57621
sRNA196	Gene281	0.4645
sRNA254	Gene498	0.44982
sRNA88	Gene741	0.58897
sRNA178	Gene577	0.5339
sRNA190	Gene2643	0.51351
sRNA206	Gene1400	0.54309
sRNA249	Gene2189	0.45964
sRNA44	Gene1907	0.49795
sRNA22	Gene1854	0.5169
sRNA234	Gene2121	0.57857
sRNA47	Gene2326	0.47098
sRNA148	Gene2465	0.54186
sRNA1	Gene2160	0.50731
sRNA64	Gene506	0.55054
sRNA26	Gene2101	0.4939
sRNA88	Gene686	0.55857
sRNA230	Gene2018	0.4915
sRNA9	Gene1089	0.55235
sRNA78	Gene577	0.51198
sRNA78	Gene2416	0.52872
sRNA37	Gene2110	0.57897
sRNA194	Gene831	0.57916
sRNA189	Gene2001	0.50627
sRNA238	Gene539	0.50199
sRNA189	Gene1879	0.47384
sRNA165	Gene1737	0.44811
sRNA200	Gene455	0.45681
sRNA122	Gene2159	0.50036
sRNA9	Gene2027	0.47576
sRNA120	Gene418	0.57172
sRNA70	Gene689	0.57146
sRNA219	Gene2511	0.48906
sRNA102	Gene2303	0.46195
sRNA148	Gene1941	0.53426
sRNA9	Gene720	0.53824
sRNA174	Gene2586	0.48925
sRNA244	Gene2319	0.51556
sRNA129	Gene1318	0.56359
sRNA24	Gene1263	0.46756
sRNA7	Gene158	0.50951
sRNA233	Gene108	0.55834
sRNA96	Gene864	0.50162
sRNA186	Gene690	0.56616
sRNA63	Gene411	0.55961
sRNA92	Gene961	0.52656
sRNA212	Gene2000	0.5594
sRNA29	Gene554	0.56133
sRNA135	Gene871	0.52625
sRNA141	Gene1732	0.52015
sRNA29	Gene826	0.57809
sRNA13	Gene1674	0.50661
sRNA118	Gene2008	0.55264
sRNA35	Gene1958	0.52136
sRNA52	Gene705	0.62488
sRNA202	Gene2299	0.51295
sRNA212	Gene2209	0.54084
sRNA258	Gene2152	0.49634
sRNA208	Gene2511	0.50188
sRNA52	Gene2307	0.56555
sRNA9	Gene2577	0.5238
sRNA76	Gene1971	0.51879
sRNA156	Gene2641	0.53079
sRNA9	Gene1276	0.47424
sRNA15	Gene439	0.48439
sRNA124	Gene2574	0.54208
sRNA203	Gene2266	0.51184
sRNA245	Gene370	0.53374
sRNA108	Gene1613	0.49511
sRNA113	Gene2148	0.54104
sRNA9	Gene2844	0.49602
sRNA45	Gene608	0.60059
sRNA9	Gene2514	0.48354
sRNA45	Gene2306	0.47348
sRNA22	Gene2247	0.46005
sRNA222	Gene2359	0.45982
sRNA153	Gene1077	0.52476
sRNA37	Gene2093	0.49792
sRNA2	Gene1150	0.58308
sRNA14	Gene1334	0.53891
sRNA247	Gene781	0.49775
sRNA34	Gene293	0.49486
sRNA188	Gene1173	0.54889
sRNA276	Gene587	0.50947
sRNA155	Gene1910	0.45211
sRNA189	Gene2859	0.5155
sRNA134	Gene2573	0.55046
sRNA225	Gene2653	0.57893
sRNA176	Gene543	0.54719
sRNA70	Gene2400	0.56013
sRNA71	Gene194	0.54707
sRNA51	Gene280	0.59711
sRNA108	Gene2194	0.51328
sRNA88	Gene1225	0.54817
sRNA258	Gene1327	0.48277
sRNA49	Gene2719	0.56606
sRNA116	Gene781	0.55643
sRNA184	Gene998	0.50575
sRNA239	Gene1388	0.51736
sRNA137	Gene1163	0.47073
sRNA18	Gene1049	0.51834
sRNA168	Gene210	0.50245
sRNA161	Gene603	0.47001
sRNA18	Gene2131	0.48333
sRNA224	Gene785	0.60477
sRNA162	Gene343	0.5044
sRNA55	Gene182	0.57443
sRNA208	Gene1139	0.47039
sRNA21	Gene1905	0.48645
sRNA88	Gene1427	0.51653
sRNA225	Gene2697	0.47515
sRNA71	Gene713	0.57931
sRNA168	Gene192	0.46633
sRNA72	Gene1849	0.55074
sRNA189	Gene419	0.47399
sRNA141	Gene1802	0.50655
sRNA154	Gene709	0.56804
sRNA82	Gene1884	0.51971
sRNA9	Gene2355	0.58346
sRNA112	Gene2161	0.57619
sRNA130	Gene2769	0.5037
sRNA8	Gene977	0.49682
sRNA82	Gene582	0.50531
sRNA22	Gene1260	0.49393
sRNA226	Gene1495	0.50477
sRNA223	Gene1246	0.5662
sRNA155	Gene504	0.47688
sRNA122	Gene883	0.5249
sRNA30	Gene848	0.49877
sRNA69	Gene2489	0.48398
sRNA124	Gene1483	0.57729
sRNA67	Gene1475	0.48856
sRNA45	Gene427	0.56902
sRNA244	Gene1715	0.48598
sRNA84	Gene1827	0.5346
sRNA71	Gene2132	0.53571
sRNA275	Gene829	0.51703
sRNA167	Gene2185	0.54149
sRNA313	Gene686	0.53651
sRNA192	Gene2831	0.50487
sRNA244	Gene259	0.54853
sRNA185	Gene82	0.46873
sRNA187	Gene281	0.52015
sRNA27	Gene2633	0.4661
sRNA124	Gene1139	0.55375
sRNA241	Gene198	0.53316
sRNA218	Gene2815	0.57544
sRNA80	Gene1184	0.54755
sRNA86	Gene804	0.63409
sRNA218	Gene1812	0.54307
sRNA235	Gene1145	0.56162
sRNA140	Gene2245	0.52267
sRNA15	Gene1553	0.53946
sRNA174	Gene1319	0.49625
sRNA274	Gene2179	0.44752
sRNA172	Gene1037	0.48615
sRNA89	Gene1161	0.49163
sRNA85	Gene1036	0.48328
sRNA120	Gene772	0.55844
sRNA215	Gene2714	0.46584
sRNA91	Gene2782	0.49692
sRNA81	Gene1967	0.53781
sRNA236	Gene2087	0.56645
sRNA203	Gene1905	0.49436
sRNA49	Gene2644	0.54572
sRNA276	Gene644	0.50002
sRNA9	Gene2380	0.52848
sRNA241	Gene1402	0.53486
sRNA75	Gene1261	0.49054
sRNA84	Gene664	0.52301
sRNA12	Gene2665	0.53634
sRNA9	Gene2588	0.54644
sRNA84	Gene582	0.59287
sRNA249	Gene1889	0.49825
sRNA304	Gene2388	0.48005
sRNA61	Gene990	0.53808
sRNA171	Gene2363	0.51198
sRNA192	Gene1402	0.52313
sRNA248	Gene1048	0.49705
sRNA95	Gene1919	0.57972
sRNA239	Gene1548	0.51865
sRNA106	Gene2295	0.51664
sRNA256	Gene191	0.47292
sRNA98	Gene2062	0.48929
sRNA120	Gene2532	0.56983
sRNA246	Gene1841	0.56053
sRNA173	Gene2524	0.49367
sRNA276	Gene1965	0.52675
sRNA1	Gene574	0.52316
sRNA141	Gene1500	0.5352
sRNA171	Gene862	0.4962
sRNA3	Gene2223	0.48993
sRNA245	Gene2817	0.54282
sRNA88	Gene263	0.52767
sRNA172	Gene2235	0.50445
sRNA129	Gene2633	0.58195
sRNA77	Gene819	0.58979
sRNA201	Gene1286	0.5097
sRNA178	Gene538	0.57001
sRNA158	Gene2119	0.5557
sRNA291	Gene847	0.50817
sRNA20	Gene2346	0.5682
sRNA157	Gene66	0.52715
sRNA13	Gene671	0.46651
sRNA148	Gene1963	0.53134
sRNA132	Gene1911	0.48143
sRNA61	Gene950	0.47412
sRNA50	Gene322	0.47712
sRNA84	Gene1922	0.51782
sRNA126	Gene2576	0.50589
sRNA61	Gene2758	0.52595
sRNA163	Gene1779	0.58015
sRNA156	Gene404	0.55988
sRNA102	Gene2505	0.51107
sRNA15	Gene1001	0.56106
sRNA62	Gene1188	0.54579
sRNA218	Gene1352	0.56323
sRNA175	Gene1549	0.47311
sRNA163	Gene1292	0.59949
sRNA21	Gene1124	0.52896
sRNA228	Gene163	0.51045
sRNA208	Gene656	0.44988
sRNA235	Gene1135	0.52562
sRNA163	Gene2807	0.5226
sRNA42	Gene19	0.53555
sRNA180	Gene679	0.5227
sRNA84	Gene2817	0.59581
sRNA203	Gene1356	0.53959
sRNA144	Gene1274	0.45595
sRNA256	Gene1225	0.45059
sRNA107	Gene425	0.51483
sRNA215	Gene1793	0.50142
sRNA50	Gene1619	0.47308
sRNA50	Gene1827	0.4968
sRNA127	Gene515	0.53796
sRNA200	Gene1960	0.46432
sRNA241	Gene967	0.53347
sRNA291	Gene1100	0.46812
sRNA60	Gene512	0.52723
sRNA158	Gene2031	0.5034
sRNA45	Gene2470	0.5193
sRNA81	Gene1923	0.54949
sRNA152	Gene835	0.50157
sRNA233	Gene263	0.55612
sRNA99	Gene2221	0.50715
sRNA137	Gene878	0.45477
sRNA216	Gene675	0.48338
sRNA181	Gene224	0.5522
sRNA88	Gene1010	0.55976
sRNA49	Gene1593	0.53878
sRNA9	Gene528	0.52513
sRNA89	Gene206	0.51002
sRNA104	Gene1472	0.50974
sRNA156	Gene2630	0.56781
sRNA268	Gene334	0.46737
sRNA95	Gene2051	0.52589
sRNA276	Gene2328	0.5173
sRNA190	Gene694	0.52201
sRNA168	Gene667	0.4468
sRNA201	Gene2479	0.51562
sRNA162	Gene2134	0.55505
sRNA42	Gene958	0.58841
sRNA258	Gene1454	0.47712
sRNA236	Gene760	0.52282
sRNA204	Gene1661	0.51193
sRNA41	Gene1041	0.57466
sRNA281	Gene2643	0.46811
sRNA230	Gene1497	0.47771
sRNA7	Gene2674	0.56413
sRNA188	Gene1454	0.53289
sRNA72	Gene2626	0.57484
sRNA144	Gene1575	0.53333
sRNA202	Gene2078	0.51959
sRNA22	Gene1243	0.48488
sRNA126	Gene1403	0.54801
sRNA20	Gene1900	0.52741
sRNA158	Gene306	0.51524
sRNA89	Gene2318	0.49144
sRNA60	Gene2363	0.52463
sRNA217	Gene1018	0.47679
sRNA148	Gene2755	0.48716
sRNA60	Gene1848	0.50749
sRNA206	Gene1429	0.49919
sRNA51	Gene2057	0.56288
sRNA214	Gene1461	0.48375
sRNA21	Gene1044	0.52784
sRNA148	Gene253	0.56603
sRNA48	Gene2865	0.55219
sRNA86	Gene2520	0.59162
sRNA342	Gene750	0.45005
sRNA218	Gene1403	0.54253
sRNA50	Gene1934	0.52033
sRNA126	Gene1716	0.56601
sRNA72	Gene557	0.52243
sRNA137	Gene2629	0.48498
sRNA240	Gene1660	0.53529
sRNA204	Gene251	0.48858
sRNA230	Gene1657	0.50446
sRNA16	Gene795	0.55788
sRNA170	Gene2317	0.49976
sRNA211	Gene2407	0.50038
sRNA57	Gene595	0.4545
sRNA106	Gene1955	0.53873
sRNA180	Gene1737	0.50274
sRNA14	Gene2087	0.48966
sRNA147	Gene2738	0.59064
sRNA66	Gene2661	0.45532
sRNA58	Gene2714	0.54723
sRNA51	Gene2374	0.56814
sRNA30	Gene597	0.45881
sRNA12	Gene853	0.50081
sRNA264	Gene1564	0.49725
sRNA25	Gene834	0.57304
sRNA206	Gene1496	0.51862
sRNA219	Gene386	0.48936
sRNA7	Gene1854	0.58559
sRNA180	Gene237	0.55094
sRNA41	Gene1708	0.55266
sRNA122	Gene1686	0.5156
sRNA256	Gene1581	0.44667
sRNA286	Gene2244	0.46279
sRNA179	Gene675	0.46599
sRNA76	Gene1565	0.54076
sRNA52	Gene1738	0.52234
sRNA230	Gene882	0.48189
sRNA113	Gene1516	0.48448
sRNA45	Gene906	0.57634
sRNA256	Gene782	0.47807
sRNA230	Gene755	0.50399
sRNA82	Gene1393	0.50348
sRNA251	Gene1517	0.49315
sRNA78	Gene95	0.53956
sRNA14	Gene2627	0.53831
sRNA24	Gene702	0.53373
sRNA149	Gene2438	0.46753
sRNA129	Gene1832	0.55225
sRNA22	Gene350	0.50844
sRNA105	Gene2151	0.49101
sRNA181	Gene1429	0.57815
sRNA200	Gene590	0.53842
sRNA53	Gene587	0.51019
sRNA86	Gene381	0.56261
sRNA139	Gene387	0.44725
sRNA201	Gene1289	0.49114
sRNA149	Gene2417	0.47525
sRNA194	Gene1909	0.55479
sRNA50	Gene2152	0.57108
sRNA62	Gene2698	0.51294
sRNA143	Gene1274	0.58606
sRNA17	Gene468	0.53579
sRNA9	Gene1999	0.54474
sRNA108	Gene2329	0.54356
sRNA14	Gene2014	0.46079
sRNA39	Gene1631	0.53667
sRNA9	Gene472	0.50609
sRNA194	Gene2073	0.5498
sRNA88	Gene966	0.5898
sRNA213	Gene2842	0.51643
sRNA9	Gene814	0.4875
sRNA128	Gene1893	0.55445
sRNA248	Gene170	0.49254
sRNA263	Gene178	0.505
sRNA287	Gene2209	0.52948
sRNA3	Gene1035	0.46761
sRNA202	Gene548	0.55345
sRNA240	Gene1391	0.58462
sRNA12	Gene862	0.52919
sRNA7	Gene1813	0.50974
sRNA164	Gene687	0.49805
sRNA64	Gene1211	0.55577
sRNA45	Gene2449	0.54021
sRNA68	Gene703	0.55418
sRNA228	Gene2714	0.48049
sRNA135	Gene2257	0.47795
sRNA66	Gene2391	0.51186
sRNA193	Gene1954	0.47137
sRNA101	Gene629	0.50708
sRNA248	Gene1743	0.44793
sRNA148	Gene2040	0.53778
sRNA143	Gene315	0.56022
sRNA241	Gene223	0.53993
sRNA22	Gene996	0.50058
sRNA41	Gene1728	0.56591
sRNA189	Gene1315	0.50324
sRNA286	Gene1386	0.49664
sRNA170	Gene2504	0.50938
sRNA15	Gene2457	0.54012
sRNA224	Gene82	0.58058
sRNA249	Gene1605	0.4879
sRNA144	Gene1594	0.52456
sRNA9	Gene1889	0.49196
sRNA121	Gene901	0.48687
sRNA193	Gene386	0.52498
sRNA209	Gene2300	0.53341
sRNA186	Gene724	0.52422
sRNA14	Gene602	0.47942
sRNA112	Gene154	0.57267
sRNA225	Gene1364	0.52767
sRNA174	Gene2138	0.51596
sRNA241	Gene656	0.50601
sRNA167	Gene1722	0.49209
sRNA195	Gene2360	0.49794
sRNA214	Gene2233	0.53782
sRNA71	Gene1448	0.51463
sRNA88	Gene1036	0.53713
sRNA117	Gene2770	0.5357
sRNA216	Gene2256	0.49459
sRNA127	Gene1369	0.57467
sRNA163	Gene539	0.56359
sRNA111	Gene1391	0.54266
sRNA53	Gene762	0.50598
sRNA6	Gene758	0.54311
sRNA24	Gene1792	0.45823
sRNA9	Gene270	0.55804
sRNA155	Gene924	0.44788
sRNA24	Gene543	0.4659
sRNA83	Gene292	0.55374
sRNA246	Gene560	0.52669
sRNA96	Gene1696	0.49962
sRNA128	Gene485	0.55063
sRNA255	Gene2762	0.47539
sRNA136	Gene2267	0.53348
sRNA236	Gene2792	0.59287
sRNA105	Gene1185	0.45742
sRNA87	Gene570	0.58217
sRNA273	Gene2125	0.49577
sRNA240	Gene533	0.576
sRNA37	Gene958	0.51434
sRNA216	Gene1107	0.59879
sRNA9	Gene1080	0.46135
sRNA148	Gene2163	0.47522
sRNA48	Gene1296	0.52637
sRNA159	Gene1392	0.54119
sRNA177	Gene1498	0.56302
sRNA149	Gene2458	0.49032
sRNA9	Gene1523	0.46496
sRNA83	Gene1931	0.54584
sRNA100	Gene1059	0.48686
sRNA192	Gene1924	0.50118
sRNA73	Gene1948	0.51545
sRNA129	Gene2736	0.58337
sRNA239	Gene1706	0.52307
sRNA230	Gene1721	0.49479
sRNA130	Gene877	0.56714
sRNA122	Gene349	0.53458
sRNA23	Gene146	0.46635
sRNA18	Gene1607	0.51197
sRNA37	Gene1154	0.61582
sRNA132	Gene2470	0.47216
sRNA292	Gene2508	0.4649
sRNA28	Gene2767	0.47411
sRNA172	Gene2304	0.49483
sRNA279	Gene2568	0.46135
sRNA58	Gene1530	0.51053
sRNA50	Gene1558	0.56045
sRNA126	Gene1348	0.45475
sRNA134	Gene2390	0.53563
sRNA25	Gene514	0.53751
sRNA33	Gene671	0.49563
sRNA39	Gene1516	0.55207
sRNA9	Gene1749	0.47232
sRNA109	Gene993	0.55443
sRNA105	Gene642	0.50599
sRNA218	Gene1540	0.51761
sRNA158	Gene1391	0.56224
sRNA60	Gene322	0.57345
sRNA98	Gene1847	0.47421
sRNA84	Gene951	0.59305
sRNA35	Gene2264	0.5194
sRNA241	Gene2845	0.55168
sRNA72	Gene1936	0.50616
sRNA64	Gene671	0.5377
sRNA148	Gene162	0.52836
sRNA181	Gene2813	0.52759
sRNA47	Gene355	0.53139
sRNA168	Gene2646	0.51148
sRNA191	Gene2286	0.47518
sRNA87	Gene2639	0.51667
sRNA250	Gene2307	0.45856
sRNA262	Gene1669	0.50871
sRNA14	Gene681	0.53677
sRNA212	Gene923	0.53186
sRNA15	Gene2180	0.57049
sRNA119	Gene994	0.534
sRNA44	Gene2349	0.45573
sRNA89	Gene1111	0.57964
sRNA209	Gene2790	0.54497
sRNA135	Gene967	0.48789
sRNA128	Gene1662	0.50624
sRNA273	Gene2029	0.47846
sRNA240	Gene2166	0.55178
sRNA47	Gene1918	0.50384
sRNA219	Gene2811	0.53969
sRNA54	Gene586	0.44779
sRNA9	Gene2416	0.48794
sRNA171	Gene406	0.50548
sRNA7	Gene2652	0.533
sRNA209	Gene1816	0.54648
sRNA148	Gene1170	0.56445
sRNA173	Gene1900	0.47145
sRNA9	Gene804	0.4959
sRNA50	Gene2343	0.52142
sRNA148	Gene2697	0.53511
sRNA65	Gene305	0.55306
sRNA68	Gene2719	0.50351
sRNA9	Gene223	0.56415
sRNA66	Gene1432	0.47352
sRNA62	Gene1224	0.55134
sRNA206	Gene1049	0.5306
sRNA237	Gene1840	0.47748
sRNA159	Gene598	0.52489
sRNA85	Gene289	0.50882
sRNA61	Gene311	0.51358
sRNA236	Gene2240	0.55253
sRNA209	Gene993	0.5388
sRNA122	Gene561	0.53501
sRNA142	Gene1251	0.51166
sRNA116	Gene1190	0.52367
sRNA92	Gene1800	0.48289
sRNA241	Gene734	0.53413
sRNA99	Gene1376	0.54988
sRNA203	Gene1724	0.50378
sRNA73	Gene1407	0.48211
sRNA287	Gene239	0.50693
sRNA188	Gene2419	0.52953
sRNA212	Gene2709	0.57414
sRNA4	Gene1602	0.44634
sRNA29	Gene1012	0.55966
sRNA54	Gene300	0.46828
sRNA90	Gene2161	0.54054
sRNA243	Gene2668	0.53009
sRNA50	Gene2808	0.50844
sRNA55	Gene842	0.55548
sRNA181	Gene1598	0.57118
sRNA105	Gene912	0.5533
sRNA122	Gene917	0.52574
sRNA126	Gene1380	0.51652
sRNA78	Gene2714	0.48787
sRNA188	Gene2606	0.52034
sRNA148	Gene2491	0.54327
sRNA86	Gene819	0.58679
sRNA9	Gene357	0.51056
sRNA232	Gene2746	0.49505
sRNA22	Gene1913	0.45832
sRNA206	Gene2630	0.50205
sRNA177	Gene2354	0.50713
sRNA130	Gene1093	0.58686
sRNA100	Gene376	0.58631
sRNA89	Gene1136	0.56929
sRNA136	Gene173	0.51373
sRNA189	Gene2173	0.49134
sRNA118	Gene1140	0.47076
sRNA33	Gene528	0.57431
sRNA75	Gene281	0.48739
sRNA131	Gene313	0.53784
sRNA236	Gene102	0.58086
sRNA40	Gene390	0.53436
sRNA188	Gene596	0.5719
sRNA152	Gene2520	0.56345
sRNA193	Gene579	0.49669
sRNA159	Gene2049	0.53719
sRNA170	Gene1811	0.49853
sRNA128	Gene2047	0.50306
sRNA9	Gene1430	0.5298
sRNA95	Gene961	0.54349
sRNA121	Gene1878	0.48663
sRNA175	Gene1209	0.52947
sRNA52	Gene687	0.62066
sRNA7	Gene2411	0.54473
sRNA163	Gene17	0.5419
sRNA132	Gene426	0.4799
sRNA75	Gene628	0.51985
sRNA144	Gene628	0.50692
sRNA121	Gene48	0.54553
sRNA82	Gene2796	0.51999
sRNA9	Gene388	0.53567
sRNA26	Gene698	0.49932
sRNA208	Gene2374	0.44632
sRNA1	Gene367	0.45892
sRNA193	Gene1632	0.50155
sRNA240	Gene1999	0.60635
sRNA91	Gene1567	0.47141
sRNA105	Gene282	0.56966
sRNA232	Gene2470	0.48512
sRNA138	Gene1983	0.44808
sRNA44	Gene1747	0.47755
sRNA28	Gene2613	0.53739
sRNA269	Gene342	0.46485
sRNA158	Gene975	0.51228
sRNA55	Gene1739	0.48988
sRNA124	Gene987	0.57042
sRNA48	Gene1851	0.5014
sRNA172	Gene2588	0.50999
sRNA100	Gene2670	0.50478
sRNA66	Gene2288	0.48048
sRNA44	Gene2440	0.497
sRNA122	Gene681	0.51091
sRNA14	Gene941	0.5415
sRNA137	Gene569	0.49861
sRNA291	Gene470	0.52228
sRNA199	Gene1270	0.54964
sRNA219	Gene1208	0.53823
sRNA61	Gene2311	0.55398
sRNA171	Gene571	0.50403
sRNA5	Gene1628	0.482
sRNA64	Gene830	0.54594
sRNA148	Gene1709	0.53138
sRNA215	Gene281	0.46532
sRNA26	Gene817	0.5101
sRNA198	Gene267	0.50888
sRNA9	Gene1526	0.50901
sRNA168	Gene544	0.45378
sRNA192	Gene1813	0.48879
sRNA22	Gene1285	0.4613
sRNA181	Gene987	0.54778
sRNA231	Gene2032	0.51867
sRNA84	Gene654	0.5131
sRNA197	Gene1735	0.48085
sRNA106	Gene2008	0.54811
sRNA203	Gene2505	0.5541
sRNA134	Gene1496	0.52327
sRNA170	Gene2575	0.51812
sRNA214	Gene2837	0.54736
sRNA1	Gene161	0.51215
sRNA35	Gene86	0.51175
sRNA72	Gene2416	0.52321
sRNA49	Gene1134	0.52662
sRNA52	Gene2865	0.53119
sRNA47	Gene1862	0.57004
sRNA134	Gene1871	0.46199
sRNA13	Gene1599	0.51891
sRNA203	Gene2406	0.51156
sRNA122	Gene2342	0.53182
sRNA143	Gene806	0.53396
sRNA146	Gene1346	0.50729
sRNA258	Gene219	0.48369
sRNA217	Gene239	0.51242
sRNA218	Gene2711	0.52421
sRNA39	Gene2316	0.59652
sRNA26	Gene2396	0.52006
sRNA124	Gene1431	0.57677
sRNA216	Gene1940	0.4668
sRNA120	Gene654	0.53434
sRNA247	Gene446	0.46153
sRNA156	Gene1393	0.48908
sRNA169	Gene1305	0.48286
sRNA117	Gene1340	0.56244
sRNA136	Gene2624	0.56659
sRNA84	Gene937	0.56768
sRNA61	Gene1407	0.48515
sRNA20	Gene1398	0.54067
sRNA231	Gene709	0.56403
sRNA206	Gene1948	0.56866
sRNA76	Gene390	0.58064
sRNA236	Gene1876	0.56739
sRNA195	Gene513	0.44927
sRNA8	Gene2411	0.51262
sRNA134	Gene2671	0.5345
sRNA115	Gene882	0.53146
sRNA156	Gene979	0.46065
sRNA54	Gene1638	0.47847
sRNA120	Gene1238	0.5784
sRNA2	Gene839	0.54816
sRNA291	Gene2843	0.5193
sRNA41	Gene1161	0.59357
sRNA12	Gene2834	0.57266
sRNA59	Gene559	0.60031
sRNA55	Gene1819	0.56375
sRNA219	Gene545	0.57119
sRNA289	Gene729	0.50934
sRNA64	Gene865	0.60533
sRNA220	Gene2471	0.55536
sRNA66	Gene203	0.50742
sRNA222	Gene1670	0.4899
sRNA18	Gene1945	0.51625
sRNA132	Gene2249	0.49395
sRNA219	Gene1390	0.44925
sRNA146	Gene2005	0.49816
sRNA31	Gene323	0.5025
sRNA222	Gene359	0.51823
sRNA215	Gene1406	0.54787
sRNA192	Gene1812	0.51365
sRNA52	Gene280	0.60123
sRNA9	Gene2443	0.46174
sRNA129	Gene1988	0.55902
sRNA66	Gene1940	0.44852
sRNA173	Gene2167	0.52214
sRNA78	Gene2666	0.48834
sRNA202	Gene488	0.51443
sRNA30	Gene2532	0.47745
sRNA216	Gene2258	0.48706
sRNA228	Gene1793	0.53422
sRNA167	Gene1058	0.48026
sRNA218	Gene2750	0.53206
sRNA9	Gene2240	0.44825
sRNA26	Gene383	0.52286
sRNA4	Gene1081	0.49854
sRNA47	Gene2141	0.5246
sRNA299	Gene103	0.5121
sRNA219	Gene2453	0.49672
sRNA218	Gene2671	0.46705
sRNA9	Gene454	0.4711
sRNA35	Gene2300	0.53894
sRNA202	Gene833	0.48752
sRNA58	Gene1822	0.4989
sRNA9	Gene811	0.50809
sRNA209	Gene2501	0.56537
sRNA104	Gene86	0.48911
sRNA215	Gene756	0.52351
sRNA235	Gene1945	0.54208
sRNA116	Gene181	0.53677
sRNA9	Gene147	0.53492
sRNA140	Gene2486	0.53201
sRNA30	Gene936	0.49356
sRNA218	Gene1275	0.51438
sRNA158	Gene829	0.46901
sRNA18	Gene930	0.4962
sRNA4	Gene2121	0.49969
sRNA28	Gene1218	0.49706
sRNA10	Gene2087	0.51433
sRNA106	Gene1867	0.46863
sRNA122	Gene1165	0.53619
sRNA259	Gene2847	0.45717
sRNA65	Gene302	0.58064
sRNA9	Gene463	0.58325
sRNA222	Gene1263	0.47477
sRNA65	Gene1198	0.50844
sRNA50	Gene1253	0.49726
sRNA77	Gene2556	0.55086
sRNA151	Gene2138	0.53411
sRNA178	Gene2437	0.59221
sRNA21	Gene2345	0.53974
sRNA216	Gene1626	0.46741
sRNA132	Gene900	0.46855
sRNA116	Gene980	0.53645
sRNA9	Gene2249	0.5094
sRNA9	Gene532	0.56567
sRNA215	Gene182	0.53978
sRNA155	Gene1339	0.48967
sRNA167	Gene366	0.48354
sRNA144	Gene44	0.54965
sRNA25	Gene2211	0.55396
sRNA55	Gene1627	0.50886
sRNA78	Gene243	0.60969
sRNA9	Gene1253	0.54617
sRNA156	Gene1239	0.52973
sRNA81	Gene2245	0.54605
sRNA58	Gene1875	0.49222
sRNA173	Gene491	0.47118
sRNA85	Gene1040	0.48421
sRNA241	Gene2862	0.56738
sRNA239	Gene1521	0.53548
sRNA205	Gene2158	0.46169
sRNA75	Gene65	0.47666
sRNA98	Gene974	0.53489
sRNA9	Gene1785	0.53137
sRNA206	Gene1965	0.50843
sRNA34	Gene29	0.52158
sRNA171	Gene123	0.48535
sRNA35	Gene661	0.52962
sRNA55	Gene2571	0.55511
sRNA78	Gene1737	0.52429
sRNA119	Gene1089	0.4867
sRNA254	Gene2188	0.4485
sRNA37	Gene1129	0.58564
sRNA195	Gene601	0.52647
sRNA35	Gene1238	0.532
sRNA120	Gene2268	0.52992
sRNA167	Gene2334	0.54235
sRNA6	Gene2747	0.5232
sRNA170	Gene1308	0.45984
sRNA181	Gene2182	0.5539
sRNA206	Gene1126	0.51798
sRNA89	Gene2786	0.52636
sRNA159	Gene2565	0.5268
sRNA31	Gene475	0.53723
sRNA20	Gene1893	0.48007
sRNA128	Gene2863	0.52565
sRNA25	Gene2512	0.58575
sRNA1	Gene292	0.53093
sRNA289	Gene1789	0.5532
sRNA57	Gene2377	0.48754
sRNA113	Gene1377	0.50342
sRNA235	Gene1637	0.49883
sRNA248	Gene1717	0.47498
sRNA186	Gene1828	0.5594
sRNA219	Gene943	0.48976
sRNA130	Gene582	0.57327
sRNA122	Gene557	0.52953
sRNA134	Gene1470	0.54857
sRNA237	Gene1906	0.54115
sRNA57	Gene1099	0.48657
sRNA69	Gene363	0.47448
sRNA50	Gene576	0.51007
sRNA123	Gene1680	0.50929
sRNA60	Gene278	0.54893
sRNA24	Gene248	0.51368
sRNA273	Gene1434	0.50282
sRNA80	Gene781	0.51594
sRNA44	Gene1828	0.48615
sRNA92	Gene716	0.5264
sRNA241	Gene491	0.55682
sRNA10	Gene340	0.53946
sRNA158	Gene2309	0.49112
sRNA274	Gene62	0.44638
sRNA100	Gene517	0.50586
sRNA105	Gene2813	0.54816
sRNA298	Gene949	0.49515
sRNA77	Gene1446	0.55353
sRNA58	Gene2443	0.5101
sRNA136	Gene2768	0.49161
sRNA66	Gene2315	0.46019
sRNA47	Gene612	0.54347
sRNA217	Gene137	0.56415
sRNA41	Gene1408	0.57145
sRNA102	Gene591	0.49097
sRNA91	Gene1441	0.50806
sRNA120	Gene1450	0.57676
sRNA269	Gene2091	0.44756
sRNA9	Gene2328	0.53482
sRNA18	Gene2093	0.50535
sRNA155	Gene222	0.5061
sRNA83	Gene2168	0.51837
sRNA232	Gene2194	0.45122
sRNA22	Gene2097	0.46869
sRNA49	Gene165	0.5609
sRNA258	Gene1599	0.46763
sRNA107	Gene1489	0.50083
sRNA252	Gene1753	0.48228
sRNA91	Gene660	0.4998
sRNA43	Gene118	0.53077
sRNA55	Gene15	0.53476
sRNA124	Gene2186	0.56179
sRNA171	Gene198	0.45967
sRNA181	Gene2577	0.56765
sRNA82	Gene2044	0.50893
sRNA167	Gene1255	0.47992
sRNA246	Gene2078	0.50897
sRNA142	Gene1434	0.54014
sRNA231	Gene1397	0.5369
sRNA219	Gene1154	0.49039
sRNA191	Gene1786	0.54746
sRNA127	Gene1850	0.56017
sRNA227	Gene1468	0.50524
sRNA118	Gene1577	0.45993
sRNA201	Gene166	0.51793
sRNA49	Gene322	0.57398
sRNA50	Gene858	0.49644
sRNA211	Gene584	0.46978
sRNA98	Gene296	0.50018
sRNA147	Gene496	0.56062
sRNA205	Gene2842	0.47398
sRNA108	Gene2330	0.53236
sRNA191	Gene2308	0.50322
sRNA79	Gene2352	0.53497
sRNA9	Gene253	0.56308
sRNA9	Gene2495	0.53233
sRNA236	Gene1889	0.56092
sRNA193	Gene2618	0.49227
sRNA67	Gene277	0.45607
sRNA139	Gene1902	0.53803
sRNA186	Gene413	0.50625
sRNA22	Gene2723	0.49575
sRNA3	Gene1646	0.49091
sRNA264	Gene603	0.52795
sRNA64	Gene1395	0.56346
sRNA254	Gene141	0.45449
sRNA171	Gene2812	0.46676
sRNA222	Gene169	0.52583
sRNA101	Gene1125	0.53915
sRNA113	Gene1744	0.49298
sRNA132	Gene577	0.47256
sRNA199	Gene1349	0.60548
sRNA9	Gene1760	0.4976
sRNA219	Gene2607	0.49544
sRNA39	Gene885	0.6141
sRNA131	Gene1809	0.53491
sRNA24	Gene635	0.48152
sRNA54	Gene1177	0.44711
sRNA237	Gene1610	0.49108
sRNA28	Gene2801	0.45794
sRNA112	Gene582	0.52421
sRNA159	Gene1753	0.54701
sRNA9	Gene2860	0.4814
sRNA160	Gene453	0.53407
sRNA323	Gene558	0.48329
sRNA64	Gene2565	0.56176
sRNA5	Gene584	0.51712
sRNA123	Gene2316	0.47601
sRNA190	Gene82	0.54828
sRNA9	Gene1050	0.52956
sRNA191	Gene1381	0.53322
sRNA241	Gene789	0.53597
sRNA102	Gene759	0.51775
sRNA137	Gene1293	0.45205
sRNA13	Gene976	0.47099
sRNA64	Gene381	0.56597
sRNA5	Gene1026	0.52814
sRNA180	Gene602	0.51331
sRNA54	Gene169	0.49211
sRNA44	Gene1399	0.51267
sRNA57	Gene2526	0.44854
sRNA276	Gene1208	0.50195
sRNA22	Gene1529	0.46583
sRNA28	Gene1001	0.49674
sRNA114	Gene1946	0.58772
sRNA218	Gene2020	0.55725
sRNA235	Gene1388	0.50768
sRNA154	Gene934	0.566
sRNA113	Gene2677	0.48809
sRNA85	Gene664	0.47843
sRNA9	Gene2001	0.55775
sRNA189	Gene1020	0.51252
sRNA168	Gene2467	0.52296
sRNA269	Gene1190	0.47187
sRNA260	Gene22	0.50871
sRNA194	Gene1805	0.51747
sRNA186	Gene430	0.55763
sRNA218	Gene2793	0.56701
sRNA240	Gene2463	0.58244
sRNA148	Gene2490	0.51528
sRNA39	Gene343	0.49854
sRNA175	Gene2649	0.50008
sRNA12	Gene1843	0.55005
sRNA170	Gene2307	0.48471
sRNA248	Gene597	0.46082
sRNA57	Gene248	0.47171
sRNA24	Gene646	0.47575
sRNA173	Gene61	0.50475
sRNA83	Gene2434	0.54213
sRNA85	Gene855	0.49855
sRNA233	Gene1827	0.59089
sRNA254	Gene1249	0.45142
sRNA234	Gene1167	0.51073
sRNA168	Gene1186	0.49987
sRNA34	Gene2316	0.50133
sRNA205	Gene11	0.44715
sRNA274	Gene1017	0.47335
sRNA186	Gene558	0.54193
sRNA231	Gene2482	0.56977
sRNA85	Gene1207	0.49389
sRNA105	Gene2645	0.47971
sRNA78	Gene2150	0.51813
sRNA219	Gene2638	0.48129
sRNA22	Gene2712	0.49904
sRNA134	Gene1806	0.56556
sRNA288	Gene1806	0.50971
sRNA86	Gene1050	0.58926
sRNA134	Gene1392	0.57907
sRNA262	Gene2775	0.5386
sRNA36	Gene969	0.55163
sRNA68	Gene71	0.50208
sRNA50	Gene691	0.51374
sRNA25	Gene519	0.55196
sRNA169	Gene2335	0.50025
sRNA250	Gene2740	0.49214
sRNA237	Gene1392	0.49375
sRNA120	Gene651	0.51698
sRNA50	Gene1005	0.48641
sRNA186	Gene615	0.55747
sRNA4	Gene2234	0.46462
sRNA64	Gene1736	0.5952
sRNA52	Gene1935	0.57834
sRNA266	Gene2008	0.46855
sRNA67	Gene1140	0.478
sRNA23	Gene983	0.47432
sRNA192	Gene2746	0.49496
sRNA150	Gene2847	0.54563
sRNA128	Gene1511	0.49479
sRNA108	Gene1919	0.56368
sRNA14	Gene1699	0.54189
sRNA76	Gene1183	0.57163
sRNA247	Gene147	0.4591
sRNA50	Gene1523	0.45963
sRNA78	Gene2209	0.57465
sRNA57	Gene300	0.50689
sRNA48	Gene499	0.58054
sRNA213	Gene1167	0.54267
sRNA219	Gene1240	0.46289
sRNA201	Gene1743	0.49936
sRNA241	Gene277	0.56521
sRNA162	Gene1534	0.54482
sRNA260	Gene457	0.49315
sRNA273	Gene1214	0.46435
sRNA180	Gene406	0.50741
sRNA9	Gene577	0.57317
sRNA114	Gene1239	0.55274
sRNA264	Gene1248	0.46898
sRNA158	Gene1348	0.51412
sRNA323	Gene2174	0.50264
sRNA110	Gene2504	0.53503
sRNA25	Gene603	0.53223
sRNA148	Gene420	0.59564
sRNA241	Gene655	0.57204
sRNA241	Gene2770	0.54835
sRNA216	Gene1740	0.48234
sRNA255	Gene2858	0.46043
sRNA82	Gene215	0.5087
sRNA181	Gene2237	0.55578
sRNA45	Gene1212	0.52919
sRNA25	Gene422	0.5848
sRNA203	Gene1342	0.52801
sRNA45	Gene468	0.56047
sRNA120	Gene2001	0.5438
sRNA191	Gene1817	0.51217
sRNA188	Gene1776	0.51688
sRNA21	Gene2158	0.54699
sRNA196	Gene1304	0.45573
sRNA222	Gene1466	0.44659
sRNA273	Gene778	0.50844
sRNA122	Gene2413	0.50927
sRNA9	Gene1001	0.53281
sRNA118	Gene2726	0.46313
sRNA61	Gene1457	0.5321
sRNA55	Gene2833	0.54887
sRNA258	Gene1863	0.47073
sRNA38	Gene2802	0.53595
sRNA150	Gene901	0.52264
sRNA84	Gene46	0.54071
sRNA232	Gene2428	0.48886
sRNA206	Gene1233	0.50495
sRNA55	Gene2679	0.54517
sRNA6	Gene734	0.54066
sRNA96	Gene1212	0.48511
sRNA231	Gene2865	0.50806
sRNA100	Gene506	0.59191
sRNA24	Gene1066	0.44829
sRNA129	Gene2630	0.56674
sRNA30	Gene1875	0.56596
sRNA203	Gene720	0.52343
sRNA57	Gene2294	0.50643
sRNA156	Gene1898	0.55647
sRNA262	Gene214	0.55669
sRNA258	Gene862	0.48179
sRNA39	Gene616	0.54856
sRNA25	Gene47	0.519
sRNA50	Gene1898	0.54812
sRNA24	Gene81	0.47148
sRNA134	Gene2204	0.56227
sRNA2	Gene655	0.53093
sRNA205	Gene1171	0.51199
sRNA287	Gene50	0.51831
sRNA65	Gene2134	0.51323
sRNA9	Gene2594	0.48816
sRNA225	Gene1637	0.4982
sRNA100	Gene128	0.56869
sRNA254	Gene2692	0.47018
sRNA22	Gene1369	0.49722
sRNA145	Gene2356	0.53164
sRNA219	Gene957	0.47842
sRNA42	Gene1864	0.54997
sRNA111	Gene1399	0.56585
sRNA236	Gene2467	0.57244
sRNA192	Gene2466	0.47566
sRNA168	Gene1553	0.45385
sRNA217	Gene1434	0.49837
sRNA9	Gene1715	0.4678
sRNA222	Gene485	0.5357
sRNA249	Gene2574	0.47936
sRNA306	Gene1750	0.53943
sRNA287	Gene2058	0.51314
sRNA219	Gene988	0.52006
sRNA66	Gene921	0.47185
sRNA24	Gene867	0.48178
sRNA144	Gene1879	0.5072
sRNA122	Gene2831	0.52651
sRNA208	Gene2088	0.45732
sRNA216	Gene1377	0.47618
sRNA117	Gene2772	0.52385
sRNA91	Gene2460	0.49842
sRNA3	Gene268	0.45863
sRNA45	Gene54	0.50237
sRNA75	Gene1141	0.5347
sRNA96	Gene1044	0.49329
sRNA8	Gene1146	0.51163
sRNA258	Gene1001	0.51327
sRNA88	Gene2238	0.50547
sRNA170	Gene1231	0.48192
sRNA105	Gene2616	0.47027
sRNA5	Gene928	0.46605
sRNA9	Gene119	0.57312
sRNA21	Gene2454	0.5068
sRNA55	Gene2667	0.51259
sRNA134	Gene1299	0.47952
sRNA192	Gene1633	0.48047
sRNA48	Gene2200	0.52791
sRNA96	Gene770	0.50624
sRNA87	Gene614	0.60438
sRNA241	Gene558	0.53902
sRNA257	Gene628	0.50067
sRNA29	Gene276	0.47693
sRNA162	Gene1963	0.52914
sRNA224	Gene1934	0.56415
sRNA219	Gene1398	0.48967
sRNA12	Gene2836	0.52809
sRNA29	Gene2364	0.53643
sRNA66	Gene2796	0.52048
sRNA234	Gene2812	0.58546
sRNA18	Gene2280	0.55375
sRNA304	Gene1645	0.47379
sRNA257	Gene195	0.54153
sRNA195	Gene2498	0.46448
sRNA91	Gene178	0.49617
sRNA229	Gene2795	0.52785
sRNA22	Gene2574	0.52753
sRNA165	Gene1746	0.52168
sRNA179	Gene2739	0.49883
sRNA171	Gene1219	0.53435
sRNA3	Gene1085	0.45364
sRNA183	Gene282	0.46729
sRNA198	Gene881	0.45566
sRNA41	Gene2016	0.54315
sRNA217	Gene228	0.47671
sRNA61	Gene650	0.56315
sRNA168	Gene1943	0.48745
sRNA118	Gene2294	0.51296
sRNA159	Gene925	0.48848
sRNA174	Gene2175	0.47009
sRNA171	Gene1856	0.50758
sRNA44	Gene2675	0.47168
sRNA85	Gene1722	0.515
sRNA170	Gene1671	0.53831
sRNA73	Gene742	0.52242
sRNA135	Gene684	0.56203
sRNA258	Gene2599	0.51141
sRNA244	Gene1878	0.50535
sRNA91	Gene1253	0.50687
sRNA89	Gene2656	0.49861
sRNA159	Gene803	0.52911
sRNA206	Gene1639	0.50532
sRNA222	Gene515	0.52619
sRNA218	Gene1326	0.52575
sRNA248	Gene663	0.4686
sRNA8	Gene2501	0.49922
sRNA244	Gene668	0.50776
sRNA181	Gene628	0.53108
sRNA138	Gene2646	0.48883
sRNA246	Gene484	0.52552
sRNA156	Gene2232	0.46905
sRNA215	Gene1680	0.49025
sRNA9	Gene781	0.5814
sRNA116	Gene936	0.57308
sRNA134	Gene2033	0.55144
sRNA53	Gene538	0.5503
sRNA55	Gene813	0.61162
sRNA216	Gene40	0.53914
sRNA180	Gene2826	0.51919
sRNA30	Gene1308	0.51595
sRNA80	Gene420	0.47541
sRNA225	Gene1485	0.53671
sRNA9	Gene1746	0.53856
sRNA270	Gene731	0.48985
sRNA20	Gene2074	0.50206
sRNA92	Gene1977	0.50823
sRNA24	Gene1067	0.49461
sRNA122	Gene2267	0.54029
sRNA151	Gene1811	0.51766
sRNA186	Gene2007	0.54668
sRNA228	Gene2622	0.50938
sRNA105	Gene2438	0.52774
sRNA211	Gene879	0.47321
sRNA86	Gene1708	0.56361
sRNA20	Gene1027	0.52656
sRNA156	Gene498	0.54979
sRNA194	Gene2307	0.50157
sRNA78	Gene1338	0.55011
sRNA252	Gene1584	0.46879
sRNA9	Gene682	0.49964
sRNA154	Gene1585	0.57833
sRNA209	Gene1739	0.52637
sRNA22	Gene1679	0.45867
sRNA232	Gene2669	0.46181
sRNA169	Gene2124	0.47968
sRNA223	Gene1430	0.55611
sRNA9	Gene2258	0.49486
sRNA22	Gene779	0.54525
sRNA13	Gene64	0.57071
sRNA201	Gene131	0.4902
sRNA65	Gene647	0.58879
sRNA147	Gene576	0.57225
sRNA48	Gene1703	0.53989
sRNA139	Gene2125	0.4587
sRNA46	Gene1071	0.56018
sRNA73	Gene1830	0.47506
sRNA171	Gene1406	0.52446
sRNA9	Gene453	0.45168
sRNA75	Gene285	0.49398
sRNA5	Gene1783	0.51084
sRNA79	Gene580	0.48853
sRNA132	Gene242	0.48357
sRNA143	Gene2786	0.55054
sRNA25	Gene515	0.58005
sRNA102	Gene941	0.47621
sRNA139	Gene413	0.46312
sRNA133	Gene1145	0.51682
sRNA122	Gene452	0.50399
sRNA53	Gene539	0.58409
sRNA248	Gene150	0.50618
sRNA236	Gene2042	0.52391
sRNA211	Gene536	0.4819
sRNA15	Gene1815	0.51248
sRNA165	Gene1743	0.48956
sRNA96	Gene1651	0.48601
sRNA225	Gene68	0.55864
sRNA244	Gene751	0.59018
sRNA149	Gene1234	0.46677
sRNA89	Gene2131	0.51356
sRNA252	Gene814	0.48386
sRNA220	Gene2593	0.55558
sRNA188	Gene2549	0.49969
sRNA49	Gene966	0.54969
sRNA192	Gene2321	0.50079
sRNA224	Gene1859	0.54378
sRNA231	Gene2367	0.51821
sRNA26	Gene340	0.46736
sRNA84	Gene2476	0.55002
sRNA74	Gene925	0.48507
sRNA136	Gene882	0.52398
sRNA273	Gene712	0.46521
sRNA82	Gene1448	0.49719
sRNA6	Gene437	0.59581
sRNA88	Gene1938	0.52966
sRNA78	Gene1990	0.56903
sRNA121	Gene979	0.4547
sRNA323	Gene129	0.50401
sRNA180	Gene2238	0.55565
sRNA238	Gene2172	0.52315
sRNA179	Gene1042	0.4787
sRNA235	Gene1934	0.57353
sRNA137	Gene821	0.45855
sRNA50	Gene522	0.44968
sRNA149	Gene461	0.45385
sRNA159	Gene463	0.53736
sRNA22	Gene1590	0.46337
sRNA175	Gene1125	0.52334
sRNA49	Gene2676	0.52412
sRNA60	Gene2053	0.52465
sRNA100	Gene970	0.57144
sRNA116	Gene2587	0.55136
sRNA144	Gene2308	0.53333
sRNA276	Gene748	0.52235
sRNA3	Gene480	0.54368
sRNA45	Gene1848	0.49101
sRNA163	Gene808	0.57651
sRNA147	Gene1711	0.562
sRNA170	Gene884	0.53564
sRNA236	Gene1804	0.58171
sRNA211	Gene1521	0.51331
sRNA167	Gene2865	0.50915
sRNA78	Gene2247	0.55325
sRNA181	Gene2191	0.56139
sRNA122	Gene1663	0.54923
sRNA14	Gene1768	0.57316
sRNA134	Gene911	0.52494
sRNA54	Gene392	0.45505
sRNA50	Gene2271	0.5387
sRNA9	Gene1920	0.47931
sRNA55	Gene38	0.54686
sRNA21	Gene1690	0.55392
sRNA131	Gene762	0.50413
sRNA231	Gene1853	0.4909
sRNA82	Gene2570	0.51243
sRNA155	Gene1558	0.52768
sRNA40	Gene2748	0.52414
sRNA208	Gene293	0.5173
sRNA148	Gene2715	0.51685
sRNA122	Gene2540	0.55395
sRNA23	Gene1289	0.49911
sRNA122	Gene2709	0.53238
sRNA82	Gene1455	0.53201
sRNA208	Gene1145	0.47362
sRNA21	Gene1282	0.5053
sRNA159	Gene1796	0.53017
sRNA76	Gene2164	0.56504
sRNA61	Gene2171	0.56456
sRNA281	Gene167	0.50365
sRNA18	Gene728	0.51702
sRNA50	Gene1475	0.53653
sRNA258	Gene362	0.4996
sRNA3	Gene1677	0.53575
sRNA22	Gene225	0.49049
sRNA134	Gene903	0.58506
sRNA50	Gene2582	0.53455
sRNA103	Gene1189	0.53723
sRNA9	Gene843	0.49609
sRNA156	Gene2578	0.46067
sRNA50	Gene508	0.5109
sRNA85	Gene1470	0.53194
sRNA291	Gene76	0.49574
sRNA6	Gene2158	0.52648
sRNA116	Gene1676	0.52486
sRNA9	Gene85	0.58613
sRNA12	Gene286	0.53728
sRNA235	Gene869	0.56263
sRNA203	Gene1276	0.49272
sRNA47	Gene413	0.46053
sRNA171	Gene520	0.53676
sRNA174	Gene2259	0.50356
sRNA39	Gene2235	0.56493
sRNA156	Gene1269	0.49181
sRNA209	Gene317	0.53506
sRNA103	Gene668	0.50648
sRNA84	Gene2559	0.5019
sRNA124	Gene1273	0.53295
sRNA179	Gene888	0.51235
sRNA84	Gene658	0.53874
sRNA180	Gene2020	0.53624
sRNA23	Gene142	0.49904
sRNA120	Gene283	0.51407
sRNA35	Gene168	0.53008
sRNA225	Gene2297	0.50602
sRNA291	Gene2698	0.48648
sRNA216	Gene2804	0.5596
sRNA278	Gene1734	0.44865
sRNA112	Gene2835	0.54473
sRNA135	Gene2284	0.51448
sRNA23	Gene237	0.51337
sRNA44	Gene660	0.52696
sRNA167	Gene1769	0.53307
sRNA84	Gene1990	0.51426
sRNA187	Gene2132	0.56501
sRNA41	Gene1006	0.55842
sRNA156	Gene1748	0.50858
sRNA230	Gene212	0.47879
sRNA3	Gene2471	0.49824
sRNA241	Gene2485	0.56312
sRNA189	Gene1760	0.47428
sRNA162	Gene2400	0.56634
sRNA66	Gene1206	0.48343
sRNA20	Gene518	0.58153
sRNA6	Gene2697	0.44808
sRNA107	Gene2361	0.52941
sRNA193	Gene2643	0.47479
sRNA239	Gene2736	0.52947
sRNA41	Gene2543	0.55349
sRNA180	Gene1819	0.57304
sRNA25	Gene607	0.50486
sRNA194	Gene607	0.53103
sRNA22	Gene1311	0.48271
sRNA220	Gene1956	0.59526
sRNA9	Gene2457	0.48912
sRNA180	Gene1086	0.51141
sRNA121	Gene1038	0.46868
sRNA204	Gene1494	0.49869
sRNA118	Gene2123	0.50416
sRNA52	Gene1064	0.56398
sRNA175	Gene1662	0.49635
sRNA276	Gene2388	0.52038
sRNA9	Gene2698	0.50663
sRNA74	Gene1544	0.52133
sRNA126	Gene2523	0.49945
sRNA208	Gene490	0.50543
sRNA168	Gene865	0.49754
sRNA89	Gene357	0.547
sRNA228	Gene279	0.47864
sRNA209	Gene539	0.55193
sRNA117	Gene2325	0.54691
sRNA41	Gene2616	0.51977
sRNA208	Gene992	0.47273
sRNA217	Gene923	0.47359
sRNA267	Gene160	0.4712
sRNA257	Gene2564	0.46346
sRNA181	Gene2339	0.53773
sRNA218	Gene2040	0.574
sRNA137	Gene2255	0.45394
sRNA81	Gene2434	0.51515
sRNA155	Gene1498	0.47443
sRNA80	Gene1276	0.49168
sRNA189	Gene1923	0.50381
sRNA50	Gene2828	0.48929
sRNA1	Gene2636	0.53262
sRNA134	Gene1429	0.55808
sRNA248	Gene601	0.46597
sRNA173	Gene1176	0.49277
sRNA257	Gene55	0.53931
sRNA171	Gene2229	0.51115
sRNA212	Gene1340	0.56034
sRNA156	Gene871	0.6062
sRNA72	Gene2246	0.50807
sRNA3	Gene475	0.54245
sRNA136	Gene1260	0.5428
sRNA80	Gene502	0.54819
sRNA258	Gene567	0.47558
sRNA105	Gene871	0.48888
sRNA132	Gene422	0.50299
sRNA35	Gene346	0.54116
sRNA88	Gene1746	0.52301
sRNA259	Gene776	0.45505
sRNA230	Gene651	0.51236
sRNA137	Gene1578	0.45183
sRNA35	Gene888	0.52407
sRNA122	Gene217	0.47918
sRNA201	Gene2073	0.50331
sRNA76	Gene2247	0.56238
sRNA5	Gene1437	0.48904
sRNA239	Gene304	0.52086
sRNA258	Gene2167	0.53923
sRNA181	Gene2015	0.56377
sRNA218	Gene2256	0.49128
sRNA192	Gene2287	0.52222
sRNA212	Gene2639	0.49581
sRNA50	Gene2811	0.48936
sRNA167	Gene2072	0.51744
sRNA159	Gene2678	0.54994
sRNA286	Gene1887	0.45245
sRNA116	Gene1229	0.57888
sRNA52	Gene814	0.57539
sRNA261	Gene889	0.50498
sRNA116	Gene1099	0.57318
sRNA40	Gene1173	0.57783
sRNA179	Gene2863	0.49756
sRNA66	Gene651	0.49749
sRNA132	Gene1766	0.49006
sRNA241	Gene2473	0.53301
sRNA244	Gene2268	0.548
sRNA88	Gene2224	0.54488
sRNA268	Gene2545	0.44725
sRNA131	Gene1516	0.56478
sRNA128	Gene2187	0.53001
sRNA185	Gene815	0.50938
sRNA269	Gene2713	0.47918
sRNA14	Gene9	0.53273
sRNA264	Gene2312	0.49059
sRNA80	Gene2364	0.52572
sRNA203	Gene571	0.53486
sRNA9	Gene1659	0.46977
sRNA254	Gene1988	0.46509
sRNA194	Gene1055	0.55874
sRNA216	Gene2799	0.49768
sRNA55	Gene1632	0.51789
sRNA33	Gene2846	0.5373
sRNA186	Gene1924	0.55621
sRNA232	Gene2752	0.48097
sRNA52	Gene996	0.59562
sRNA212	Gene648	0.48713
sRNA273	Gene537	0.47695
sRNA9	Gene2524	0.46226
sRNA241	Gene2069	0.52363
sRNA268	Gene311	0.48824
sRNA162	Gene1640	0.46648
sRNA50	Gene2134	0.46583
sRNA136	Gene2069	0.51835
sRNA3	Gene2070	0.46514
sRNA121	Gene204	0.46022
sRNA55	Gene2838	0.50447
sRNA224	Gene932	0.55028
sRNA61	Gene890	0.53032
sRNA189	Gene2706	0.47656
sRNA84	Gene1781	0.52568
sRNA132	Gene1760	0.46602
sRNA18	Gene652	0.55639
sRNA268	Gene1266	0.44618
sRNA167	Gene564	0.54214
sRNA50	Gene2796	0.48664
sRNA264	Gene2805	0.46235
sRNA136	Gene2771	0.53584
sRNA209	Gene2176	0.53132
sRNA82	Gene2270	0.5349
sRNA16	Gene272	0.55582
sRNA276	Gene761	0.54227
sRNA73	Gene1802	0.48798
sRNA106	Gene2570	0.51485
sRNA248	Gene795	0.45106
sRNA22	Gene831	0.52752
sRNA55	Gene1742	0.56735
sRNA40	Gene1213	0.50029
sRNA156	Gene1749	0.55585
sRNA178	Gene491	0.54091
sRNA209	Gene858	0.51811
sRNA187	Gene2697	0.49399
sRNA79	Gene2852	0.52547
sRNA260	Gene2734	0.51279
sRNA145	Gene1197	0.47096
sRNA78	Gene2742	0.52698
sRNA188	Gene2187	0.52961
sRNA15	Gene248	0.54105
sRNA100	Gene1479	0.51185
sRNA206	Gene1938	0.50875
sRNA269	Gene53	0.49909
sRNA136	Gene1322	0.52014
sRNA149	Gene2154	0.50239
sRNA23	Gene327	0.49301
sRNA229	Gene1231	0.50278
sRNA80	Gene584	0.52038
sRNA241	Gene759	0.50706
sRNA14	Gene10	0.49915
sRNA64	Gene2811	0.55311
sRNA144	Gene687	0.55404
sRNA192	Gene58	0.48424
sRNA66	Gene2526	0.44836
sRNA21	Gene1030	0.54795
sRNA89	Gene1212	0.51557
sRNA3	Gene577	0.513
sRNA158	Gene1438	0.51812
sRNA171	Gene310	0.48931
sRNA192	Gene1743	0.50712
sRNA138	Gene321	0.51752
sRNA27	Gene141	0.46091
sRNA80	Gene466	0.48877
sRNA15	Gene2256	0.55272
sRNA246	Gene286	0.49771
sRNA9	Gene1475	0.49136
sRNA90	Gene896	0.5452
sRNA57	Gene2516	0.48786
sRNA206	Gene372	0.51975
sRNA168	Gene2048	0.52967
sRNA258	Gene1677	0.4855
sRNA238	Gene17	0.49847
sRNA47	Gene2135	0.47358
sRNA9	Gene1794	0.45734
sRNA89	Gene1667	0.50903
sRNA132	Gene367	0.51273
sRNA189	Gene582	0.48306
sRNA173	Gene2633	0.47573
sRNA142	Gene2202	0.56445
sRNA38	Gene2008	0.59218
sRNA35	Gene1061	0.57524
sRNA242	Gene413	0.49197
sRNA156	Gene248	0.58414
sRNA114	Gene1004	0.53342
sRNA24	Gene473	0.49037
sRNA161	Gene908	0.49663
sRNA200	Gene808	0.46208
sRNA49	Gene1490	0.56078
sRNA15	Gene1055	0.48822
sRNA236	Gene1469	0.57012
sRNA17	Gene772	0.52001
sRNA92	Gene1996	0.51371
sRNA223	Gene1640	0.4846
sRNA111	Gene1124	0.55514
sRNA69	Gene1160	0.479
sRNA35	Gene840	0.50115
sRNA192	Gene545	0.49255
sRNA134	Gene2704	0.56544
sRNA14	Gene2568	0.51667
sRNA158	Gene985	0.48922
sRNA122	Gene2012	0.55055
sRNA202	Gene2608	0.52872
sRNA168	Gene2674	0.50091
sRNA94	Gene328	0.45825
sRNA136	Gene1966	0.53562
sRNA181	Gene2155	0.5563
sRNA9	Gene2801	0.50675
sRNA148	Gene463	0.58147
sRNA270	Gene571	0.44577
sRNA273	Gene376	0.49148
sRNA52	Gene2308	0.56664
sRNA193	Gene2258	0.48868
sRNA200	Gene1800	0.47293
sRNA120	Gene1857	0.54482
sRNA203	Gene2637	0.52031
sRNA237	Gene2718	0.51359
sRNA66	Gene2305	0.49462
sRNA48	Gene1309	0.50054
sRNA144	Gene2459	0.53943
sRNA75	Gene2332	0.52005
sRNA155	Gene1221	0.49626
sRNA26	Gene1237	0.51914
sRNA285	Gene286	0.45253
sRNA119	Gene1548	0.53787
sRNA61	Gene1638	0.52919
sRNA151	Gene1282	0.54722
sRNA21	Gene2272	0.45089
sRNA173	Gene1131	0.47073
sRNA168	Gene58	0.46439
sRNA125	Gene2683	0.58009
sRNA136	Gene506	0.48935
sRNA105	Gene1582	0.50429
sRNA1	Gene1097	0.48687
sRNA62	Gene154	0.47941
sRNA192	Gene2182	0.48701
sRNA215	Gene1248	0.49044
sRNA22	Gene887	0.47977
sRNA9	Gene218	0.53029
sRNA256	Gene313	0.51184
sRNA105	Gene668	0.53578
sRNA230	Gene714	0.49699
sRNA35	Gene2425	0.5431
sRNA132	Gene806	0.47644
sRNA45	Gene870	0.55208
sRNA138	Gene251	0.49952
sRNA9	Gene1828	0.5182
sRNA8	Gene34	0.54844
sRNA181	Gene809	0.53946
sRNA119	Gene271	0.46443
sRNA173	Gene1568	0.4832
sRNA17	Gene884	0.525
sRNA194	Gene375	0.53554
sRNA215	Gene1200	0.50996
sRNA188	Gene2150	0.49496
sRNA263	Gene574	0.52034
sRNA193	Gene879	0.5151
sRNA27	Gene2112	0.52651
sRNA145	Gene2008	0.55951
sRNA244	Gene49	0.59438
sRNA127	Gene1278	0.55355
sRNA86	Gene1687	0.48116
sRNA50	Gene2251	0.4957
sRNA123	Gene1464	0.45717
sRNA151	Gene2400	0.51915
sRNA21	Gene325	0.54413
sRNA75	Gene784	0.51452
sRNA39	Gene2820	0.58264
sRNA241	Gene2146	0.54253
sRNA263	Gene2509	0.49449
sRNA114	Gene1003	0.52569
sRNA3	Gene1436	0.49792
sRNA276	Gene492	0.49726
sRNA75	Gene2353	0.55936
sRNA162	Gene2726	0.4987
sRNA3	Gene2096	0.47487
sRNA228	Gene1645	0.51847
sRNA215	Gene2204	0.50144
sRNA159	Gene1536	0.52885
sRNA219	Gene1302	0.47411
sRNA64	Gene1598	0.575
sRNA35	Gene1881	0.53889
sRNA53	Gene1199	0.50655
sRNA57	Gene1357	0.49137
sRNA191	Gene544	0.45826
sRNA116	Gene2483	0.50126
sRNA273	Gene802	0.4841
sRNA66	Gene1022	0.468
sRNA219	Gene1833	0.46666
sRNA167	Gene1461	0.49326
sRNA9	Gene2847	0.54062
sRNA61	Gene1474	0.50483
sRNA136	Gene1429	0.55551
sRNA226	Gene607	0.46495
sRNA63	Gene1356	0.52644
sRNA66	Gene729	0.48857
sRNA80	Gene2843	0.4562
sRNA116	Gene1092	0.53579
sRNA188	Gene1801	0.52494
sRNA9	Gene1541	0.47401
sRNA120	Gene1364	0.52766
sRNA120	Gene240	0.52698
sRNA77	Gene1171	0.6141
sRNA273	Gene1556	0.48927
sRNA134	Gene1691	0.57612
sRNA61	Gene818	0.49838
sRNA173	Gene1306	0.45761
sRNA241	Gene2787	0.54237
sRNA159	Gene2510	0.53808
sRNA212	Gene1536	0.53269
sRNA233	Gene1190	0.5484
sRNA55	Gene2231	0.55188
sRNA203	Gene2524	0.50609
sRNA41	Gene515	0.51028
sRNA276	Gene322	0.50503
sRNA203	Gene2253	0.50741
sRNA171	Gene2662	0.51688
sRNA134	Gene1673	0.53863
sRNA232	Gene2858	0.49684
sRNA44	Gene2273	0.45495
sRNA120	Gene391	0.53347
sRNA43	Gene2640	0.53841
sRNA54	Gene2179	0.46332
sRNA168	Gene977	0.52138
sRNA186	Gene1041	0.49514
sRNA23	Gene443	0.4928
sRNA241	Gene672	0.58479
sRNA122	Gene719	0.54569
sRNA53	Gene1067	0.51311
sRNA135	Gene2863	0.501
sRNA96	Gene2267	0.50462
sRNA85	Gene2347	0.50318
sRNA9	Gene252	0.55334
sRNA218	Gene536	0.57397
sRNA158	Gene1344	0.56429
sRNA29	Gene2492	0.57046
sRNA263	Gene137	0.51527
sRNA239	Gene496	0.51432
sRNA212	Gene1871	0.5012
sRNA247	Gene1108	0.47791
sRNA134	Gene2259	0.53554
sRNA199	Gene1363	0.58463
sRNA117	Gene2089	0.55067
sRNA109	Gene1658	0.53298
sRNA132	Gene719	0.51129
sRNA105	Gene1496	0.48183
sRNA41	Gene1573	0.5656
sRNA173	Gene1320	0.48434
sRNA144	Gene931	0.5044
sRNA22	Gene61	0.47048
sRNA249	Gene960	0.47236
sRNA9	Gene2044	0.45033
sRNA216	Gene2281	0.48168
sRNA53	Gene2828	0.49373
sRNA10	Gene330	0.56759
sRNA9	Gene1878	0.46039
sRNA167	Gene25	0.4539
sRNA9	Gene1990	0.47689
sRNA300	Gene2302	0.49193
sRNA262	Gene2393	0.54312
sRNA288	Gene1431	0.5021
sRNA121	Gene609	0.44694
sRNA122	Gene1467	0.58084
sRNA213	Gene2642	0.51286
sRNA237	Gene2355	0.51908
sRNA25	Gene508	0.54811
sRNA81	Gene1911	0.55879
sRNA134	Gene1190	0.52071
sRNA88	Gene1688	0.54551
sRNA162	Gene1183	0.56865
sRNA159	Gene1470	0.52864
sRNA39	Gene383	0.58849
sRNA88	Gene648	0.46147
sRNA254	Gene2859	0.4574
sRNA122	Gene1349	0.58605
sRNA8	Gene260	0.50245
sRNA7	Gene56	0.58912
sRNA4	Gene1142	0.50126
sRNA148	Gene1045	0.55274
sRNA21	Gene2295	0.515
sRNA98	Gene2306	0.53031
sRNA204	Gene1924	0.51115
sRNA35	Gene2301	0.55073
sRNA187	Gene1855	0.55634
sRNA192	Gene2649	0.51745
sRNA247	Gene1632	0.48667
sRNA84	Gene1845	0.47998
sRNA60	Gene524	0.55021
sRNA114	Gene1031	0.54504
sRNA195	Gene345	0.50012
sRNA21	Gene1385	0.55232
sRNA229	Gene2425	0.50335
sRNA254	Gene1962	0.48671
sRNA269	Gene2325	0.45876
sRNA144	Gene2467	0.48512
sRNA104	Gene1345	0.48528
sRNA178	Gene1310	0.45958
sRNA231	Gene567	0.50547
sRNA204	Gene2508	0.50606
sRNA100	Gene42	0.553
sRNA161	Gene352	0.54515
sRNA78	Gene1022	0.51139
sRNA192	Gene2486	0.47263
sRNA23	Gene14	0.48814
sRNA168	Gene2710	0.51129
sRNA140	Gene2837	0.59668
sRNA243	Gene933	0.56014
sRNA139	Gene346	0.53716
sRNA144	Gene1322	0.49348
sRNA122	Gene2504	0.52195
sRNA107	Gene1042	0.52817
sRNA167	Gene1065	0.53854
sRNA41	Gene160	0.54969
sRNA87	Gene590	0.57102
sRNA29	Gene557	0.56287
sRNA78	Gene684	0.5284
sRNA9	Gene1660	0.49184
sRNA9	Gene2536	0.51138
sRNA52	Gene1146	0.53711
sRNA186	Gene255	0.4992
sRNA21	Gene430	0.51604
sRNA249	Gene819	0.45
sRNA22	Gene926	0.44889
sRNA216	Gene691	0.47652
sRNA122	Gene2110	0.58426
sRNA180	Gene2205	0.58336
sRNA55	Gene1596	0.5452
sRNA288	Gene1727	0.49401
sRNA9	Gene1943	0.47503
sRNA5	Gene1221	0.51162
sRNA22	Gene1104	0.49192
sRNA243	Gene2150	0.53464
sRNA60	Gene2486	0.53478
sRNA95	Gene1337	0.57039
sRNA158	Gene2573	0.53222
sRNA24	Gene222	0.47788
sRNA148	Gene1788	0.50792
sRNA18	Gene414	0.48433
sRNA273	Gene1191	0.47202
sRNA9	Gene2123	0.47852
sRNA57	Gene582	0.49174
sRNA172	Gene691	0.4984
sRNA107	Gene2843	0.53517
sRNA149	Gene1266	0.45025
sRNA52	Gene413	0.54938
sRNA167	Gene383	0.54507
sRNA144	Gene2462	0.50467
sRNA174	Gene61	0.50938
sRNA85	Gene1338	0.53297
sRNA241	Gene888	0.53299
sRNA173	Gene2292	0.5524
sRNA192	Gene929	0.49858
sRNA205	Gene2837	0.475
sRNA7	Gene506	0.51908
sRNA5	Gene1191	0.5219
sRNA235	Gene403	0.49578
sRNA50	Gene2848	0.45838
sRNA231	Gene2544	0.46158
sRNA74	Gene806	0.48995
sRNA113	Gene1375	0.51359
sRNA212	Gene576	0.54685
sRNA55	Gene713	0.57263
sRNA132	Gene1072	0.52142
sRNA9	Gene1680	0.47771
sRNA64	Gene1817	0.52627
sRNA98	Gene1782	0.56193
sRNA291	Gene855	0.47736
sRNA57	Gene334	0.49802
sRNA117	Gene2368	0.56074
sRNA213	Gene1766	0.52277
sRNA134	Gene875	0.56633
sRNA52	Gene2461	0.54792
sRNA208	Gene1783	0.50908
sRNA270	Gene173	0.45102
sRNA270	Gene2143	0.47212
sRNA78	Gene785	0.56184
sRNA141	Gene948	0.5604
sRNA209	Gene987	0.57172
sRNA21	Gene388	0.50622
sRNA63	Gene480	0.52706
sRNA171	Gene2495	0.49112
sRNA105	Gene496	0.51338
sRNA5	Gene1945	0.47946
sRNA39	Gene2138	0.56938
sRNA219	Gene1953	0.44876
sRNA257	Gene1734	0.49418
sRNA84	Gene1770	0.58088
sRNA35	Gene1147	0.53745
sRNA246	Gene227	0.51846
sRNA158	Gene1424	0.55326
sRNA118	Gene2694	0.5134
sRNA103	Gene495	0.53986
sRNA69	Gene691	0.4658
sRNA55	Gene1449	0.53822
sRNA4	Gene1483	0.47004
sRNA268	Gene1399	0.4509
sRNA156	Gene1326	0.49636
sRNA163	Gene1050	0.59388
sRNA3	Gene2131	0.51419
sRNA134	Gene1903	0.54847
sRNA192	Gene373	0.50076
sRNA49	Gene778	0.52036
sRNA18	Gene1841	0.50756
sRNA5	Gene1489	0.48118
sRNA112	Gene220	0.57629
sRNA122	Gene2183	0.52867
sRNA231	Gene2676	0.57054
sRNA24	Gene1607	0.45555
sRNA42	Gene955	0.60681
sRNA286	Gene110	0.45353
sRNA33	Gene143	0.55072
sRNA120	Gene1394	0.57935
sRNA26	Gene1944	0.53
sRNA132	Gene566	0.49235
sRNA156	Gene2473	0.48782
sRNA239	Gene468	0.52896
sRNA96	Gene1794	0.50893
sRNA123	Gene1444	0.4758
sRNA237	Gene2671	0.48678
sRNA181	Gene1266	0.57699
sRNA104	Gene1760	0.46097
sRNA80	Gene2851	0.49336
sRNA235	Gene1458	0.55219
sRNA110	Gene1920	0.53888
sRNA139	Gene65	0.51589
sRNA145	Gene2263	0.51186
sRNA9	Gene1948	0.46154
sRNA98	Gene495	0.51885
sRNA138	Gene2377	0.45414
sRNA208	Gene1865	0.44909
sRNA201	Gene2829	0.46916
sRNA172	Gene869	0.56273
sRNA88	Gene1166	0.53363
sRNA54	Gene2495	0.44914
sRNA90	Gene1183	0.53303
sRNA170	Gene2716	0.49514
sRNA85	Gene659	0.4886
sRNA105	Gene1733	0.51384
sRNA195	Gene2187	0.4989
sRNA262	Gene949	0.52774
sRNA23	Gene1931	0.48663
sRNA28	Gene614	0.48575
sRNA273	Gene727	0.4529
sRNA9	Gene1007	0.54824
sRNA27	Gene446	0.46531
sRNA3	Gene1519	0.54544
sRNA291	Gene505	0.47006
sRNA100	Gene537	0.58484
sRNA181	Gene2444	0.58681
sRNA83	Gene255	0.53072
sRNA50	Gene2620	0.46435
sRNA142	Gene2271	0.50692
sRNA74	Gene2673	0.53086
sRNA118	Gene373	0.49677
sRNA91	Gene247	0.55439
sRNA82	Gene1131	0.50237
sRNA271	Gene287	0.50491
sRNA9	Gene1044	0.57013
sRNA120	Gene1881	0.54501
sRNA60	Gene99	0.55302
sRNA18	Gene528	0.54084
sRNA159	Gene583	0.52954
sRNA7	Gene2643	0.51655
sRNA107	Gene384	0.50717
sRNA254	Gene447	0.48556
sRNA266	Gene2287	0.48778
sRNA146	Gene1867	0.49262
sRNA203	Gene1822	0.50854
sRNA96	Gene1325	0.50629
sRNA84	Gene1642	0.50507
sRNA112	Gene803	0.55846
sRNA235	Gene1790	0.58023
sRNA195	Gene14	0.48056
sRNA129	Gene243	0.56173
sRNA55	Gene370	0.53898
sRNA52	Gene84	0.57153
sRNA75	Gene1181	0.48375
sRNA222	Gene913	0.44903
sRNA104	Gene1465	0.46166
sRNA91	Gene1660	0.48616
sRNA153	Gene2793	0.50531
sRNA22	Gene1030	0.44845
sRNA85	Gene469	0.49043
sRNA203	Gene2527	0.54164
sRNA21	Gene1377	0.52372
sRNA37	Gene1396	0.56759
sRNA54	Gene499	0.49171
sRNA159	Gene2173	0.52275
sRNA232	Gene1500	0.46837
sRNA140	Gene1743	0.538
sRNA143	Gene1440	0.58145
sRNA219	Gene42	0.5109
sRNA136	Gene380	0.55154
sRNA44	Gene1081	0.46433
sRNA268	Gene2793	0.46573
sRNA119	Gene1621	0.53275
sRNA9	Gene858	0.52904
sRNA245	Gene2372	0.53377
sRNA3	Gene2470	0.49293
sRNA171	Gene415	0.50498
sRNA47	Gene286	0.52233
sRNA173	Gene1447	0.53401
sRNA268	Gene2499	0.46722
sRNA66	Gene2509	0.48767
sRNA72	Gene698	0.49378
sRNA39	Gene2329	0.5919
sRNA257	Gene558	0.53897
sRNA236	Gene2471	0.57051
sRNA204	Gene1962	0.48877
sRNA88	Gene2678	0.5272
sRNA188	Gene2128	0.51528
sRNA24	Gene196	0.50146
sRNA23	Gene1695	0.51256
sRNA201	Gene1639	0.52209
sRNA105	Gene1071	0.46047
sRNA158	Gene2164	0.49845
sRNA142	Gene2468	0.53862
sRNA102	Gene136	0.49582
sRNA60	Gene1416	0.4976
sRNA156	Gene1005	0.52607
sRNA201	Gene397	0.50691
sRNA22	Gene320	0.48876
sRNA219	Gene2628	0.5014
sRNA235	Gene381	0.58102
sRNA185	Gene2083	0.48035
sRNA5	Gene1995	0.49982
sRNA188	Gene2341	0.49177
sRNA75	Gene2205	0.53581
sRNA107	Gene1621	0.54257
sRNA231	Gene1813	0.49584
sRNA120	Gene2188	0.56302
sRNA259	Gene494	0.47924
sRNA79	Gene443	0.52161
sRNA228	Gene2453	0.52216
sRNA88	Gene2524	0.53165
sRNA216	Gene2022	0.47847
sRNA248	Gene542	0.48445
sRNA41	Gene2134	0.56216
sRNA144	Gene2622	0.55655
sRNA239	Gene2132	0.54962
sRNA81	Gene1091	0.54059
sRNA73	Gene550	0.49999
sRNA68	Gene1275	0.52613
sRNA250	Gene2619	0.46635
sRNA111	Gene1465	0.48071
sRNA241	Gene2732	0.51453
sRNA219	Gene1172	0.55918
sRNA214	Gene2414	0.55046
sRNA120	Gene740	0.51093
sRNA68	Gene2208	0.54709
sRNA9	Gene2324	0.53654
sRNA21	Gene1958	0.51546
sRNA9	Gene319	0.50877
sRNA122	Gene383	0.5086
sRNA186	Gene2645	0.52412
sRNA81	Gene2405	0.56012
sRNA4	Gene1084	0.44599
sRNA203	Gene987	0.5297
sRNA246	Gene1045	0.52751
sRNA235	Gene1331	0.54621
sRNA50	Gene1578	0.54105
sRNA129	Gene1044	0.55001
sRNA249	Gene669	0.50791
sRNA231	Gene1369	0.51822
sRNA180	Gene1796	0.5474
sRNA161	Gene2310	0.49128
sRNA75	Gene1677	0.53756
sRNA287	Gene119	0.49425
sRNA27	Gene2256	0.44556
sRNA287	Gene579	0.54977
sRNA262	Gene907	0.50266
sRNA158	Gene1470	0.52995
sRNA55	Gene1166	0.51989
sRNA63	Gene2608	0.53166
sRNA171	Gene2846	0.49432
sRNA124	Gene2842	0.51538
sRNA117	Gene1702	0.548
sRNA9	Gene87	0.52853
sRNA120	Gene2461	0.56901
sRNA24	Gene1102	0.47751
sRNA173	Gene625	0.52133
sRNA254	Gene2586	0.47803
sRNA221	Gene2260	0.48839
sRNA122	Gene1839	0.509
sRNA219	Gene1	0.52764
sRNA100	Gene2373	0.56233
sRNA38	Gene495	0.57554
sRNA276	Gene880	0.5127
sRNA161	Gene537	0.52068
sRNA44	Gene758	0.51236
sRNA203	Gene1438	0.51631
sRNA291	Gene702	0.49679
sRNA148	Gene370	0.54568
sRNA47	Gene2811	0.5967
sRNA200	Gene1767	0.46297
sRNA189	Gene2612	0.46949
sRNA246	Gene920	0.56648
sRNA26	Gene971	0.54143
sRNA248	Gene1201	0.49768
sRNA148	Gene1308	0.50094
sRNA171	Gene1713	0.52051
sRNA92	Gene1020	0.47985
sRNA248	Gene2858	0.47007
sRNA140	Gene506	0.5762
sRNA22	Gene1798	0.49356
sRNA42	Gene1303	0.50949
sRNA273	Gene1216	0.47608
sRNA24	Gene2340	0.4631
sRNA215	Gene811	0.49553
sRNA230	Gene265	0.49661
sRNA238	Gene1442	0.49047
sRNA76	Gene552	0.56981
sRNA75	Gene2555	0.46785
sRNA218	Gene1297	0.5928
sRNA114	Gene561	0.551
sRNA241	Gene281	0.54629
sRNA20	Gene2173	0.54555
sRNA131	Gene1987	0.50247
sRNA144	Gene2864	0.46752
sRNA171	Gene949	0.49252
sRNA159	Gene2337	0.53979
sRNA240	Gene2811	0.55544
sRNA96	Gene1249	0.50406
sRNA192	Gene423	0.51496
sRNA173	Gene2792	0.52854
sRNA232	Gene1609	0.47734
sRNA30	Gene1637	0.52642
sRNA257	Gene1905	0.4666
sRNA78	Gene939	0.53772
sRNA9	Gene1588	0.4701
sRNA25	Gene1077	0.57176
sRNA192	Gene1147	0.50281
sRNA78	Gene510	0.51653
sRNA25	Gene2148	0.49689
sRNA276	Gene1905	0.51429
sRNA177	Gene2614	0.55168
sRNA9	Gene156	0.55531
sRNA134	Gene1481	0.58557
sRNA21	Gene2769	0.50107
sRNA171	Gene1249	0.4761
sRNA51	Gene68	0.54573
sRNA203	Gene2182	0.50579
sRNA87	Gene2848	0.53369
sRNA122	Gene866	0.50238
sRNA264	Gene2248	0.50561
sRNA288	Gene617	0.505
sRNA192	Gene780	0.53815
sRNA299	Gene1502	0.52668
sRNA3	Gene1841	0.45108
sRNA5	Gene2466	0.47416
sRNA9	Gene1171	0.60068
sRNA100	Gene2515	0.52353
sRNA192	Gene495	0.51083
sRNA216	Gene380	0.47323
sRNA189	Gene984	0.49474
sRNA254	Gene1112	0.4705
sRNA173	Gene2306	0.52032
sRNA4	Gene2536	0.45744
sRNA229	Gene1610	0.49662
sRNA195	Gene183	0.51462
sRNA140	Gene1281	0.51571
sRNA101	Gene229	0.54446
sRNA55	Gene2848	0.52889
sRNA74	Gene1595	0.52102
sRNA102	Gene1118	0.48704
sRNA89	Gene455	0.49061
sRNA137	Gene2371	0.45838
sRNA144	Gene2863	0.54808
sRNA3	Gene280	0.46423
sRNA26	Gene2616	0.5142
sRNA195	Gene937	0.48886
sRNA35	Gene785	0.51548
sRNA92	Gene1332	0.47517
sRNA258	Gene2428	0.49914
sRNA156	Gene1821	0.54361
sRNA140	Gene345	0.54205
sRNA26	Gene1826	0.51628
sRNA122	Gene420	0.52317
sRNA85	Gene2833	0.50706
sRNA41	Gene843	0.5435
sRNA121	Gene875	0.45628
sRNA18	Gene341	0.5081
sRNA276	Gene1170	0.52189
sRNA61	Gene2163	0.46079
sRNA63	Gene227	0.54403
sRNA230	Gene571	0.50383
sRNA80	Gene406	0.50612
sRNA317	Gene1312	0.453
sRNA59	Gene2554	0.50681
sRNA198	Gene2813	0.48349
sRNA96	Gene575	0.53262
sRNA81	Gene1530	0.55304
sRNA167	Gene1334	0.53981
sRNA236	Gene1541	0.60104
sRNA64	Gene2030	0.57483
sRNA90	Gene362	0.51488
sRNA68	Gene2465	0.48356
sRNA161	Gene1161	0.54443
sRNA41	Gene1005	0.53279
sRNA209	Gene2275	0.56205
sRNA217	Gene1010	0.47898
sRNA107	Gene2107	0.48937
sRNA134	Gene583	0.54718
sRNA54	Gene691	0.46483
sRNA118	Gene1320	0.5245
sRNA129	Gene2099	0.54475
sRNA174	Gene1632	0.49435
sRNA189	Gene2450	0.55308
sRNA148	Gene2330	0.51509
sRNA186	Gene114	0.54931
sRNA248	Gene107	0.49621
sRNA39	Gene253	0.55323
sRNA24	Gene666	0.44865
sRNA168	Gene1853	0.49836
sRNA248	Gene419	0.48678
sRNA229	Gene2344	0.47354
sRNA168	Gene1348	0.46243
sRNA180	Gene2807	0.50771
sRNA149	Gene1129	0.46869
sRNA63	Gene2135	0.49292
sRNA248	Gene2606	0.49579
sRNA163	Gene87	0.52995
sRNA105	Gene2023	0.51749
sRNA257	Gene159	0.52949
sRNA83	Gene2021	0.51303
sRNA182	Gene1089	0.48644
sRNA144	Gene1455	0.45039
sRNA126	Gene1889	0.55329
sRNA37	Gene2281	0.53182
sRNA88	Gene1006	0.52942
sRNA104	Gene2470	0.47866
sRNA6	Gene369	0.54537
sRNA241	Gene2576	0.51529
sRNA45	Gene943	0.49738
sRNA195	Gene22	0.55175
sRNA212	Gene2127	0.551
sRNA54	Gene2813	0.45524
sRNA107	Gene829	0.51354
sRNA83	Gene2214	0.54092
sRNA287	Gene157	0.51998
sRNA39	Gene409	0.56472
sRNA259	Gene983	0.49405
sRNA28	Gene1041	0.52983
sRNA137	Gene796	0.47416
sRNA71	Gene2836	0.55333
sRNA174	Gene1941	0.47617
sRNA192	Gene2455	0.47615
sRNA72	Gene1440	0.53526
sRNA79	Gene1304	0.46876
sRNA156	Gene2073	0.49397
sRNA171	Gene1013	0.51467
sRNA124	Gene2223	0.51636
sRNA20	Gene1064	0.53585
sRNA103	Gene2793	0.56295
sRNA2	Gene1291	0.48359
sRNA170	Gene252	0.51673
sRNA75	Gene2304	0.49437
sRNA4	Gene2437	0.47014
sRNA248	Gene719	0.45159
sRNA175	Gene576	0.5157
sRNA102	Gene425	0.50594
sRNA68	Gene2207	0.53573
sRNA96	Gene866	0.49807
sRNA262	Gene2575	0.56873
sRNA167	Gene666	0.52398
sRNA9	Gene2042	0.48396
sRNA5	Gene659	0.47041
sRNA20	Gene987	0.56621
sRNA209	Gene810	0.52179
sRNA28	Gene1211	0.48248
sRNA209	Gene1996	0.4985
sRNA159	Gene1854	0.4983
sRNA5	Gene2483	0.54332
sRNA167	Gene418	0.516
sRNA247	Gene257	0.46214
sRNA180	Gene180	0.49219
sRNA249	Gene1660	0.47204
sRNA246	Gene2478	0.52665
sRNA55	Gene2642	0.49278
sRNA216	Gene1040	0.48298
sRNA167	Gene1239	0.50382
sRNA114	Gene799	0.52894
sRNA29	Gene1196	0.47738
sRNA149	Gene1245	0.4757
sRNA116	Gene2686	0.53176
sRNA232	Gene2467	0.46965
sRNA156	Gene2794	0.47043
sRNA64	Gene2820	0.54151
sRNA21	Gene1585	0.51175
sRNA58	Gene2727	0.50973
sRNA72	Gene1573	0.56712
sRNA213	Gene2066	0.53957
sRNA63	Gene2256	0.53911
sRNA75	Gene1325	0.53841
sRNA85	Gene1220	0.49882
sRNA260	Gene2090	0.47724
sRNA246	Gene1771	0.54367
sRNA111	Gene666	0.52841
sRNA168	Gene1093	0.51563
sRNA66	Gene739	0.45072
sRNA273	Gene713	0.50061
sRNA50	Gene2826	0.55881
sRNA246	Gene238	0.54818
sRNA20	Gene2811	0.51294
sRNA113	Gene2037	0.50958
sRNA164	Gene1282	0.45591
sRNA298	Gene647	0.5332
sRNA25	Gene1078	0.56178
sRNA20	Gene1012	0.53796
sRNA307	Gene606	0.45554
sRNA54	Gene1852	0.50585
sRNA85	Gene1784	0.47887
sRNA122	Gene446	0.51941
sRNA171	Gene309	0.52686
sRNA88	Gene2830	0.52214
sRNA182	Gene1005	0.50328
sRNA22	Gene2789	0.53538
sRNA53	Gene418	0.50927
sRNA137	Gene792	0.47001
sRNA158	Gene959	0.56476
sRNA9	Gene2124	0.45979
sRNA179	Gene855	0.52519
sRNA82	Gene2821	0.51956
sRNA26	Gene1163	0.5139
sRNA216	Gene2057	0.46592
sRNA167	Gene1746	0.52174
sRNA168	Gene2173	0.44901
sRNA109	Gene11	0.54811
sRNA203	Gene903	0.54475
sRNA51	Gene402	0.53898
sRNA84	Gene1156	0.50048
sRNA188	Gene531	0.55197
sRNA159	Gene2530	0.5246
sRNA263	Gene1042	0.48687
sRNA178	Gene504	0.55147
sRNA30	Gene2801	0.49692
sRNA155	Gene2479	0.47064
sRNA43	Gene873	0.49497
sRNA216	Gene158	0.51452
sRNA246	Gene1091	0.56616
sRNA35	Gene838	0.50351
sRNA266	Gene839	0.44689
sRNA45	Gene2813	0.55993
sRNA218	Gene2673	0.53113
sRNA299	Gene1243	0.51704
sRNA84	Gene2000	0.5101
sRNA140	Gene1406	0.5095
sRNA41	Gene1506	0.51881
sRNA42	Gene2793	0.56822
sRNA26	Gene1096	0.50043
sRNA116	Gene1370	0.48573
sRNA73	Gene970	0.45556
sRNA224	Gene801	0.54917
sRNA105	Gene1774	0.51488
sRNA6	Gene997	0.55084
sRNA261	Gene498	0.50772
sRNA104	Gene500	0.51576
sRNA254	Gene2596	0.49023
sRNA22	Gene410	0.52041
sRNA79	Gene1121	0.54003
sRNA26	Gene2418	0.47674
sRNA72	Gene2355	0.5268
sRNA73	Gene128	0.45758
sRNA273	Gene578	0.45494
sRNA61	Gene635	0.53846
sRNA248	Gene1915	0.49115
sRNA21	Gene118	0.58143
sRNA234	Gene1558	0.58068
sRNA65	Gene1278	0.45756
sRNA104	Gene2757	0.54068
sRNA259	Gene1096	0.45728
sRNA298	Gene211	0.559
sRNA117	Gene545	0.51946
sRNA192	Gene1817	0.488
sRNA40	Gene2246	0.52498
sRNA141	Gene264	0.53551
sRNA241	Gene2500	0.54698
sRNA209	Gene2177	0.58301
sRNA132	Gene2169	0.50945
sRNA252	Gene1055	0.47099
sRNA208	Gene2766	0.5122
sRNA20	Gene661	0.54244
sRNA122	Gene1026	0.51722
sRNA61	Gene2785	0.49256
sRNA123	Gene1659	0.46656
sRNA9	Gene2686	0.54361
sRNA5	Gene1311	0.48199
sRNA28	Gene1056	0.5322
sRNA241	Gene288	0.56878
sRNA60	Gene2107	0.56147
sRNA100	Gene2852	0.52095
sRNA214	Gene2624	0.5399
sRNA52	Gene2568	0.56732
sRNA5	Gene2165	0.47528
sRNA276	Gene442	0.51635
sRNA118	Gene2087	0.52551
sRNA170	Gene1288	0.49993
sRNA273	Gene600	0.47843
sRNA244	Gene1902	0.56446
sRNA248	Gene1972	0.44922
sRNA114	Gene2449	0.55118
sRNA55	Gene1874	0.57189
sRNA152	Gene981	0.48818
sRNA126	Gene853	0.47824
sRNA152	Gene2480	0.48414
sRNA167	Gene615	0.49275
sRNA6	Gene220	0.50376
sRNA105	Gene814	0.52258
sRNA21	Gene1083	0.5191
sRNA21	Gene2447	0.51618
sRNA163	Gene166	0.55809
sRNA248	Gene342	0.44907
sRNA161	Gene1210	0.55157
sRNA82	Gene1300	0.47134
sRNA241	Gene1251	0.51896
sRNA192	Gene1749	0.47537
sRNA35	Gene1779	0.55775
sRNA161	Gene104	0.57635
sRNA260	Gene2751	0.50184
sRNA21	Gene1469	0.56729
sRNA167	Gene1701	0.48405
sRNA92	Gene1002	0.54285
sRNA9	Gene2154	0.57494
sRNA21	Gene2569	0.55476
sRNA218	Gene1072	0.5722
sRNA57	Gene2355	0.52243
sRNA50	Gene135	0.47728
sRNA144	Gene2711	0.50968
sRNA155	Gene2536	0.49824
sRNA216	Gene2029	0.49979
sRNA146	Gene2096	0.50368
sRNA95	Gene512	0.54148
sRNA72	Gene2715	0.55382
sRNA236	Gene2606	0.54408
sRNA30	Gene91	0.54445
sRNA159	Gene959	0.54093
sRNA155	Gene1107	0.50042
sRNA45	Gene2856	0.59146
sRNA51	Gene341	0.5366
sRNA9	Gene1851	0.55488
sRNA91	Gene2203	0.45601
sRNA88	Gene411	0.5648
sRNA268	Gene310	0.46017
sRNA207	Gene980	0.5259
sRNA44	Gene854	0.4904
sRNA7	Gene443	0.54548
sRNA193	Gene2045	0.50124
sRNA176	Gene1020	0.54164
sRNA159	Gene1306	0.44766
sRNA274	Gene429	0.51845
sRNA9	Gene1114	0.50306
sRNA274	Gene301	0.49873
sRNA50	Gene2598	0.47775
sRNA84	Gene909	0.52205
sRNA27	Gene2741	0.44856
sRNA65	Gene329	0.58219
sRNA228	Gene672	0.53127
sRNA188	Gene739	0.53279
sRNA206	Gene1768	0.508
sRNA133	Gene306	0.55761
sRNA84	Gene204	0.55751
sRNA229	Gene2300	0.49499
sRNA231	Gene2157	0.57244
sRNA164	Gene849	0.48166
sRNA226	Gene2669	0.49952
sRNA92	Gene462	0.53674
sRNA88	Gene914	0.581
sRNA253	Gene2217	0.53353
sRNA129	Gene1168	0.50358
sRNA50	Gene1692	0.49609
sRNA9	Gene2500	0.51706
sRNA111	Gene1467	0.52338
sRNA23	Gene2750	0.49962
sRNA255	Gene1137	0.4592
sRNA45	Gene47	0.50419
sRNA50	Gene2697	0.46257
sRNA115	Gene246	0.55015
sRNA119	Gene777	0.53404
sRNA127	Gene2315	0.55374
sRNA156	Gene562	0.51436
sRNA14	Gene2468	0.563
sRNA58	Gene743	0.48086
sRNA105	Gene2512	0.51195
sRNA5	Gene614	0.53096
sRNA65	Gene969	0.55908
sRNA30	Gene2066	0.53504
sRNA170	Gene209	0.53112
sRNA188	Gene2683	0.53152
sRNA199	Gene82	0.55611
sRNA186	Gene917	0.52369
sRNA173	Gene2516	0.46785
sRNA81	Gene472	0.5274
sRNA66	Gene117	0.48611
sRNA171	Gene1521	0.51447
sRNA106	Gene628	0.52585
sRNA4	Gene2389	0.50376
sRNA258	Gene1539	0.49877
sRNA81	Gene1785	0.51166
sRNA9	Gene916	0.47907
sRNA188	Gene1581	0.50906
sRNA161	Gene302	0.56422
sRNA137	Gene210	0.50813
sRNA51	Gene2772	0.54738
sRNA55	Gene829	0.52823
sRNA172	Gene2541	0.48529
sRNA168	Gene218	0.45475
sRNA52	Gene1332	0.62
sRNA50	Gene886	0.52449
sRNA136	Gene1622	0.48418
sRNA72	Gene1537	0.54896
sRNA117	Gene185	0.5148
sRNA141	Gene2865	0.5278
sRNA51	Gene2850	0.57769
sRNA73	Gene960	0.48745
sRNA203	Gene1312	0.49674
sRNA126	Gene1643	0.52811
sRNA153	Gene1949	0.53574
sRNA175	Gene2485	0.51425
sRNA122	Gene993	0.48311
sRNA129	Gene637	0.56809
sRNA248	Gene2618	0.48074
sRNA21	Gene414	0.47363
sRNA209	Gene1347	0.53726
sRNA15	Gene2682	0.54114
sRNA158	Gene1474	0.52966
sRNA35	Gene1092	0.53501
sRNA73	Gene726	0.48883
sRNA195	Gene1813	0.49667
sRNA75	Gene577	0.51526
sRNA140	Gene2611	0.53312
sRNA57	Gene577	0.47682
sRNA75	Gene209	0.55443
sRNA9	Gene1866	0.49118
sRNA174	Gene2315	0.48178
sRNA192	Gene1288	0.48215
sRNA126	Gene2327	0.51589
sRNA9	Gene664	0.47219
sRNA132	Gene1832	0.49959
sRNA137	Gene1988	0.47703
sRNA118	Gene2748	0.51518
sRNA109	Gene108	0.54823
sRNA192	Gene1463	0.51139
sRNA144	Gene2539	0.55272
sRNA21	Gene740	0.49072
sRNA39	Gene537	0.60969
sRNA15	Gene1260	0.53066
sRNA116	Gene151	0.57625
sRNA225	Gene2008	0.54888
sRNA41	Gene2425	0.53954
sRNA96	Gene1120	0.54709
sRNA105	Gene1571	0.49475
sRNA179	Gene2291	0.46966
sRNA148	Gene1683	0.57611
sRNA49	Gene1599	0.54968
sRNA92	Gene2817	0.53839
sRNA42	Gene413	0.52252
sRNA192	Gene2221	0.46744
sRNA246	Gene1830	0.52575
sRNA188	Gene1192	0.51338
sRNA113	Gene2016	0.51332
sRNA78	Gene2424	0.55814
sRNA21	Gene2440	0.56204
sRNA54	Gene655	0.48577
sRNA55	Gene727	0.59256
sRNA158	Gene2598	0.48116
sRNA203	Gene1659	0.52221
sRNA195	Gene2707	0.52628
sRNA83	Gene1045	0.54452
sRNA163	Gene120	0.56006
sRNA170	Gene1585	0.52756
sRNA9	Gene2664	0.44854
sRNA248	Gene861	0.45667
sRNA85	Gene961	0.48508
sRNA78	Gene1423	0.54861
sRNA144	Gene2445	0.47142
sRNA158	Gene2770	0.55913
sRNA9	Gene1455	0.46564
sRNA41	Gene2548	0.54403
sRNA4	Gene1572	0.45142
sRNA193	Gene1866	0.49137
sRNA244	Gene2520	0.56913
sRNA298	Gene196	0.52548
sRNA50	Gene1985	0.56481
sRNA269	Gene1268	0.47429
sRNA257	Gene967	0.49929
sRNA180	Gene2042	0.52206
sRNA104	Gene1792	0.53645
sRNA277	Gene2364	0.47914
sRNA231	Gene2337	0.54957
sRNA80	Gene1228	0.49399
sRNA63	Gene2487	0.54379
sRNA4	Gene2350	0.46005
sRNA35	Gene2759	0.52948
sRNA192	Gene2176	0.51471
sRNA52	Gene1148	0.56749
sRNA122	Gene143	0.54653
sRNA174	Gene1653	0.50645
sRNA180	Gene1634	0.52183
sRNA264	Gene752	0.50795
sRNA75	Gene1659	0.45993
sRNA240	Gene1332	0.57515
sRNA106	Gene1869	0.52196
sRNA173	Gene1877	0.48507
sRNA73	Gene2353	0.50327
sRNA257	Gene2170	0.48799
sRNA274	Gene344	0.51094
sRNA269	Gene2307	0.47543
sRNA60	Gene2840	0.48707
sRNA122	Gene830	0.52083
sRNA4	Gene56	0.48034
sRNA323	Gene293	0.4909
sRNA258	Gene342	0.51352
sRNA124	Gene2250	0.51462
sRNA299	Gene1904	0.4935
sRNA180	Gene2222	0.50392
sRNA102	Gene1448	0.45066
sRNA203	Gene2676	0.52613
sRNA3	Gene1316	0.5026
sRNA31	Gene1547	0.45491
sRNA105	Gene408	0.52117
sRNA21	Gene2644	0.53449
sRNA41	Gene2679	0.56909
sRNA254	Gene2480	0.45575
sRNA141	Gene1301	0.48584
sRNA9	Gene2395	0.5346
sRNA134	Gene1414	0.57017
sRNA144	Gene983	0.50541
sRNA273	Gene739	0.48342
sRNA212	Gene423	0.52314
sRNA50	Gene653	0.56215
sRNA156	Gene588	0.59926
sRNA171	Gene2524	0.4886
sRNA174	Gene2174	0.49372
sRNA128	Gene477	0.53501
sRNA53	Gene974	0.49931
sRNA230	Gene371	0.49246
sRNA54	Gene1094	0.49677
sRNA171	Gene2490	0.49759
sRNA192	Gene1214	0.48638
sRNA135	Gene2694	0.49361
sRNA241	Gene1130	0.54981
sRNA152	Gene984	0.51414
sRNA14	Gene1587	0.51255
sRNA50	Gene1847	0.45599
sRNA149	Gene2348	0.46173
sRNA129	Gene1626	0.58692
sRNA21	Gene2135	0.53083
sRNA23	Gene265	0.50126
sRNA89	Gene1198	0.47165
sRNA78	Gene2554	0.5625
sRNA192	Gene147	0.50593
sRNA181	Gene853	0.46691
sRNA13	Gene2633	0.49254
sRNA92	Gene2852	0.51005
sRNA258	Gene793	0.49477
sRNA273	Gene2463	0.46931
sRNA167	Gene478	0.55949
sRNA270	Gene2117	0.51392
sRNA34	Gene1188	0.49884
sRNA75	Gene2125	0.51919
sRNA270	Gene2114	0.46546
sRNA73	Gene699	0.50143
sRNA225	Gene1654	0.5182
sRNA199	Gene2500	0.57037
sRNA9	Gene1710	0.51969
sRNA258	Gene1502	0.50293
sRNA91	Gene1753	0.47719
sRNA195	Gene2301	0.46635
sRNA281	Gene585	0.4573
sRNA12	Gene2544	0.52372
sRNA21	Gene1911	0.51885
sRNA230	Gene2642	0.48097
sRNA225	Gene1942	0.57295
sRNA266	Gene944	0.46625
sRNA78	Gene1070	0.55755
sRNA205	Gene2474	0.50753
sRNA247	Gene1739	0.48064
sRNA144	Gene2844	0.53923
sRNA256	Gene885	0.44553
sRNA50	Gene2354	0.46273
sRNA115	Gene1449	0.51078
sRNA20	Gene217	0.52942
sRNA147	Gene2822	0.5414
sRNA193	Gene350	0.51617
sRNA66	Gene278	0.48581
sRNA285	Gene963	0.474
sRNA83	Gene719	0.54053
sRNA84	Gene2475	0.53499
sRNA41	Gene1969	0.54324
sRNA266	Gene218	0.46103
sRNA254	Gene541	0.45074
sRNA192	Gene1902	0.50599
sRNA162	Gene1337	0.56385
sRNA45	Gene24	0.58647
sRNA105	Gene196	0.47264
sRNA46	Gene2694	0.55659
sRNA55	Gene1621	0.54115
sRNA246	Gene2795	0.49137
sRNA136	Gene129	0.49467
sRNA236	Gene2148	0.55209
sRNA203	Gene1461	0.471
sRNA208	Gene2729	0.49221
sRNA289	Gene771	0.51683
sRNA215	Gene2541	0.45623
sRNA14	Gene2588	0.5626
sRNA180	Gene84	0.5279
sRNA112	Gene2678	0.55319
sRNA3	Gene2807	0.50395
sRNA230	Gene391	0.51546
sRNA55	Gene1814	0.55113
sRNA13	Gene1382	0.48468
sRNA257	Gene943	0.55663
sRNA276	Gene2082	0.50843
sRNA9	Gene2558	0.47699
sRNA120	Gene2006	0.54487
sRNA55	Gene1195	0.58906
sRNA5	Gene2338	0.48324
sRNA100	Gene1692	0.53231
sRNA21	Gene780	0.57913
sRNA67	Gene2621	0.48946
sRNA63	Gene2768	0.55008
sRNA31	Gene616	0.46434
sRNA88	Gene1239	0.52461
sRNA141	Gene1688	0.49837
sRNA80	Gene217	0.51166
sRNA111	Gene2330	0.475
sRNA66	Gene2469	0.46435
sRNA29	Gene295	0.55649
sRNA170	Gene174	0.53176
sRNA241	Gene2716	0.50605
sRNA135	Gene1749	0.54749
sRNA259	Gene1701	0.46999
sRNA286	Gene16	0.49328
sRNA136	Gene2405	0.52144
sRNA41	Gene2337	0.55874
sRNA9	Gene367	0.51245
sRNA3	Gene2681	0.55322
sRNA85	Gene2456	0.4964
sRNA54	Gene2340	0.47693
sRNA154	Gene1678	0.59287
sRNA160	Gene32	0.52504
sRNA171	Gene1416	0.50315
sRNA88	Gene957	0.56253
sRNA179	Gene2024	0.47415
sRNA28	Gene2717	0.5205
sRNA262	Gene862	0.52294
sRNA3	Gene980	0.48606
sRNA167	Gene886	0.55251
sRNA192	Gene1287	0.52581
sRNA20	Gene2836	0.506
sRNA80	Gene539	0.48317
sRNA208	Gene1976	0.51204
sRNA291	Gene2172	0.48395
sRNA238	Gene934	0.5023
sRNA22	Gene2761	0.50051
sRNA276	Gene478	0.51337
sRNA80	Gene1419	0.48788
sRNA246	Gene1614	0.50973
sRNA219	Gene2722	0.47721
sRNA230	Gene1195	0.44893
sRNA230	Gene1247	0.48556
sRNA164	Gene1987	0.4456
sRNA84	Gene330	0.56485
sRNA298	Gene1371	0.53032
sRNA50	Gene949	0.50502
sRNA260	Gene1118	0.52934
sRNA52	Gene2658	0.52152
sRNA86	Gene1532	0.58314
sRNA159	Gene1696	0.46365
sRNA160	Gene1149	0.53536
sRNA61	Gene600	0.49584
sRNA9	Gene76	0.55183
sRNA49	Gene1414	0.54992
sRNA41	Gene647	0.551
sRNA119	Gene293	0.51834
sRNA246	Gene1820	0.53204
sRNA18	Gene208	0.52027
sRNA93	Gene1680	0.47688
sRNA249	Gene1995	0.44704
sRNA111	Gene1352	0.51964
sRNA120	Gene1495	0.54403
sRNA15	Gene2599	0.54718
sRNA185	Gene226	0.53465
sRNA241	Gene1487	0.54782
sRNA107	Gene1187	0.4975
sRNA149	Gene242	0.49995
sRNA252	Gene22	0.46275
sRNA273	Gene595	0.49099
sRNA100	Gene2379	0.56793
sRNA180	Gene815	0.51042
sRNA116	Gene1385	0.54089
sRNA292	Gene1324	0.45892
sRNA50	Gene1190	0.56679
sRNA118	Gene1399	0.52109
sRNA189	Gene1232	0.47393
sRNA10	Gene2303	0.52441
sRNA9	Gene164	0.51931
sRNA111	Gene1881	0.51413
sRNA189	Gene2235	0.55132
sRNA281	Gene917	0.45807
sRNA21	Gene2049	0.51116
sRNA219	Gene2018	0.48647
sRNA9	Gene1272	0.5002
sRNA9	Gene1008	0.47801
sRNA231	Gene2487	0.56392
sRNA192	Gene1005	0.50098
sRNA146	Gene2548	0.53104
sRNA27	Gene2133	0.47556
sRNA186	Gene2498	0.56929
sRNA49	Gene1469	0.56875
sRNA26	Gene1116	0.53407
sRNA161	Gene85	0.56521
sRNA139	Gene1692	0.53942
sRNA18	Gene1513	0.52388
sRNA216	Gene2028	0.47794
sRNA168	Gene1303	0.44679
sRNA81	Gene252	0.54099
sRNA63	Gene2403	0.52694
sRNA65	Gene808	0.56221
sRNA102	Gene202	0.50362
sRNA291	Gene171	0.49452
sRNA186	Gene143	0.57782
sRNA250	Gene2175	0.45125
sRNA149	Gene1683	0.52415
sRNA158	Gene895	0.49273
sRNA171	Gene870	0.45615
sRNA132	Gene1462	0.50912
sRNA14	Gene2435	0.58038
sRNA49	Gene222	0.55375
sRNA9	Gene2283	0.55558
sRNA248	Gene748	0.45542
sRNA26	Gene1918	0.47552
sRNA278	Gene1550	0.45608
sRNA156	Gene2186	0.50179
sRNA206	Gene1834	0.52097
sRNA15	Gene2497	0.552
sRNA50	Gene2477	0.51116
sRNA215	Gene267	0.51206
sRNA180	Gene2524	0.51129
sRNA200	Gene1421	0.48194
sRNA270	Gene2784	0.47231
sRNA287	Gene2852	0.45719
sRNA171	Gene1945	0.53362
sRNA148	Gene1520	0.5631
sRNA21	Gene1338	0.57205
sRNA5	Gene280	0.50736
sRNA84	Gene300	0.5488
sRNA218	Gene2844	0.52946
sRNA50	Gene1168	0.50741
sRNA146	Gene1971	0.54651
sRNA203	Gene685	0.51173
sRNA105	Gene2738	0.50318
sRNA30	Gene757	0.52283
sRNA60	Gene552	0.56286
sRNA91	Gene938	0.47856
sRNA241	Gene373	0.56604
sRNA41	Gene2660	0.54693
sRNA218	Gene2182	0.55084
sRNA52	Gene779	0.56084
sRNA237	Gene2359	0.54373
sRNA214	Gene1196	0.57938
sRNA26	Gene1112	0.51966
sRNA204	Gene387	0.52636
sRNA18	Gene2183	0.53566
sRNA230	Gene570	0.51281
sRNA21	Gene292	0.5751
sRNA162	Gene2865	0.52687
sRNA182	Gene18	0.52874
sRNA102	Gene1126	0.52872
sRNA81	Gene2727	0.51248
sRNA241	Gene1680	0.55541
sRNA117	Gene2385	0.5671
sRNA276	Gene931	0.51922
sRNA259	Gene2823	0.46481
sRNA194	Gene626	0.58218
sRNA219	Gene1406	0.45066
sRNA171	Gene672	0.49256
sRNA22	Gene6	0.50641
sRNA122	Gene2535	0.48219
sRNA236	Gene1308	0.50208
sRNA26	Gene2358	0.51492
sRNA25	Gene120	0.45416
sRNA9	Gene2749	0.49584
sRNA230	Gene1993	0.49693
sRNA38	Gene496	0.54889
sRNA119	Gene402	0.52861
sRNA276	Gene2370	0.51508
sRNA121	Gene587	0.47662
sRNA108	Gene804	0.48859
sRNA167	Gene2006	0.52761
sRNA213	Gene220	0.49043
sRNA131	Gene1149	0.48517
sRNA215	Gene2158	0.53979
sRNA85	Gene764	0.5065
sRNA9	Gene1512	0.50668
sRNA50	Gene1455	0.51402
sRNA21	Gene700	0.54289
sRNA246	Gene2196	0.53736
sRNA22	Gene195	0.56369
sRNA79	Gene1229	0.51265
sRNA146	Gene249	0.52412
sRNA193	Gene2544	0.45299
sRNA113	Gene352	0.49758
sRNA293	Gene51	0.46855
sRNA12	Gene1450	0.54187
sRNA246	Gene1605	0.47533
sRNA96	Gene340	0.52878
sRNA5	Gene292	0.49339
sRNA116	Gene671	0.48916
sRNA228	Gene814	0.46112
sRNA62	Gene1171	0.53745
sRNA53	Gene698	0.48784
sRNA49	Gene2219	0.54121
sRNA273	Gene843	0.45447
sRNA116	Gene680	0.54197
sRNA100	Gene2844	0.52899
sRNA200	Gene221	0.4609
sRNA109	Gene815	0.50635
sRNA105	Gene1534	0.47738
sRNA61	Gene2841	0.52296
sRNA136	Gene1516	0.54709
sRNA66	Gene479	0.47941
sRNA41	Gene392	0.51777
sRNA147	Gene959	0.56936
sRNA244	Gene2138	0.54958
sRNA215	Gene1623	0.50659
sRNA321	Gene324	0.49075
sRNA242	Gene337	0.50504
sRNA149	Gene1455	0.48049
sRNA268	Gene841	0.45712
sRNA248	Gene118	0.47818
sRNA96	Gene2290	0.47717
sRNA55	Gene1357	0.5432
sRNA103	Gene1447	0.49008
sRNA216	Gene45	0.51332
sRNA266	Gene494	0.47969
sRNA25	Gene361	0.48973
sRNA186	Gene1281	0.48632
sRNA14	Gene2415	0.56698
sRNA50	Gene21	0.48274
sRNA7	Gene2774	0.58204
sRNA60	Gene2020	0.52192
sRNA194	Gene606	0.55364
sRNA170	Gene1745	0.51131
sRNA201	Gene1525	0.49465
sRNA128	Gene2827	0.54727
sRNA112	Gene1308	0.55916
sRNA264	Gene319	0.56518
sRNA81	Gene2700	0.46552
sRNA54	Gene993	0.50696
sRNA31	Gene2835	0.45667
sRNA129	Gene1149	0.53179
sRNA66	Gene873	0.48184
sRNA214	Gene965	0.53552
sRNA104	Gene2048	0.50025
sRNA203	Gene2402	0.51868
sRNA50	Gene2521	0.50183
sRNA222	Gene2313	0.48483
sRNA218	Gene1537	0.55767
sRNA164	Gene1301	0.45807
sRNA91	Gene686	0.47023
sRNA116	Gene1134	0.54548
sRNA213	Gene2827	0.56976
sRNA26	Gene2694	0.48043
sRNA78	Gene165	0.54538
sRNA22	Gene358	0.4761
sRNA167	Gene1727	0.54888
sRNA203	Gene890	0.52527
sRNA149	Gene2041	0.50406
sRNA188	Gene603	0.56872
sRNA192	Gene2387	0.5025
sRNA241	Gene2026	0.5595
sRNA148	Gene1561	0.5391
sRNA84	Gene2399	0.51025
sRNA9	Gene1168	0.50138
sRNA186	Gene1187	0.56223
sRNA35	Gene152	0.51626
sRNA81	Gene200	0.52684
sRNA193	Gene2049	0.54172
sRNA114	Gene2397	0.56491
sRNA189	Gene1288	0.51879
sRNA254	Gene2023	0.45862
sRNA63	Gene2208	0.54319
sRNA219	Gene628	0.49926
sRNA128	Gene2129	0.53935
sRNA129	Gene362	0.57375
sRNA193	Gene1595	0.50474
sRNA68	Gene2676	0.51037
sRNA156	Gene816	0.47776
sRNA27	Gene1143	0.45921
sRNA9	Gene2068	0.50737
sRNA231	Gene1676	0.55328
sRNA60	Gene1493	0.55665
sRNA244	Gene590	0.59511
sRNA128	Gene1884	0.53816
sRNA209	Gene2762	0.60958
sRNA100	Gene1195	0.54947
sRNA75	Gene713	0.56068
sRNA112	Gene2547	0.5223
sRNA200	Gene1910	0.45766
sRNA145	Gene209	0.54416
sRNA230	Gene1776	0.46808
sRNA121	Gene834	0.50664
sRNA18	Gene2639	0.56459
sRNA33	Gene1305	0.49915
sRNA241	Gene458	0.56399
sRNA119	Gene1148	0.48097
sRNA78	Gene2186	0.51126
sRNA207	Gene2564	0.5411
sRNA85	Gene1494	0.50479
sRNA9	Gene1688	0.49062
sRNA67	Gene785	0.50285
sRNA54	Gene540	0.45999
sRNA257	Gene2012	0.49417
sRNA99	Gene2581	0.56677
sRNA232	Gene206	0.46596
sRNA130	Gene712	0.54407
sRNA178	Gene1525	0.54371
sRNA273	Gene1352	0.48417
sRNA186	Gene418	0.57907
sRNA246	Gene871	0.53905
sRNA18	Gene954	0.48432
sRNA122	Gene716	0.51806
sRNA75	Gene2550	0.4513
sRNA228	Gene1567	0.49965
sRNA49	Gene2092	0.48701
sRNA244	Gene863	0.48396
sRNA9	Gene645	0.51112
sRNA116	Gene1226	0.53748
sRNA167	Gene1632	0.56663
sRNA88	Gene1213	0.52294
sRNA35	Gene450	0.52028
sRNA192	Gene2730	0.47218
sRNA173	Gene577	0.49868
sRNA126	Gene445	0.53143
sRNA228	Gene2091	0.48583
sRNA194	Gene1609	0.5558
sRNA9	Gene954	0.46495
sRNA116	Gene869	0.51428
sRNA106	Gene2861	0.47018
sRNA138	Gene450	0.50206
sRNA60	Gene2096	0.49397
sRNA195	Gene313	0.52926
sRNA91	Gene2248	0.5166
sRNA219	Gene1701	0.45905
sRNA137	Gene1086	0.48427
sRNA49	Gene2289	0.58568
sRNA69	Gene1119	0.49714
sRNA13	Gene2548	0.49507
sRNA120	Gene2651	0.51326
sRNA192	Gene2687	0.52171
sRNA28	Gene1809	0.473
sRNA41	Gene477	0.55322
sRNA246	Gene2206	0.54109
sRNA99	Gene201	0.53025
sRNA169	Gene2286	0.53869
sRNA173	Gene2285	0.512
sRNA85	Gene327	0.49664
sRNA63	Gene1922	0.50465
sRNA122	Gene2642	0.50168
sRNA223	Gene2374	0.58862
sRNA114	Gene1863	0.53707
sRNA129	Gene1412	0.57801
sRNA241	Gene2577	0.4974
sRNA56	Gene603	0.46861
sRNA156	Gene124	0.51632
sRNA172	Gene130	0.49474
sRNA65	Gene2605	0.55191
sRNA140	Gene314	0.51179
sRNA136	Gene1795	0.52955
sRNA159	Gene1616	0.4635
sRNA65	Gene2736	0.51385
sRNA167	Gene1356	0.49474
sRNA182	Gene2422	0.50234
sRNA239	Gene680	0.49466
sRNA278	Gene2332	0.46148
sRNA50	Gene1020	0.56164
sRNA124	Gene120	0.5257
sRNA215	Gene1234	0.48184
sRNA182	Gene581	0.51991
sRNA228	Gene2567	0.54469
sRNA6	Gene473	0.55013
sRNA54	Gene1740	0.46709
sRNA255	Gene637	0.45717
sRNA317	Gene2284	0.47415
sRNA96	Gene1414	0.51679
sRNA27	Gene1280	0.44871
sRNA81	Gene1512	0.53302
sRNA241	Gene1643	0.53474
sRNA20	Gene596	0.47671
sRNA287	Gene2192	0.46734
sRNA120	Gene906	0.54381
sRNA126	Gene2642	0.51632
sRNA270	Gene181	0.48125
sRNA207	Gene2183	0.53001
sRNA246	Gene783	0.52256
sRNA158	Gene1919	0.49654
sRNA200	Gene1859	0.47994
sRNA47	Gene140	0.56313
sRNA41	Gene2787	0.55458
sRNA228	Gene571	0.49283
sRNA185	Gene1847	0.45416
sRNA144	Gene2305	0.51553
sRNA128	Gene1351	0.52731
sRNA321	Gene2050	0.45268
sRNA224	Gene2842	0.55976
sRNA114	Gene575	0.55024
sRNA167	Gene1651	0.49484
sRNA114	Gene1005	0.53412
sRNA35	Gene22	0.49968
sRNA276	Gene698	0.47698
sRNA149	Gene390	0.48692
sRNA134	Gene1340	0.53455
sRNA9	Gene2008	0.56953
sRNA141	Gene1458	0.51661
sRNA50	Gene2368	0.46871
sRNA66	Gene416	0.48735
sRNA219	Gene370	0.46419
sRNA120	Gene2726	0.51606
sRNA31	Gene333	0.49247
sRNA54	Gene2375	0.46063
sRNA21	Gene2237	0.54967
sRNA136	Gene1993	0.5358
sRNA219	Gene916	0.48435
sRNA26	Gene1213	0.51873
sRNA103	Gene1634	0.48923
sRNA116	Gene1306	0.46003
sRNA254	Gene1206	0.46304
sRNA299	Gene1858	0.51043
sRNA37	Gene867	0.5472
sRNA218	Gene2608	0.5237
sRNA246	Gene1591	0.55792
sRNA65	Gene1822	0.52293
sRNA188	Gene1991	0.51058
sRNA135	Gene1593	0.5006
sRNA281	Gene1143	0.47492
sRNA132	Gene2008	0.50287
sRNA149	Gene2821	0.48985
sRNA231	Gene1368	0.50895
sRNA91	Gene1391	0.48058
sRNA322	Gene919	0.44767
sRNA2	Gene858	0.51385
sRNA254	Gene1877	0.47387
sRNA171	Gene228	0.46616
sRNA181	Gene785	0.5376
sRNA65	Gene92	0.49199
sRNA262	Gene693	0.53001
sRNA26	Gene2752	0.47291
sRNA246	Gene2801	0.53003
sRNA136	Gene2285	0.50716
sRNA167	Gene2698	0.55447
sRNA50	Gene2403	0.53783
sRNA181	Gene2753	0.5775
sRNA114	Gene2463	0.53147
sRNA248	Gene2364	0.47568
sRNA226	Gene1843	0.49213
sRNA91	Gene2668	0.48887
sRNA9	Gene2618	0.5203
sRNA168	Gene1753	0.47791
sRNA134	Gene1809	0.52522
sRNA78	Gene33	0.55172
sRNA195	Gene1493	0.47386
sRNA9	Gene2434	0.55035
sRNA60	Gene1543	0.49422
sRNA96	Gene236	0.52006
sRNA276	Gene700	0.504
sRNA273	Gene607	0.48998
sRNA83	Gene1606	0.54936
sRNA5	Gene1546	0.48844
sRNA250	Gene1068	0.45593
sRNA107	Gene1488	0.53596
sRNA55	Gene132	0.50755
sRNA9	Gene1014	0.45358
sRNA104	Gene389	0.52847
sRNA66	Gene1512	0.48329
sRNA248	Gene2777	0.5023
sRNA9	Gene1170	0.49604
sRNA112	Gene275	0.56229
sRNA122	Gene141	0.52619
sRNA9	Gene2813	0.53247
sRNA15	Gene371	0.51596
sRNA30	Gene1375	0.49745
sRNA73	Gene791	0.44673
sRNA39	Gene1440	0.56464
sRNA100	Gene2650	0.54736
sRNA27	Gene196	0.53368
sRNA25	Gene1065	0.56917
sRNA167	Gene188	0.50849
sRNA20	Gene2852	0.53705
sRNA241	Gene942	0.5602
sRNA139	Gene801	0.49294
sRNA148	Gene1316	0.54358
sRNA53	Gene1548	0.55356
sRNA5	Gene54	0.50386
sRNA134	Gene1228	0.52702
sRNA220	Gene806	0.57539
sRNA98	Gene981	0.48631
sRNA89	Gene220	0.50621
sRNA113	Gene1707	0.52327
sRNA274	Gene637	0.45865
sRNA215	Gene878	0.54251
sRNA145	Gene2026	0.53176
sRNA178	Gene1124	0.48347
sRNA173	Gene1779	0.51491
sRNA247	Gene1743	0.44578
sRNA100	Gene296	0.58731
sRNA111	Gene2813	0.53579
sRNA219	Gene1182	0.45662
sRNA298	Gene1085	0.51224
sRNA122	Gene1007	0.54495
sRNA22	Gene449	0.55751
sRNA78	Gene1441	0.52953
sRNA41	Gene1390	0.5331
sRNA123	Gene1430	0.44556
sRNA246	Gene684	0.49761
sRNA231	Gene2388	0.54578
sRNA184	Gene2347	0.44716
sRNA175	Gene820	0.50047
sRNA246	Gene1594	0.48423
sRNA84	Gene1035	0.49832
sRNA120	Gene2597	0.53705
sRNA66	Gene2198	0.44697
sRNA239	Gene2468	0.52418
sRNA162	Gene1278	0.50842
sRNA300	Gene2512	0.44936
sRNA171	Gene2215	0.51042
sRNA84	Gene2669	0.53678
sRNA216	Gene2859	0.50741
sRNA129	Gene1125	0.55034
sRNA112	Gene2710	0.57322
sRNA155	Gene2040	0.48925
sRNA134	Gene2706	0.5658
sRNA248	Gene2342	0.45703
sRNA206	Gene1292	0.49141
sRNA25	Gene1050	0.54847
sRNA5	Gene839	0.56401
sRNA49	Gene235	0.52868
sRNA27	Gene1671	0.47681
sRNA91	Gene2322	0.45312
sRNA240	Gene2276	0.50193
sRNA9	Gene2762	0.52596
sRNA75	Gene149	0.57842
sRNA167	Gene1329	0.50421
sRNA29	Gene559	0.51361
sRNA120	Gene1488	0.55634
sRNA230	Gene622	0.45737
sRNA195	Gene872	0.50518
sRNA195	Gene1056	0.49548
sRNA258	Gene818	0.45965
sRNA167	Gene1732	0.45967
sRNA122	Gene2695	0.4965
sRNA135	Gene1462	0.5277
sRNA192	Gene1973	0.49087
sRNA18	Gene2152	0.57294
sRNA18	Gene2316	0.54984
sRNA145	Gene267	0.55872
sRNA116	Gene803	0.49213
sRNA152	Gene288	0.49452
sRNA278	Gene2613	0.47349
sRNA215	Gene44	0.50911
sRNA215	Gene260	0.55405
sRNA268	Gene1703	0.46376
sRNA80	Gene2193	0.50542
sRNA36	Gene1112	0.56648
sRNA2	Gene1086	0.57659
sRNA156	Gene2152	0.59776
sRNA68	Gene720	0.49323
sRNA41	Gene300	0.58084
sRNA215	Gene2546	0.462
sRNA192	Gene1295	0.45209
sRNA172	Gene2795	0.49982
sRNA167	Gene818	0.48958
sRNA18	Gene2849	0.48474
sRNA100	Gene620	0.56352
sRNA22	Gene481	0.4812
sRNA119	Gene879	0.5297
sRNA238	Gene665	0.49504
sRNA136	Gene1248	0.53159
sRNA167	Gene1487	0.5316
sRNA247	Gene94	0.50045
sRNA106	Gene1688	0.49839
sRNA62	Gene2852	0.46261
sRNA171	Gene847	0.51067
sRNA248	Gene121	0.45904
sRNA34	Gene1148	0.45379
sRNA29	Gene1045	0.5604
sRNA104	Gene805	0.52679
sRNA276	Gene444	0.5062
sRNA246	Gene2007	0.5229
sRNA247	Gene247	0.48385
sRNA61	Gene924	0.54023
sRNA12	Gene570	0.56294
sRNA257	Gene255	0.52417
sRNA270	Gene2485	0.48007
sRNA56	Gene538	0.50152
sRNA9	Gene598	0.49124
sRNA215	Gene1662	0.50307
sRNA181	Gene1856	0.5391
sRNA42	Gene2673	0.5742
sRNA41	Gene732	0.55277
sRNA9	Gene653	0.50733
sRNA178	Gene2812	0.51441
sRNA195	Gene173	0.49129
sRNA79	Gene2164	0.52792
sRNA137	Gene1710	0.45846
sRNA195	Gene276	0.45329
sRNA158	Gene1030	0.5366
sRNA246	Gene375	0.47385
sRNA286	Gene2195	0.47617
sRNA85	Gene482	0.51162
sRNA49	Gene2154	0.5629
sRNA114	Gene1862	0.54047
sRNA89	Gene2639	0.48926
sRNA175	Gene2157	0.51342
sRNA15	Gene528	0.52385
sRNA239	Gene50	0.50199
sRNA144	Gene1173	0.48648
sRNA51	Gene968	0.57135
sRNA136	Gene1616	0.53456
sRNA273	Gene2376	0.4681
sRNA215	Gene679	0.46661
sRNA96	Gene738	0.47845
sRNA22	Gene888	0.4753
sRNA203	Gene2790	0.49177
sRNA109	Gene1477	0.54569
sRNA122	Gene1595	0.53668
sRNA69	Gene830	0.48057
sRNA134	Gene2714	0.55253
sRNA188	Gene452	0.54332
sRNA194	Gene860	0.57951
sRNA76	Gene864	0.5782
sRNA44	Gene344	0.49055
sRNA49	Gene200	0.57911
sRNA144	Gene2747	0.49679
sRNA189	Gene315	0.50353
sRNA92	Gene2252	0.52907
sRNA115	Gene2247	0.4766
sRNA120	Gene1788	0.55212
sRNA206	Gene582	0.51033
sRNA203	Gene2714	0.50423
sRNA89	Gene1354	0.50747
sRNA43	Gene450	0.50578
sRNA188	Gene2251	0.52443
sRNA241	Gene322	0.54828
sRNA220	Gene2700	0.51814
sRNA200	Gene1087	0.50755
sRNA6	Gene641	0.57524
sRNA158	Gene987	0.53813
sRNA119	Gene2753	0.54329
sRNA29	Gene514	0.52838
sRNA193	Gene2069	0.51985
sRNA190	Gene2330	0.54736
sRNA310	Gene2405	0.54426
sRNA215	Gene165	0.54193
sRNA26	Gene666	0.53987
sRNA104	Gene491	0.53681
sRNA194	Gene2395	0.54309
sRNA81	Gene1712	0.49246
sRNA253	Gene1187	0.54674
sRNA9	Gene2824	0.45819
sRNA236	Gene2355	0.5807
sRNA5	Gene1548	0.52998
sRNA15	Gene2206	0.50764
sRNA22	Gene2215	0.45803
sRNA23	Gene1539	0.49978
sRNA119	Gene1669	0.5481
sRNA20	Gene590	0.56157
sRNA168	Gene1517	0.50026
sRNA22	Gene238	0.48742
sRNA92	Gene2069	0.47692
sRNA203	Gene1528	0.48137
sRNA58	Gene105	0.49979
sRNA273	Gene2422	0.46379
sRNA96	Gene1146	0.50215
sRNA92	Gene537	0.4865
sRNA156	Gene2340	0.55203
sRNA208	Gene1019	0.49485
sRNA69	Gene2065	0.46241
sRNA9	Gene2307	0.50989
sRNA52	Gene1442	0.54002
sRNA26	Gene1069	0.56229
sRNA99	Gene2622	0.55377
sRNA246	Gene1034	0.48173
sRNA203	Gene1977	0.5072
sRNA21	Gene918	0.56835
sRNA273	Gene1061	0.47117
sRNA9	Gene1450	0.45352
sRNA134	Gene2266	0.55358
sRNA55	Gene2022	0.51582
sRNA268	Gene308	0.49883
sRNA100	Gene1047	0.56645
sRNA9	Gene1708	0.53309
sRNA171	Gene904	0.50107
sRNA192	Gene2322	0.49616
sRNA84	Gene1673	0.5025
sRNA212	Gene53	0.49431
sRNA159	Gene194	0.54826
sRNA68	Gene496	0.48679
sRNA84	Gene557	0.59574
sRNA180	Gene1498	0.53861
sRNA239	Gene2066	0.45136
sRNA9	Gene1981	0.47087
sRNA276	Gene2556	0.50311
sRNA191	Gene1809	0.51681
sRNA84	Gene2165	0.50996
sRNA78	Gene2029	0.45995
sRNA192	Gene782	0.52312
sRNA270	Gene2851	0.47058
sRNA217	Gene2160	0.47832
sRNA60	Gene1012	0.51666
sRNA241	Gene684	0.55672
sRNA57	Gene2113	0.49043
sRNA241	Gene971	0.54678
sRNA276	Gene2184	0.51039
sRNA5	Gene1122	0.53721
sRNA213	Gene2824	0.50533
sRNA9	Gene1521	0.54788
sRNA181	Gene2682	0.58913
sRNA246	Gene2208	0.58959
sRNA3	Gene802	0.46556
sRNA9	Gene808	0.50508
sRNA120	Gene91	0.5473
sRNA194	Gene1426	0.53727
sRNA100	Gene940	0.57815
sRNA219	Gene2394	0.49234
sRNA101	Gene349	0.53371
sRNA109	Gene2301	0.52366
sRNA216	Gene1269	0.48391
sRNA18	Gene1311	0.51334
sRNA13	Gene2331	0.52
sRNA4	Gene1392	0.47462
sRNA24	Gene2258	0.4577
sRNA254	Gene2795	0.48593
sRNA73	Gene1853	0.47984
sRNA264	Gene1904	0.52744
sRNA65	Gene2198	0.55869
sRNA52	Gene1900	0.57822
sRNA9	Gene433	0.49831
sRNA23	Gene1043	0.49264
sRNA20	Gene2826	0.55543
sRNA152	Gene458	0.51074
sRNA267	Gene2817	0.47127
sRNA115	Gene1644	0.52407
sRNA119	Gene851	0.5274
sRNA52	Gene678	0.56333
sRNA136	Gene2678	0.52909
sRNA311	Gene453	0.50662
sRNA165	Gene1125	0.45492
sRNA12	Gene2270	0.52622
sRNA5	Gene1947	0.47973
sRNA240	Gene1622	0.53581
sRNA230	Gene262	0.48294
sRNA105	Gene2185	0.50988
sRNA193	Gene2322	0.5028
sRNA66	Gene486	0.47565
sRNA181	Gene789	0.57105
sRNA228	Gene2833	0.52078
sRNA117	Gene1854	0.51245
sRNA106	Gene803	0.49341
sRNA108	Gene2198	0.51726
sRNA66	Gene2746	0.48138
sRNA75	Gene1920	0.52885
sRNA105	Gene259	0.4769
sRNA204	Gene1640	0.48352
sRNA200	Gene2352	0.45838
sRNA137	Gene2199	0.4737
sRNA273	Gene65	0.46696
sRNA262	Gene492	0.58684
sRNA273	Gene1511	0.4924
sRNA178	Gene1268	0.53626
sRNA22	Gene2229	0.4617
sRNA105	Gene2532	0.49563
sRNA163	Gene2276	0.48913
sRNA9	Gene2665	0.54524
sRNA149	Gene1036	0.50341
sRNA60	Gene531	0.49397
sRNA9	Gene860	0.52825
sRNA112	Gene375	0.56248
sRNA230	Gene1605	0.45015
sRNA119	Gene1788	0.52097
sRNA134	Gene859	0.57818
sRNA20	Gene621	0.51738
sRNA21	Gene2436	0.50983
sRNA215	Gene842	0.44777
sRNA203	Gene1795	0.48367
sRNA149	Gene806	0.47808
sRNA61	Gene2853	0.52109
sRNA203	Gene499	0.54374
sRNA112	Gene677	0.60571
sRNA285	Gene959	0.4841
sRNA3	Gene2171	0.55741
sRNA21	Gene3	0.52087
sRNA100	Gene451	0.55218
sRNA105	Gene332	0.45583
sRNA119	Gene171	0.53726
sRNA274	Gene575	0.49064
sRNA179	Gene1851	0.50579
sRNA241	Gene451	0.52714
sRNA13	Gene2021	0.46598
sRNA231	Gene2123	0.49494
sRNA204	Gene1525	0.51045
sRNA75	Gene890	0.54419
sRNA120	Gene2254	0.54359
sRNA135	Gene1650	0.45851
sRNA20	Gene1107	0.54741
sRNA49	Gene1046	0.51269
sRNA134	Gene1802	0.54336
sRNA187	Gene1511	0.54946
sRNA55	Gene997	0.56586
sRNA244	Gene620	0.51005
sRNA194	Gene2719	0.56576
sRNA290	Gene203	0.48404
sRNA21	Gene765	0.49275
sRNA39	Gene451	0.56121
sRNA204	Gene2032	0.51991
sRNA206	Gene1839	0.49385
sRNA14	Gene1554	0.47123
sRNA110	Gene1274	0.555
sRNA63	Gene2169	0.52838
sRNA194	Gene440	0.54656
sRNA254	Gene2607	0.44884
sRNA192	Gene1480	0.52577
sRNA41	Gene2181	0.5253
sRNA149	Gene1153	0.48901
sRNA182	Gene1272	0.50337
sRNA103	Gene2164	0.50887
sRNA203	Gene641	0.54855
sRNA215	Gene2119	0.54386
sRNA241	Gene367	0.56402
sRNA167	Gene1298	0.48598
sRNA39	Gene2186	0.5676
sRNA189	Gene1587	0.5223
sRNA299	Gene1516	0.54666
sRNA39	Gene1400	0.54098
sRNA236	Gene2495	0.55209
sRNA39	Gene864	0.50326
sRNA88	Gene2394	0.54751
sRNA192	Gene2238	0.51236
sRNA17	Gene21	0.5575
sRNA41	Gene1575	0.5758
sRNA241	Gene2639	0.51455
sRNA91	Gene563	0.49853
sRNA31	Gene653	0.46321
sRNA252	Gene792	0.45879
sRNA156	Gene1647	0.48885
sRNA3	Gene1291	0.48393
sRNA1	Gene2445	0.48577
sRNA120	Gene1454	0.56451
sRNA49	Gene651	0.52431
sRNA67	Gene1183	0.52312
sRNA122	Gene776	0.52297
sRNA215	Gene2024	0.51737
sRNA105	Gene2763	0.49994
sRNA159	Gene1446	0.5558
sRNA264	Gene2490	0.4812
sRNA248	Gene2681	0.49944
sRNA216	Gene1918	0.49185
sRNA171	Gene2146	0.51619
sRNA78	Gene2794	0.5303
sRNA45	Gene1103	0.59043
sRNA28	Gene32	0.49322
sRNA21	Gene1745	0.53508
sRNA143	Gene791	0.56008
sRNA23	Gene509	0.5003
sRNA44	Gene2259	0.46873
sRNA55	Gene1914	0.52627
sRNA136	Gene1316	0.54215
sRNA235	Gene2167	0.53101
sRNA123	Gene2318	0.48581
sRNA241	Gene2736	0.54486
sRNA230	Gene1136	0.50115
sRNA78	Gene1356	0.52457
sRNA273	Gene506	0.49941
sRNA287	Gene1255	0.47984
sRNA105	Gene2278	0.50481
sRNA156	Gene779	0.48978
sRNA122	Gene2711	0.48222
sRNA215	Gene146	0.4769
sRNA50	Gene1649	0.5445
sRNA206	Gene2768	0.5166
sRNA9	Gene18	0.45957
sRNA15	Gene591	0.53138
sRNA41	Gene2662	0.54121
sRNA217	Gene2233	0.485
sRNA333	Gene231	0.458
sRNA126	Gene1607	0.55027
sRNA136	Gene363	0.47823
sRNA23	Gene2476	0.49388
sRNA9	Gene1085	0.46047
sRNA17	Gene2833	0.52455
sRNA215	Gene1963	0.51834
sRNA206	Gene1612	0.50017
sRNA68	Gene2152	0.53662
sRNA203	Gene287	0.54469
sRNA27	Gene1685	0.45922
sRNA137	Gene888	0.45872
sRNA50	Gene1293	0.55801
sRNA180	Gene2109	0.49958
sRNA205	Gene1156	0.4726
sRNA51	Gene325	0.56693
sRNA119	Gene218	0.53556
sRNA5	Gene1099	0.55131
sRNA100	Gene1364	0.52766
sRNA85	Gene857	0.48601
sRNA170	Gene2318	0.48875
sRNA192	Gene2089	0.51233
sRNA42	Gene1305	0.57418
sRNA241	Gene1581	0.53968
sRNA13	Gene2623	0.51744
sRNA239	Gene606	0.51276
sRNA132	Gene2584	0.48325
sRNA9	Gene293	0.53716
sRNA149	Gene120	0.48613
sRNA50	Gene2263	0.45343
sRNA292	Gene1137	0.49039
sRNA5	Gene1031	0.49284
sRNA105	Gene2646	0.46897
sRNA192	Gene1988	0.50622
sRNA120	Gene1876	0.54057
sRNA84	Gene1653	0.51235
sRNA102	Gene1086	0.53461
sRNA194	Gene2075	0.53508
sRNA203	Gene570	0.51404
sRNA137	Gene2097	0.49295
sRNA14	Gene1971	0.53995
sRNA73	Gene477	0.46394
sRNA246	Gene519	0.53133
sRNA161	Gene348	0.53855
sRNA3	Gene2469	0.46137
sRNA50	Gene2123	0.49541
sRNA55	Gene1609	0.58257
sRNA9	Gene1547	0.58105
sRNA216	Gene1306	0.46792
sRNA114	Gene1007	0.5252
sRNA31	Gene826	0.45386
sRNA173	Gene1428	0.50647
sRNA68	Gene270	0.50369
sRNA262	Gene2503	0.49519
sRNA234	Gene82	0.5727
sRNA206	Gene1942	0.52329
sRNA287	Gene1902	0.51447
sRNA5	Gene1943	0.46904
sRNA129	Gene2339	0.54776
sRNA61	Gene142	0.56366
sRNA249	Gene2592	0.49002
sRNA171	Gene190	0.4862
sRNA9	Gene2101	0.51479
sRNA158	Gene390	0.53048
sRNA25	Gene1968	0.50173
sRNA181	Gene1822	0.56528
sRNA50	Gene49	0.47121
sRNA273	Gene369	0.45187
sRNA41	Gene777	0.57995
sRNA118	Gene51	0.51765
sRNA201	Gene1317	0.48625
sRNA9	Gene2178	0.55663
sRNA142	Gene2206	0.57309
sRNA5	Gene1701	0.47151
sRNA102	Gene503	0.50975
sRNA262	Gene1480	0.53722
sRNA276	Gene2327	0.51002
sRNA120	Gene1469	0.55482
sRNA57	Gene544	0.4907
sRNA174	Gene2378	0.52993
sRNA39	Gene2061	0.56304
sRNA61	Gene2536	0.52755
sRNA246	Gene2768	0.52067
sRNA122	Gene1252	0.50339
sRNA193	Gene2842	0.50752
sRNA132	Gene2543	0.47417
sRNA121	Gene1977	0.44556
sRNA182	Gene1812	0.50848
sRNA116	Gene1601	0.50777
sRNA192	Gene2572	0.53129
sRNA136	Gene2361	0.55599
sRNA189	Gene1838	0.50652
sRNA292	Gene877	0.49331
sRNA5	Gene1362	0.50581
sRNA186	Gene521	0.62571
sRNA120	Gene2591	0.56257
sRNA149	Gene2496	0.48495
sRNA121	Gene197	0.46237
sRNA132	Gene402	0.5018
sRNA192	Gene2842	0.46048
sRNA237	Gene2496	0.47241
sRNA44	Gene2822	0.4892
sRNA195	Gene202	0.53268
sRNA22	Gene1622	0.45199
sRNA75	Gene462	0.50702
sRNA4	Gene2636	0.52883
sRNA194	Gene2674	0.52551
sRNA156	Gene1632	0.5433
sRNA21	Gene1223	0.52428
sRNA120	Gene217	0.53011
sRNA186	Gene720	0.58139
sRNA122	Gene466	0.55717
sRNA49	Gene1251	0.52666
sRNA181	Gene1871	0.48314
sRNA186	Gene118	0.57553
sRNA9	Gene745	0.5034
sRNA91	Gene2737	0.46741
sRNA22	Gene2196	0.46462
sRNA171	Gene381	0.50419
sRNA228	Gene166	0.48931
sRNA120	Gene2127	0.54695
sRNA292	Gene650	0.49048
sRNA219	Gene1807	0.47531
sRNA21	Gene1645	0.49764
sRNA241	Gene1784	0.56507
sRNA116	Gene2640	0.53361
sRNA188	Gene2254	0.51623
sRNA191	Gene2085	0.57257
sRNA85	Gene229	0.49688
sRNA206	Gene2516	0.51167
sRNA5	Gene63	0.5078
sRNA55	Gene1290	0.49232
sRNA3	Gene119	0.52769
sRNA27	Gene245	0.49163
sRNA18	Gene2164	0.51849
sRNA21	Gene2422	0.58266
sRNA291	Gene601	0.48702
sRNA240	Gene65	0.58345
sRNA194	Gene2628	0.55582
sRNA218	Gene2227	0.52252
sRNA4	Gene1380	0.45095
sRNA9	Gene1829	0.44954
sRNA61	Gene970	0.55399
sRNA78	Gene1753	0.54823
sRNA241	Gene1557	0.56033
sRNA115	Gene1280	0.5241
sRNA246	Gene1029	0.5419
sRNA159	Gene913	0.57073
sRNA230	Gene2749	0.51397
sRNA24	Gene980	0.45674
sRNA286	Gene1137	0.47838
sRNA230	Gene915	0.51447
sRNA229	Gene1785	0.52516
sRNA230	Gene1555	0.48784
sRNA91	Gene1575	0.48344
sRNA201	Gene2711	0.50018
sRNA82	Gene2279	0.52175
sRNA31	Gene2524	0.4772
sRNA26	Gene835	0.53046
sRNA121	Gene203	0.45308
sRNA81	Gene2124	0.55264
sRNA188	Gene1697	0.5015
sRNA230	Gene1711	0.46703
sRNA258	Gene304	0.47775
sRNA54	Gene617	0.44795
sRNA134	Gene1679	0.53955
sRNA132	Gene959	0.48901
sRNA298	Gene312	0.51222
sRNA50	Gene1836	0.529
sRNA161	Gene1965	0.52553
sRNA262	Gene2237	0.57937
sRNA5	Gene2770	0.4983
sRNA144	Gene2337	0.52516
sRNA148	Gene992	0.50602
sRNA50	Gene2696	0.5506
sRNA65	Gene2382	0.55767
sRNA91	Gene848	0.4847
sRNA239	Gene694	0.49496
sRNA219	Gene2865	0.48553
sRNA21	Gene2054	0.50397
sRNA55	Gene1291	0.51791
sRNA21	Gene474	0.54562
sRNA45	Gene1197	0.49143
sRNA55	Gene2597	0.56399
sRNA120	Gene1637	0.5152
sRNA178	Gene2037	0.49968
sRNA22	Gene1456	0.44975
sRNA21	Gene806	0.49843
sRNA203	Gene2655	0.48885
sRNA194	Gene2644	0.55896
sRNA75	Gene1450	0.46648
sRNA173	Gene1929	0.49767
sRNA149	Gene1114	0.49707
sRNA61	Gene1127	0.51606
sRNA270	Gene2375	0.4473
sRNA136	Gene1486	0.51288
sRNA215	Gene1849	0.49517
sRNA134	Gene2601	0.57449
sRNA136	Gene287	0.5044
sRNA241	Gene2467	0.54435
sRNA5	Gene1500	0.47465
sRNA145	Gene2303	0.49935
sRNA231	Gene2283	0.47722
sRNA31	Gene775	0.48807
sRNA271	Gene969	0.49152
sRNA143	Gene2807	0.54049
sRNA122	Gene647	0.51313
sRNA20	Gene40	0.54877
sRNA282	Gene780	0.46326
sRNA57	Gene318	0.5183
sRNA76	Gene169	0.56982
sRNA35	Gene2165	0.53542
sRNA81	Gene1550	0.49539
sRNA35	Gene35	0.53099
sRNA173	Gene2859	0.55129
sRNA171	Gene1296	0.50915
sRNA27	Gene352	0.49022
sRNA41	Gene620	0.57785
sRNA82	Gene1266	0.52376
sRNA60	Gene2085	0.57896
sRNA194	Gene394	0.56739
sRNA192	Gene1656	0.49047
sRNA270	Gene2783	0.46271
sRNA168	Gene1838	0.45818
sRNA91	Gene2653	0.48006
sRNA57	Gene148	0.47293
sRNA208	Gene1596	0.48418
sRNA286	Gene2118	0.48668
sRNA54	Gene29	0.50548
sRNA171	Gene2114	0.4865
sRNA105	Gene1065	0.48009
sRNA155	Gene439	0.45593
sRNA15	Gene1247	0.5434
sRNA249	Gene800	0.49407
sRNA55	Gene1364	0.50946
sRNA96	Gene2374	0.4774
sRNA146	Gene1415	0.49754
sRNA84	Gene1927	0.49632
sRNA173	Gene1794	0.48247
sRNA241	Gene1167	0.52795
sRNA201	Gene2355	0.5088
sRNA276	Gene984	0.51237
sRNA91	Gene1895	0.50359
sRNA4	Gene844	0.48649
sRNA55	Gene62	0.55525
sRNA96	Gene418	0.52127
sRNA137	Gene997	0.48085
sRNA276	Gene654	0.54092
sRNA74	Gene513	0.52539
sRNA96	Gene900	0.48957
sRNA273	Gene2183	0.48132
sRNA118	Gene1890	0.51287
sRNA149	Gene617	0.51491
sRNA50	Gene2786	0.4985
sRNA45	Gene1079	0.60272
sRNA141	Gene1498	0.55217
sRNA57	Gene1270	0.50413
sRNA33	Gene515	0.53324
sRNA111	Gene1263	0.54829
sRNA9	Gene2191	0.47358
sRNA262	Gene845	0.58746
sRNA66	Gene610	0.45955
sRNA246	Gene1381	0.56953
sRNA213	Gene2141	0.5039
sRNA192	Gene1519	0.47749
sRNA84	Gene1434	0.52614
sRNA148	Gene1349	0.49254
sRNA88	Gene2769	0.53143
sRNA144	Gene1362	0.54103
sRNA276	Gene1812	0.53226
sRNA121	Gene1381	0.56228
sRNA75	Gene1048	0.54962
sRNA186	Gene2795	0.5459
sRNA51	Gene679	0.5947
sRNA9	Gene1282	0.52341
sRNA44	Gene2676	0.48669
sRNA144	Gene2631	0.55548
sRNA300	Gene2597	0.4459
sRNA193	Gene880	0.52037
sRNA100	Gene437	0.59416
sRNA72	Gene2046	0.52837
sRNA255	Gene1063	0.48888
sRNA278	Gene537	0.44903
sRNA9	Gene1252	0.53245
sRNA50	Gene2012	0.46364
sRNA86	Gene1512	0.57865
sRNA246	Gene1304	0.51254
sRNA286	Gene2722	0.4811
sRNA246	Gene1715	0.48234
sRNA216	Gene1590	0.49821
sRNA264	Gene453	0.5096
sRNA122	Gene51	0.45371
sRNA195	Gene1836	0.4781
sRNA144	Gene2182	0.53951
sRNA120	Gene1138	0.56821
sRNA17	Gene1159	0.54694
sRNA168	Gene2302	0.48758
sRNA271	Gene519	0.50171
sRNA15	Gene1323	0.55666
sRNA137	Gene1838	0.48129
sRNA39	Gene1889	0.57784
sRNA84	Gene2050	0.50087
sRNA22	Gene2488	0.45902
sRNA44	Gene994	0.49085
sRNA253	Gene2737	0.53333
sRNA257	Gene859	0.48199
sRNA122	Gene2797	0.47701
sRNA24	Gene605	0.51917
sRNA21	Gene2836	0.48841
sRNA26	Gene1610	0.52058
sRNA100	Gene1315	0.57996
sRNA241	Gene2555	0.52591
sRNA186	Gene1012	0.57896
sRNA25	Gene2848	0.47445
sRNA137	Gene1228	0.49852
sRNA69	Gene2532	0.53104
sRNA274	Gene1389	0.45348
sRNA73	Gene1087	0.47484
sRNA273	Gene2580	0.50719
sRNA55	Gene1761	0.54114
sRNA80	Gene981	0.50156
sRNA171	Gene2383	0.501
sRNA26	Gene1303	0.49588
sRNA244	Gene2271	0.52672
sRNA99	Gene2743	0.55563
sRNA246	Gene2148	0.51389
sRNA74	Gene716	0.51171
sRNA9	Gene300	0.59398
sRNA24	Gene574	0.49675
sRNA31	Gene288	0.46241
sRNA49	Gene2261	0.48608
sRNA88	Gene2049	0.51668
sRNA230	Gene1595	0.49318
sRNA228	Gene1685	0.51819
sRNA99	Gene2611	0.50536
sRNA105	Gene2538	0.52669
sRNA84	Gene2072	0.53909
sRNA27	Gene228	0.49768
sRNA52	Gene1350	0.56045
sRNA23	Gene1708	0.47473
sRNA6	Gene1596	0.48085
sRNA167	Gene1631	0.56128
sRNA7	Gene2624	0.56572
sRNA99	Gene2463	0.54054
sRNA26	Gene2701	0.47105
sRNA128	Gene288	0.55896
sRNA173	Gene2556	0.52487
sRNA192	Gene10	0.57688
sRNA9	Gene1641	0.48594
sRNA254	Gene1724	0.4567
sRNA96	Gene1315	0.526
sRNA69	Gene602	0.46132
sRNA88	Gene38	0.53539
sRNA5	Gene346	0.47477
sRNA241	Gene1999	0.55804
sRNA29	Gene1495	0.51543
sRNA219	Gene2471	0.49677
sRNA273	Gene2211	0.4571
sRNA286	Gene1660	0.47476
sRNA19	Gene2164	0.56805
sRNA83	Gene532	0.55883
sRNA126	Gene1809	0.53876
sRNA84	Gene287	0.5451
sRNA91	Gene2479	0.50587
sRNA262	Gene341	0.50212
sRNA26	Gene1407	0.51737
sRNA5	Gene742	0.53299
sRNA130	Gene1829	0.5128
sRNA192	Gene1572	0.50965
sRNA168	Gene1396	0.49008
sRNA156	Gene2250	0.56274
sRNA52	Gene1072	0.57502
sRNA98	Gene1080	0.53845
sRNA104	Gene1528	0.46893
sRNA210	Gene2546	0.46684
sRNA201	Gene1753	0.51523
sRNA45	Gene816	0.53023
sRNA91	Gene155	0.49346
sRNA103	Gene1708	0.49808
sRNA282	Gene1956	0.49155
sRNA203	Gene1849	0.51399
sRNA107	Gene450	0.53052
sRNA238	Gene6	0.48516
sRNA248	Gene1562	0.46956
sRNA162	Gene1855	0.50219
sRNA60	Gene858	0.51557
sRNA241	Gene581	0.5497
sRNA274	Gene2298	0.45054
sRNA91	Gene1038	0.5033
sRNA49	Gene2649	0.54117
sRNA75	Gene18	0.50525
sRNA9	Gene2322	0.49354
sRNA278	Gene332	0.48896
sRNA195	Gene2294	0.45774
sRNA99	Gene2742	0.5383
sRNA134	Gene1321	0.53581
sRNA137	Gene881	0.46804
sRNA54	Gene68	0.48184
sRNA246	Gene2240	0.50484
sRNA105	Gene1762	0.49533
sRNA192	Gene55	0.51231
sRNA144	Gene2812	0.48931
sRNA241	Gene1214	0.52547
sRNA114	Gene237	0.50462
sRNA52	Gene387	0.48367
sRNA45	Gene770	0.49739
sRNA275	Gene1017	0.50624
sRNA215	Gene1758	0.53601
sRNA151	Gene2697	0.51886
sRNA194	Gene362	0.55362
sRNA230	Gene564	0.4715
sRNA159	Gene2027	0.51883
sRNA156	Gene1791	0.51719
sRNA195	Gene565	0.51717
sRNA146	Gene762	0.48065
sRNA203	Gene2595	0.53011
sRNA143	Gene2860	0.53381
sRNA100	Gene1188	0.58241
sRNA22	Gene1102	0.52866
sRNA248	Gene177	0.51844
sRNA61	Gene1116	0.56235
sRNA95	Gene1484	0.57011
sRNA252	Gene2636	0.46477
sRNA286	Gene1174	0.45197
sRNA50	Gene66	0.45164
sRNA114	Gene633	0.52802
sRNA110	Gene2784	0.55424
sRNA61	Gene1604	0.49683
sRNA9	Gene1315	0.51824
sRNA266	Gene1183	0.44793
sRNA168	Gene1920	0.46511
sRNA52	Gene1450	0.57008
sRNA3	Gene1385	0.53284
sRNA145	Gene2149	0.52835
sRNA21	Gene43	0.51513
sRNA160	Gene1062	0.54459
sRNA262	Gene781	0.55491
sRNA262	Gene2071	0.5925
sRNA266	Gene472	0.44804
sRNA226	Gene2082	0.55747
sRNA50	Gene678	0.49028
sRNA9	Gene1229	0.5618
sRNA50	Gene1848	0.52349
sRNA114	Gene2478	0.57589
sRNA276	Gene889	0.53759
sRNA9	Gene1705	0.46311
sRNA22	Gene547	0.52506
sRNA27	Gene1727	0.47617
sRNA60	Gene2809	0.52802
sRNA215	Gene2192	0.48719
sRNA22	Gene2087	0.50719
sRNA241	Gene57	0.55112
sRNA114	Gene2814	0.59116
sRNA114	Gene695	0.51368
sRNA44	Gene1082	0.47052
sRNA14	Gene2316	0.56316
sRNA149	Gene651	0.48239
sRNA216	Gene2769	0.48791
sRNA41	Gene1346	0.52558
sRNA230	Gene861	0.46599
sRNA49	Gene2328	0.56054
sRNA45	Gene2197	0.57872
sRNA130	Gene2138	0.57655
sRNA256	Gene1582	0.44996
sRNA120	Gene18	0.552
sRNA17	Gene719	0.49795
sRNA14	Gene2400	0.55417
sRNA61	Gene291	0.52551
sRNA73	Gene728	0.49454
sRNA260	Gene1281	0.50198
sRNA168	Gene752	0.46231
sRNA228	Gene1684	0.51339
sRNA134	Gene2545	0.56347
sRNA114	Gene228	0.51031
sRNA194	Gene2168	0.56344
sRNA230	Gene344	0.50322
sRNA39	Gene792	0.53714
sRNA236	Gene1987	0.5583
sRNA149	Gene2789	0.47439
sRNA264	Gene2168	0.50192
sRNA119	Gene619	0.50485
sRNA102	Gene1830	0.50997
sRNA126	Gene2514	0.50963
sRNA22	Gene679	0.46882
sRNA57	Gene691	0.51557
sRNA14	Gene1125	0.54777
sRNA148	Gene1399	0.54186
sRNA96	Gene485	0.50833
sRNA21	Gene549	0.55263
sRNA215	Gene214	0.48186
sRNA78	Gene2230	0.51881
sRNA4	Gene2811	0.48496
sRNA175	Gene2793	0.51666
sRNA182	Gene915	0.52098
sRNA167	Gene1828	0.4914
sRNA114	Gene497	0.52919
sRNA276	Gene1797	0.5257
sRNA168	Gene2573	0.50558
sRNA68	Gene955	0.50492
sRNA285	Gene2261	0.44716
sRNA114	Gene1554	0.54896
sRNA204	Gene2682	0.53799
sRNA88	Gene1385	0.55399
sRNA3	Gene2326	0.46601
sRNA194	Gene2042	0.56764
sRNA22	Gene130	0.4469
sRNA246	Gene1292	0.47995
sRNA21	Gene2783	0.51673
sRNA102	Gene2769	0.45104
sRNA35	Gene330	0.53548
sRNA134	Gene2324	0.53763
sRNA4	Gene678	0.5071
sRNA194	Gene2043	0.54381
sRNA91	Gene1530	0.49168
sRNA144	Gene1270	0.48545
sRNA172	Gene1082	0.53801
sRNA12	Gene1589	0.53046
sRNA79	Gene168	0.50548
sRNA203	Gene1731	0.5147
sRNA104	Gene618	0.47809
sRNA143	Gene2171	0.57656
sRNA132	Gene997	0.48859
sRNA173	Gene2046	0.4706
sRNA115	Gene897	0.53568
sRNA50	Gene1711	0.49756
sRNA246	Gene1067	0.47872
sRNA114	Gene785	0.51843
sRNA134	Gene901	0.54206
sRNA215	Gene2196	0.52486
sRNA215	Gene761	0.54668
sRNA55	Gene344	0.57088
sRNA18	Gene1826	0.57377
sRNA149	Gene2461	0.47618
sRNA33	Gene2809	0.49233
sRNA109	Gene1431	0.5396
sRNA273	Gene2488	0.45757
sRNA161	Gene2273	0.5219
sRNA62	Gene1306	0.45522
sRNA148	Gene671	0.49081
sRNA195	Gene651	0.50585
sRNA55	Gene13	0.56568
sRNA100	Gene1169	0.56343
sRNA15	Gene1648	0.52529
sRNA22	Gene1635	0.46629
sRNA80	Gene791	0.48261
sRNA249	Gene102	0.45204
sRNA246	Gene1145	0.56201
sRNA215	Gene2509	0.51917
sRNA137	Gene1680	0.45684
sRNA161	Gene505	0.51421
sRNA204	Gene1749	0.53763
sRNA21	Gene1917	0.55627
sRNA201	Gene1448	0.44907
sRNA276	Gene645	0.50054
sRNA65	Gene2276	0.49736
sRNA14	Gene1753	0.54738
sRNA254	Gene1608	0.45654
sRNA78	Gene491	0.53463
sRNA192	Gene1105	0.47945
sRNA194	Gene1301	0.50538
sRNA158	Gene155	0.49187
sRNA186	Gene2536	0.54105
sRNA100	Gene1270	0.51408
sRNA270	Gene2361	0.45189
sRNA57	Gene351	0.4823
sRNA194	Gene2729	0.51287
sRNA145	Gene1008	0.53732
sRNA5	Gene2828	0.50974
sRNA5	Gene1494	0.51115
sRNA231	Gene555	0.518
sRNA28	Gene218	0.49205
sRNA9	Gene2598	0.47508
sRNA286	Gene885	0.49329
sRNA83	Gene1459	0.50999
sRNA123	Gene1817	0.47693
sRNA219	Gene1226	0.49281
sRNA57	Gene1828	0.47794
sRNA276	Gene1183	0.53496
sRNA66	Gene1144	0.46909
sRNA105	Gene1091	0.5029
sRNA194	Gene934	0.53856
sRNA68	Gene2848	0.4505
sRNA78	Gene2686	0.53543
sRNA2	Gene2316	0.55467
sRNA197	Gene2807	0.51183
sRNA276	Gene2203	0.46602
sRNA141	Gene1579	0.53856
sRNA208	Gene2618	0.46071
sRNA286	Gene1316	0.48132
sRNA65	Gene798	0.56055
sRNA65	Gene1211	0.52483
sRNA50	Gene2824	0.46112
sRNA254	Gene483	0.47352
sRNA281	Gene131	0.45262
sRNA80	Gene1016	0.51443
sRNA102	Gene1119	0.51635
sRNA1	Gene1078	0.49475
sRNA22	Gene1909	0.47
sRNA9	Gene2242	0.46887
sRNA119	Gene280	0.50338
sRNA156	Gene1974	0.54228
sRNA195	Gene170	0.51021
sRNA5	Gene426	0.54687
sRNA270	Gene294	0.52849
sRNA49	Gene1189	0.53844
sRNA83	Gene2621	0.54977
sRNA246	Gene1468	0.55452
sRNA55	Gene1447	0.51703
sRNA258	Gene263	0.4804
sRNA156	Gene2749	0.55621
sRNA55	Gene1008	0.54967
sRNA206	Gene784	0.49563
sRNA178	Gene1380	0.54909
sRNA236	Gene2435	0.5897
sRNA209	Gene2294	0.51236
sRNA39	Gene2331	0.55278
sRNA26	Gene2007	0.48598
sRNA206	Gene2641	0.51357
sRNA9	Gene1071	0.48877
sRNA114	Gene632	0.51626
sRNA172	Gene1842	0.47075
sRNA72	Gene1943	0.4822
sRNA194	Gene937	0.58271
sRNA154	Gene1710	0.53596
sRNA182	Gene659	0.52846
sRNA13	Gene2286	0.47879
sRNA104	Gene2859	0.54351
sRNA179	Gene168	0.5428
sRNA24	Gene322	0.48346
sRNA28	Gene51	0.48684
sRNA192	Gene2515	0.47721
sRNA186	Gene632	0.56275
sRNA4	Gene677	0.45412
sRNA193	Gene773	0.50916
sRNA120	Gene11	0.54725
sRNA23	Gene2764	0.53288
sRNA215	Gene2169	0.50329
sRNA129	Gene1365	0.5731
sRNA182	Gene499	0.47407
sRNA218	Gene853	0.51053
sRNA134	Gene2665	0.50729
sRNA194	Gene598	0.5453
sRNA120	Gene2778	0.55091
sRNA298	Gene246	0.53984
sRNA27	Gene2596	0.47041
sRNA22	Gene2132	0.48876
sRNA84	Gene2213	0.4833
sRNA302	Gene129	0.54408
sRNA22	Gene735	0.47478
sRNA328	Gene126	0.53591
sRNA273	Gene2238	0.49594
sRNA268	Gene1818	0.46191
sRNA73	Gene332	0.45995
sRNA136	Gene2585	0.51191
sRNA60	Gene1026	0.48094
sRNA22	Gene1176	0.44985
sRNA89	Gene981	0.50229
sRNA298	Gene2365	0.50606
sRNA99	Gene612	0.53532
sRNA173	Gene1243	0.47341
sRNA21	Gene2442	0.53891
sRNA230	Gene1568	0.47695
sRNA254	Gene347	0.45153
sRNA39	Gene499	0.60671
sRNA298	Gene669	0.54077
sRNA229	Gene1573	0.5144
sRNA192	Gene108	0.48049
sRNA41	Gene91	0.57765
sRNA120	Gene1384	0.54684
sRNA24	Gene890	0.49452
sRNA78	Gene842	0.52058
sRNA139	Gene2594	0.55596
sRNA112	Gene2594	0.58373
sRNA55	Gene1110	0.56189
sRNA26	Gene2700	0.46558
sRNA252	Gene2172	0.50164
sRNA26	Gene87	0.47913
sRNA270	Gene2139	0.44789
sRNA241	Gene1846	0.51709
sRNA205	Gene1099	0.4772
sRNA208	Gene2111	0.45563
sRNA49	Gene1826	0.55521
sRNA182	Gene649	0.45808
sRNA114	Gene2370	0.57809
sRNA3	Gene932	0.48018
sRNA270	Gene539	0.49005
sRNA55	Gene2704	0.54443
sRNA180	Gene2697	0.48592
sRNA165	Gene69	0.45407
sRNA257	Gene2377	0.51685
sRNA22	Gene990	0.48149
sRNA159	Gene1727	0.54112
sRNA145	Gene2331	0.51482
sRNA45	Gene1046	0.47168
sRNA24	Gene589	0.49988
sRNA144	Gene2492	0.51623
sRNA9	Gene1907	0.50899
sRNA192	Gene2757	0.4922
sRNA107	Gene528	0.47704
sRNA49	Gene2205	0.55921
sRNA41	Gene441	0.55602
sRNA34	Gene849	0.44862
sRNA100	Gene2611	0.45855
sRNA216	Gene1871	0.47584
sRNA43	Gene2853	0.57465
sRNA200	Gene566	0.45004
sRNA268	Gene181	0.47325
sRNA137	Gene202	0.45623
sRNA100	Gene1114	0.5624
sRNA232	Gene1703	0.46817
sRNA9	Gene504	0.45207
sRNA88	Gene694	0.53043
sRNA155	Gene936	0.52081
sRNA30	Gene2159	0.55763
sRNA3	Gene2753	0.55076
sRNA167	Gene2522	0.55004
sRNA114	Gene2452	0.57974
sRNA57	Gene350	0.47296
sRNA25	Gene1037	0.46054
sRNA43	Gene500	0.55717
sRNA256	Gene2518	0.46549
sRNA202	Gene1592	0.53305
sRNA41	Gene1565	0.57912
sRNA99	Gene2690	0.53572
sRNA21	Gene863	0.46781
sRNA239	Gene974	0.55052
sRNA281	Gene13	0.45511
sRNA105	Gene1430	0.53077
sRNA99	Gene2731	0.52078
sRNA49	Gene2306	0.58329
sRNA156	Gene1650	0.45551
sRNA4	Gene55	0.48119
sRNA33	Gene267	0.53616
sRNA92	Gene534	0.5225
sRNA80	Gene2418	0.5095
sRNA57	Gene2831	0.45067
sRNA162	Gene1977	0.51878
sRNA299	Gene685	0.51555
sRNA184	Gene204	0.49118
sRNA16	Gene38	0.5652
sRNA206	Gene2191	0.49429
sRNA78	Gene1976	0.52778
sRNA60	Gene2845	0.52291
sRNA9	Gene2858	0.48503
sRNA174	Gene1331	0.50746
sRNA21	Gene608	0.56816
sRNA137	Gene1905	0.4556
sRNA132	Gene1050	0.48625
sRNA9	Gene2744	0.47557
sRNA41	Gene1167	0.55032
sRNA171	Gene1656	0.50487
sRNA192	Gene1374	0.47742
sRNA39	Gene619	0.60379
sRNA55	Gene2214	0.53927
sRNA105	Gene2782	0.519
sRNA228	Gene1431	0.50923
sRNA100	Gene1112	0.54462
sRNA254	Gene2346	0.4836
sRNA206	Gene714	0.58207
sRNA235	Gene1868	0.54963
sRNA174	Gene1968	0.48871
sRNA256	Gene528	0.46981
sRNA99	Gene2517	0.5389
sRNA257	Gene444	0.54356
sRNA253	Gene581	0.5661
sRNA9	Gene1977	0.54196
sRNA99	Gene692	0.50654
sRNA137	Gene1348	0.49831
sRNA61	Gene420	0.53673
sRNA3	Gene2048	0.5006
sRNA156	Gene219	0.5777
sRNA114	Gene1238	0.58316
sRNA268	Gene1569	0.45517
sRNA168	Gene2294	0.50743
sRNA230	Gene2339	0.49166
sRNA82	Gene1913	0.47613
sRNA186	Gene1715	0.48649
sRNA55	Gene1581	0.56242
sRNA235	Gene2295	0.49808
sRNA41	Gene1124	0.56001
sRNA156	Gene2190	0.53821
sRNA49	Gene411	0.54401
sRNA246	Gene2446	0.55351
sRNA60	Gene279	0.52661
sRNA240	Gene1365	0.58818
sRNA215	Gene2724	0.50258
sRNA52	Gene1105	0.61091
sRNA230	Gene2174	0.49113
sRNA139	Gene577	0.52935
sRNA178	Gene1836	0.53623
sRNA215	Gene1380	0.50629
sRNA291	Gene2147	0.4891
sRNA78	Gene1231	0.51867
sRNA54	Gene480	0.46966
sRNA299	Gene1636	0.52697
sRNA78	Gene2263	0.48279
sRNA109	Gene707	0.54225
sRNA132	Gene842	0.45717
sRNA271	Gene1421	0.51996
sRNA122	Gene1801	0.5569
sRNA230	Gene788	0.46798
sRNA174	Gene1388	0.48565
sRNA99	Gene2573	0.50771
sRNA171	Gene839	0.52449
sRNA57	Gene1978	0.47372
sRNA99	Gene2540	0.53773
sRNA100	Gene665	0.5551
sRNA49	Gene703	0.55573
sRNA22	Gene934	0.46785
sRNA138	Gene2634	0.48041
sRNA230	Gene542	0.49315
sRNA186	Gene2443	0.55281
sRNA273	Gene1070	0.54233
sRNA105	Gene1285	0.51107
sRNA192	Gene1182	0.53394
sRNA75	Gene853	0.50375
sRNA159	Gene1005	0.51436
sRNA50	Gene347	0.50237
sRNA284	Gene449	0.46438
sRNA294	Gene1227	0.4526
sRNA117	Gene2467	0.55713
sRNA257	Gene1458	0.51148
sRNA49	Gene1540	0.56013
sRNA212	Gene1640	0.48423
sRNA119	Gene209	0.52233
sRNA254	Gene1117	0.47081
sRNA128	Gene2750	0.52089
sRNA120	Gene197	0.53006
sRNA221	Gene2261	0.49188
sRNA9	Gene886	0.52764
sRNA202	Gene2764	0.49869
sRNA286	Gene2016	0.44793
sRNA286	Gene2209	0.48336
sRNA192	Gene1270	0.46323
sRNA215	Gene2245	0.48705
sRNA49	Gene627	0.52103
sRNA102	Gene658	0.50203
sRNA102	Gene979	0.48646
sRNA114	Gene278	0.56124
sRNA215	Gene2223	0.47629
sRNA248	Gene82	0.47457
sRNA57	Gene1312	0.48645
sRNA270	Gene327	0.51705
sRNA281	Gene2634	0.46042
sRNA246	Gene1717	0.54898
sRNA50	Gene2621	0.52591
sRNA22	Gene1106	0.47349
sRNA55	Gene1400	0.55263
sRNA50	Gene2284	0.54556
sRNA149	Gene2425	0.47148
sRNA206	Gene495	0.52736
sRNA9	Gene2639	0.54118
sRNA113	Gene2538	0.54155
sRNA49	Gene479	0.55631
sRNA78	Gene2181	0.53186
sRNA285	Gene2811	0.46008
sRNA274	Gene214	0.49039
sRNA287	Gene2593	0.49858
sRNA246	Gene433	0.49758
sRNA99	Gene420	0.48862
sRNA264	Gene254	0.50235
sRNA274	Gene890	0.45573
sRNA246	Gene296	0.51933
sRNA18	Gene1131	0.50413
sRNA200	Gene515	0.50206
sRNA195	Gene1714	0.50618
sRNA65	Gene91	0.54692
sRNA143	Gene2596	0.58087
sRNA181	Gene2330	0.56129
sRNA192	Gene2173	0.49746
sRNA158	Gene2408	0.55072
sRNA117	Gene66	0.54715
sRNA208	Gene744	0.52929
sRNA276	Gene1307	0.46409
sRNA256	Gene454	0.48348
sRNA9	Gene800	0.57624
sRNA50	Gene2276	0.45398
sRNA271	Gene322	0.5158
sRNA60	Gene935	0.55234
sRNA282	Gene1820	0.47027
sRNA118	Gene2300	0.55774
sRNA308	Gene2175	0.50791
sRNA276	Gene190	0.48364
sRNA269	Gene2465	0.48182
sRNA24	Gene433	0.47292
sRNA246	Gene437	0.51021
sRNA136	Gene1472	0.54505
sRNA232	Gene965	0.44727
sRNA114	Gene2379	0.53822
sRNA107	Gene2472	0.48404
sRNA26	Gene598	0.46898
sRNA229	Gene2554	0.51808
sRNA259	Gene2318	0.46306
sRNA212	Gene1959	0.58068
sRNA120	Gene1870	0.54478
sRNA122	Gene652	0.48938
sRNA118	Gene120	0.46081
sRNA194	Gene644	0.57169
sRNA1	Gene2643	0.46784
sRNA114	Gene1182	0.50674
sRNA64	Gene2163	0.49919
sRNA9	Gene2484	0.50224
sRNA27	Gene157	0.46591
sRNA215	Gene1570	0.51064
sRNA264	Gene283	0.51924
sRNA209	Gene2290	0.55108
sRNA230	Gene2038	0.47281
sRNA5	Gene2758	0.49505
sRNA228	Gene1213	0.52866
sRNA258	Gene315	0.54405
sRNA212	Gene2602	0.54377
sRNA137	Gene1963	0.46771
sRNA206	Gene2469	0.53762
sRNA137	Gene1627	0.45399
sRNA215	Gene2388	0.5306
sRNA248	Gene2784	0.48295
sRNA84	Gene2708	0.46818
sRNA91	Gene2222	0.48442
sRNA241	Gene347	0.50387
sRNA9	Gene1041	0.57266
sRNA55	Gene1520	0.53391
sRNA122	Gene471	0.51801
sRNA9	Gene1440	0.47158
sRNA158	Gene154	0.50331
sRNA104	Gene2284	0.50492
sRNA18	Gene1312	0.48727
sRNA107	Gene1582	0.48278
sRNA88	Gene1859	0.55163
sRNA144	Gene2039	0.5375
sRNA41	Gene2724	0.54815
sRNA187	Gene1840	0.50306
sRNA126	Gene2072	0.5406
sRNA74	Gene1863	0.54844
sRNA80	Gene589	0.54145
sRNA285	Gene2327	0.45024
sRNA84	Gene2672	0.54292
sRNA5	Gene506	0.56426
sRNA195	Gene2607	0.5009
sRNA191	Gene1316	0.49798
sRNA66	Gene3	0.46125
sRNA246	Gene949	0.53109
sRNA9	Gene1772	0.48604
sRNA114	Gene2563	0.57043
sRNA122	Gene2256	0.51813
sRNA254	Gene500	0.44977
sRNA102	Gene1991	0.50423
sRNA207	Gene1197	0.49801
sRNA216	Gene1842	0.50422
sRNA235	Gene1889	0.57924
sRNA216	Gene1398	0.51545
sRNA156	Gene2013	0.48014
sRNA120	Gene1156	0.55617
sRNA181	Gene2610	0.47793
sRNA149	Gene1615	0.4676
sRNA50	Gene1197	0.44585
sRNA115	Gene2298	0.53678
sRNA273	Gene2794	0.44625
sRNA254	Gene1643	0.46254
sRNA66	Gene586	0.47757
sRNA230	Gene2621	0.45624
sRNA141	Gene577	0.5263
sRNA61	Gene314	0.54529
sRNA246	Gene1888	0.50189
sRNA73	Gene2148	0.44566
sRNA8	Gene1910	0.51471
sRNA194	Gene2420	0.54177
sRNA57	Gene1918	0.45097
sRNA35	Gene2073	0.56712
sRNA215	Gene1093	0.52121
sRNA235	Gene2037	0.48485
sRNA105	Gene1604	0.5188
sRNA9	Gene2414	0.53368
sRNA192	Gene1376	0.49735
sRNA35	Gene515	0.55686
sRNA60	Gene145	0.54563
sRNA68	Gene190	0.539
sRNA193	Gene158	0.48143
sRNA222	Gene2007	0.45248
sRNA57	Gene873	0.51032
sRNA249	Gene658	0.4797
sRNA291	Gene857	0.49722
sRNA122	Gene2085	0.5358
sRNA91	Gene1715	0.44835
sRNA192	Gene1215	0.52427
sRNA208	Gene2471	0.5148
sRNA68	Gene607	0.45423
sRNA21	Gene144	0.55774
sRNA28	Gene220	0.51688
sRNA294	Gene51	0.51189
sRNA241	Gene2106	0.53122
sRNA72	Gene2213	0.50166
sRNA268	Gene551	0.48885
sRNA241	Gene436	0.56876
sRNA22	Gene2717	0.51308
sRNA158	Gene1632	0.50881
sRNA293	Gene1188	0.5257
sRNA246	Gene2621	0.51973
sRNA284	Gene203	0.46514
sRNA170	Gene2719	0.50308
sRNA137	Gene582	0.51432
sRNA192	Gene175	0.53601
sRNA309	Gene2748	0.45606
sRNA203	Gene274	0.49244
sRNA193	Gene1358	0.48274
sRNA136	Gene2542	0.51101
sRNA5	Gene580	0.46872
sRNA156	Gene2005	0.48251
sRNA120	Gene1100	0.51474
sRNA192	Gene252	0.50629
sRNA170	Gene2263	0.48317
sRNA168	Gene2762	0.51685
sRNA194	Gene2788	0.5601
sRNA216	Gene1197	0.51566
sRNA230	Gene292	0.47266
sRNA156	Gene2169	0.49148
sRNA99	Gene772	0.5074
sRNA99	Gene1341	0.52042
sRNA144	Gene2541	0.51063
sRNA215	Gene1634	0.50959
sRNA167	Gene1588	0.51813
sRNA244	Gene2061	0.50183
sRNA270	Gene749	0.46351
sRNA281	Gene1024	0.45255
sRNA27	Gene363	0.48002
sRNA270	Gene2285	0.47347
sRNA122	Gene1777	0.5095
sRNA222	Gene162	0.50642
sRNA96	Gene1046	0.51975
sRNA84	Gene401	0.51925
sRNA102	Gene572	0.48044
sRNA21	Gene85	0.53771
sRNA182	Gene511	0.48635
sRNA9	Gene1213	0.49778
sRNA22	Gene319	0.47713
sRNA274	Gene1089	0.49968
sRNA21	Gene792	0.51368
sRNA246	Gene2657	0.49474
sRNA262	Gene403	0.50018
sRNA231	Gene2715	0.53276
sRNA192	Gene174	0.52578
sRNA114	Gene355	0.53729
sRNA21	Gene2856	0.57102
sRNA175	Gene2304	0.45965
sRNA241	Gene829	0.53441
sRNA203	Gene698	0.50337
sRNA232	Gene2203	0.45137
sRNA156	Gene1489	0.49144
sRNA163	Gene270	0.57719
sRNA172	Gene1910	0.47897
sRNA168	Gene2316	0.50423
sRNA5	Gene285	0.50524
sRNA99	Gene610	0.51501
sRNA63	Gene2521	0.52176
sRNA192	Gene368	0.5307
sRNA270	Gene2017	0.48493
sRNA226	Gene1911	0.54326
sRNA23	Gene214	0.50924
sRNA66	Gene342	0.47379
sRNA39	Gene879	0.59286
sRNA192	Gene448	0.57459
sRNA41	Gene2586	0.5341
sRNA3	Gene220	0.52578
sRNA47	Gene1139	0.54447
sRNA149	Gene505	0.49518
sRNA9	Gene1361	0.48408
sRNA246	Gene1767	0.50903
sRNA159	Gene2397	0.54982
sRNA9	Gene2165	0.55918
sRNA230	Gene1812	0.47758
sRNA114	Gene258	0.49705
sRNA276	Gene1129	0.4887
sRNA99	Gene2773	0.54072
sRNA68	Gene62	0.45419
sRNA22	Gene617	0.46114
sRNA114	Gene2425	0.55149
sRNA270	Gene328	0.5144
sRNA41	Gene362	0.49625
sRNA30	Gene2624	0.49792
sRNA100	Gene529	0.60722
sRNA122	Gene850	0.551
sRNA55	Gene2057	0.55961
sRNA230	Gene1641	0.4776
sRNA23	Gene386	0.50922
sRNA136	Gene2717	0.51524
sRNA194	Gene1318	0.55502
sRNA298	Gene503	0.54619
sRNA63	Gene1996	0.51951
sRNA137	Gene2456	0.47375
sRNA230	Gene1107	0.48589
sRNA246	Gene2618	0.48389
sRNA84	Gene932	0.51811
sRNA137	Gene122	0.52299
sRNA192	Gene2858	0.49605
sRNA75	Gene1602	0.48757
sRNA22	Gene747	0.45749
sRNA45	Gene1987	0.48707
sRNA122	Gene2306	0.4991
sRNA6	Gene1212	0.47742
sRNA114	Gene163	0.55589
sRNA61	Gene1455	0.50369
sRNA167	Gene1708	0.53486
sRNA61	Gene2747	0.51711
sRNA66	Gene1919	0.45544
sRNA100	Gene1537	0.54509
sRNA192	Gene215	0.53789
sRNA276	Gene1303	0.51045
sRNA15	Gene1766	0.5027
sRNA5	Gene2186	0.47752
sRNA217	Gene1202	0.55368
sRNA188	Gene1902	0.52513
sRNA55	Gene1694	0.55314
sRNA264	Gene504	0.51489
sRNA39	Gene1067	0.52181
sRNA22	Gene545	0.51684
sRNA41	Gene869	0.54541
sRNA195	Gene1064	0.48506
sRNA114	Gene207	0.51239
sRNA49	Gene827	0.54964
sRNA20	Gene904	0.56056
sRNA122	Gene1086	0.53472
sRNA240	Gene1540	0.53162
sRNA273	Gene1920	0.46469
sRNA57	Gene1573	0.47739
sRNA195	Gene1839	0.50795
sRNA33	Gene277	0.49835
sRNA167	Gene1008	0.48099
sRNA255	Gene326	0.44952
sRNA330	Gene245	0.49135
sRNA41	Gene310	0.55071
sRNA286	Gene2287	0.46838
sRNA192	Gene1428	0.53586
sRNA64	Gene1197	0.4973
sRNA270	Gene1700	0.45767
sRNA204	Gene2316	0.53634
sRNA21	Gene1943	0.53388
sRNA168	Gene2326	0.48627
sRNA110	Gene2630	0.54768
sRNA65	Gene1538	0.57291
sRNA218	Gene1056	0.57726
sRNA192	Gene2334	0.49774
sRNA264	Gene2772	0.52346
sRNA191	Gene1498	0.51865
sRNA195	Gene255	0.49105
sRNA254	Gene1702	0.47011
sRNA203	Gene1583	0.52672
sRNA188	Gene2852	0.54446
sRNA129	Gene2598	0.56305
sRNA35	Gene363	0.53619
sRNA9	Gene2377	0.5569
sRNA9	Gene1124	0.50022
sRNA284	Gene2221	0.47007
sRNA149	Gene186	0.50067
sRNA14	Gene2065	0.4496
sRNA88	Gene2295	0.5386
sRNA274	Gene1225	0.44678
sRNA41	Gene1668	0.56654
sRNA16	Gene1474	0.51457
sRNA171	Gene1010	0.49043
sRNA192	Gene2809	0.54186
sRNA149	Gene1186	0.50758
sRNA188	Gene1338	0.50067
sRNA200	Gene2564	0.47189
sRNA200	Gene2813	0.46494
sRNA80	Gene2285	0.50317
sRNA192	Gene129	0.53777
sRNA73	Gene839	0.51345
sRNA156	Gene2098	0.56449
sRNA292	Gene480	0.48551
sRNA99	Gene2383	0.54236
sRNA24	Gene603	0.4664
sRNA30	Gene842	0.51128
sRNA217	Gene678	0.48618
sRNA15	Gene1963	0.54054
sRNA270	Gene299	0.52186
sRNA105	Gene984	0.49108
sRNA39	Gene311	0.56513
sRNA138	Gene2478	0.48173
sRNA158	Gene2261	0.45338
sRNA134	Gene2850	0.51579
sRNA307	Gene2158	0.4736
sRNA194	Gene2391	0.55303
sRNA231	Gene2512	0.55911
sRNA268	Gene2346	0.45406
sRNA99	Gene490	0.49934
sRNA171	Gene401	0.50232
sRNA151	Gene2556	0.58319
sRNA264	Gene327	0.50214
sRNA9	Gene1144	0.56251
sRNA64	Gene2624	0.55613
sRNA167	Gene1475	0.49218
sRNA99	Gene424	0.48749
sRNA21	Gene1117	0.54271
sRNA91	Gene533	0.47819
sRNA298	Gene179	0.53829
sRNA137	Gene1815	0.44754
sRNA60	Gene2838	0.51961
sRNA23	Gene2	0.5082
sRNA268	Gene309	0.53953
sRNA236	Gene959	0.59412
sRNA35	Gene179	0.53503
sRNA23	Gene298	0.46243
sRNA192	Gene753	0.50428
sRNA188	Gene2159	0.52703
sRNA252	Gene362	0.49467
sRNA128	Gene798	0.56579
sRNA99	Gene390	0.47911
sRNA193	Gene2594	0.50913
sRNA158	Gene1848	0.46407
sRNA134	Gene2245	0.51701
sRNA136	Gene1285	0.55369
sRNA174	Gene330	0.50678
sRNA246	Gene177	0.53056
sRNA105	Gene1704	0.5024
sRNA236	Gene2114	0.56347
sRNA254	Gene575	0.48748
sRNA249	Gene423	0.48943
sRNA3	Gene2697	0.44556
sRNA188	Gene2845	0.51626
sRNA270	Gene1561	0.48181
sRNA98	Gene1048	0.52355
sRNA286	Gene2301	0.50646
sRNA215	Gene853	0.49264
sRNA21	Gene2852	0.51851
sRNA114	Gene241	0.55896
sRNA96	Gene24	0.5653
sRNA75	Gene87	0.51384
sRNA141	Gene2671	0.53956
sRNA273	Gene1171	0.45872
sRNA195	Gene2257	0.49615
sRNA11	Gene206	0.4967
sRNA135	Gene1527	0.47697
sRNA101	Gene3	0.55416
sRNA39	Gene420	0.60773
sRNA31	Gene1111	0.50635
sRNA60	Gene2350	0.52444
sRNA156	Gene927	0.53555
sRNA205	Gene1213	0.45768
sRNA75	Gene437	0.54393
sRNA270	Gene2332	0.44615
sRNA156	Gene1346	0.55102
sRNA99	Gene740	0.51859
sRNA262	Gene894	0.55978
sRNA23	Gene1605	0.47573
sRNA114	Gene2620	0.56138
sRNA99	Gene992	0.51511
sRNA21	Gene278	0.52562
sRNA3	Gene1329	0.49265
sRNA270	Gene1151	0.48503
sRNA66	Gene506	0.48876
sRNA52	Gene963	0.59207
sRNA22	Gene2038	0.48653
sRNA203	Gene2053	0.53176
sRNA167	Gene534	0.52494
sRNA105	Gene1495	0.48568
sRNA114	Gene1056	0.54518
sRNA192	Gene2802	0.50773
sRNA178	Gene620	0.56658
sRNA39	Gene783	0.60702
sRNA21	Gene893	0.51807
sRNA249	Gene653	0.45724
sRNA292	Gene581	0.48687
sRNA1	Gene2858	0.51846
sRNA50	Gene690	0.44933
sRNA24	Gene331	0.47595
sRNA113	Gene1316	0.51594
sRNA99	Gene518	0.5096
sRNA37	Gene2827	0.55831
sRNA298	Gene101	0.57702
sRNA96	Gene2132	0.51608
sRNA194	Gene2492	0.56265
sRNA258	Gene2303	0.50552
sRNA21	Gene1520	0.50576
sRNA5	Gene891	0.55719
sRNA155	Gene2342	0.48424
sRNA107	Gene1938	0.56201
sRNA246	Gene657	0.46612
sRNA99	Gene1272	0.54722
sRNA298	Gene1518	0.54186
sRNA22	Gene769	0.49513
sRNA294	Gene429	0.45436
sRNA167	Gene1629	0.53833
sRNA57	Gene1845	0.47173
sRNA230	Gene382	0.49691
sRNA21	Gene2490	0.52656
sRNA219	Gene1346	0.44666
sRNA41	Gene2354	0.54239
sRNA193	Gene2065	0.5042
sRNA270	Gene2315	0.48045
sRNA254	Gene1741	0.47482
sRNA276	Gene1607	0.53695
sRNA39	Gene575	0.52987
sRNA244	Gene2264	0.52586
sRNA246	Gene2328	0.54779
sRNA192	Gene935	0.51258
sRNA241	Gene1640	0.48851
sRNA122	Gene403	0.46994
sRNA122	Gene576	0.54108
sRNA99	Gene2482	0.53229
sRNA68	Gene1184	0.53269
sRNA158	Gene666	0.48253
sRNA232	Gene341	0.51741
sRNA85	Gene300	0.51752
sRNA168	Gene807	0.46143
sRNA155	Gene2363	0.50565
sRNA238	Gene1067	0.4997
sRNA268	Gene129	0.46631
sRNA63	Gene1014	0.51781
sRNA270	Gene776	0.47741
sRNA15	Gene689	0.52517
sRNA219	Gene1440	0.50276
sRNA121	Gene565	0.51624
sRNA215	Gene2455	0.48069
sRNA114	Gene1040	0.53512
sRNA274	Gene2040	0.48957
sRNA276	Gene719	0.5106
sRNA60	Gene66	0.51368
sRNA24	Gene2595	0.48146
sRNA116	Gene681	0.53192
sRNA54	Gene1475	0.47732
sRNA39	Gene582	0.57691
sRNA230	Gene1191	0.50414
sRNA156	Gene2524	0.48292
sRNA99	Gene749	0.52829
sRNA91	Gene197	0.48838
sRNA246	Gene1570	0.54446
sRNA167	Gene2234	0.56256
sRNA212	Gene1870	0.5182
sRNA41	Gene35	0.54407
sRNA27	Gene1083	0.50657
sRNA231	Gene1455	0.51114
sRNA230	Gene977	0.47006
sRNA241	Gene206	0.54899
sRNA84	Gene1301	0.5187
sRNA215	Gene817	0.55005
sRNA122	Gene86	0.53659
sRNA133	Gene2858	0.55798
sRNA241	Gene2059	0.54398
sRNA155	Gene207	0.48671
sRNA156	Gene1421	0.48761
sRNA22	Gene2765	0.45927
sRNA321	Gene787	0.47367
sRNA129	Gene208	0.59126
sRNA23	Gene706	0.48709
sRNA270	Gene159	0.49058
sRNA99	Gene1181	0.51389
sRNA114	Gene2281	0.53666
sRNA282	Gene2777	0.52336
sRNA274	Gene1077	0.49548
sRNA265	Gene691	0.49442
sRNA55	Gene2373	0.57697
sRNA83	Gene1139	0.5752
sRNA264	Gene1185	0.53021
sRNA274	Gene306	0.46224
sRNA254	Gene1820	0.44652
sRNA246	Gene686	0.51992
sRNA21	Gene1639	0.51315
sRNA270	Gene457	0.49407
sRNA186	Gene444	0.58015
sRNA35	Gene2304	0.53419
sRNA60	Gene1062	0.4883
sRNA100	Gene657	0.53327
sRNA144	Gene1483	0.52078
sRNA230	Gene576	0.48374
sRNA57	Gene1794	0.47453
sRNA69	Gene2286	0.50417
sRNA228	Gene1231	0.50423
sRNA4	Gene1110	0.4519
sRNA246	Gene21	0.54313
sRNA248	Gene1055	0.46356
sRNA241	Gene2829	0.54787
sRNA114	Gene2770	0.55067
sRNA74	Gene1864	0.51877
sRNA204	Gene968	0.48077
sRNA136	Gene2125	0.53051
sRNA96	Gene535	0.49056
sRNA116	Gene1706	0.53978
sRNA104	Gene224	0.51334
sRNA254	Gene1097	0.457
sRNA144	Gene2670	0.48387
sRNA22	Gene1390	0.48042
sRNA168	Gene2477	0.46037
sRNA65	Gene2096	0.51164
sRNA55	Gene2052	0.52417
sRNA254	Gene1748	0.47241
sRNA99	Gene732	0.53591
sRNA254	Gene768	0.45422
sRNA203	Gene1067	0.50345
sRNA122	Gene2008	0.55247
sRNA122	Gene2863	0.48136
sRNA248	Gene1495	0.45987
sRNA276	Gene658	0.54117
sRNA114	Gene2146	0.58242
sRNA120	Gene1848	0.54983
sRNA113	Gene1299	0.56535
sRNA41	Gene903	0.59139
sRNA155	Gene651	0.5082
sRNA195	Gene2500	0.48842
sRNA45	Gene652	0.5497
sRNA191	Gene2264	0.4553
sRNA241	Gene1592	0.55216
sRNA22	Gene2513	0.4855
sRNA281	Gene62	0.45576
sRNA117	Gene1029	0.54273
sRNA110	Gene2287	0.54524
sRNA122	Gene1832	0.52718
sRNA137	Gene1685	0.4606
sRNA99	Gene2190	0.53449
sRNA114	Gene2571	0.54278
sRNA134	Gene227	0.52061
sRNA246	Gene546	0.49031
sRNA69	Gene44	0.49225
sRNA247	Gene1062	0.45153
sRNA61	Gene991	0.48075
sRNA248	Gene1023	0.49076
sRNA254	Gene1764	0.47036
sRNA114	Gene2661	0.55093
sRNA39	Gene2567	0.53001
sRNA203	Gene489	0.55683
sRNA114	Gene1464	0.51145
sRNA35	Gene369	0.53453
sRNA246	Gene77	0.54677
sRNA171	Gene1870	0.49284
sRNA254	Gene1070	0.44747
sRNA55	Gene2123	0.48597
sRNA136	Gene2246	0.51258
sRNA274	Gene2110	0.44697
sRNA168	Gene1665	0.45514
sRNA149	Gene294	0.48281
sRNA21	Gene2618	0.48257
sRNA55	Gene704	0.56839
sRNA100	Gene2163	0.45624
sRNA156	Gene807	0.46913
sRNA6	Gene42	0.52359
sRNA114	Gene2344	0.56382
sRNA299	Gene245	0.52195
sRNA155	Gene127	0.44877
sRNA84	Gene2087	0.47649
sRNA3	Gene1375	0.57888
sRNA99	Gene1173	0.51042
sRNA286	Gene2462	0.49129
sRNA298	Gene2076	0.51531
sRNA55	Gene1376	0.50483
sRNA80	Gene453	0.56645
sRNA194	Gene2341	0.56065
sRNA119	Gene1080	0.51202
sRNA156	Gene342	0.59396
sRNA21	Gene1105	0.54164
sRNA155	Gene2501	0.49058
sRNA195	Gene2273	0.48724
sRNA156	Gene2040	0.50733
sRNA122	Gene2750	0.49972
sRNA15	Gene2688	0.51474
sRNA156	Gene518	0.57578
sRNA294	Gene1330	0.48906
sRNA114	Gene1340	0.54192
sRNA21	Gene1093	0.57478
sRNA262	Gene228	0.52839
sRNA114	Gene232	0.53666
sRNA30	Gene841	0.54501
sRNA80	Gene2549	0.50476
sRNA44	Gene2319	0.49266
sRNA50	Gene2165	0.57385
sRNA114	Gene2193	0.51997
sRNA215	Gene752	0.52637
sRNA191	Gene1448	0.47919
sRNA230	Gene1948	0.49837
sRNA92	Gene2492	0.50843
sRNA170	Gene406	0.50076
sRNA5	Gene770	0.5199
sRNA294	Gene2604	0.47419
sRNA80	Gene987	0.50157
sRNA21	Gene2101	0.51231
sRNA274	Gene2633	0.44628
sRNA39	Gene1861	0.62409
sRNA99	Gene1669	0.54716
sRNA307	Gene2365	0.50319
sRNA137	Gene1329	0.45481
sRNA299	Gene509	0.50766
sRNA39	Gene1034	0.60178
sRNA20	Gene576	0.55117
sRNA182	Gene124	0.51716
sRNA63	Gene1368	0.5294
sRNA274	Gene53	0.48545
sRNA21	Gene2639	0.49489
sRNA22	Gene2542	0.49498
sRNA102	Gene473	0.48873
sRNA114	Gene403	0.52873
sRNA114	Gene791	0.59566
sRNA4	Gene1980	0.451
sRNA114	Gene867	0.49134
sRNA20	Gene1238	0.55953
sRNA260	Gene328	0.48695
sRNA1	Gene785	0.50624
sRNA161	Gene1611	0.56356
sRNA114	Gene421	0.54085
sRNA49	Gene670	0.53728
sRNA91	Gene484	0.47391
sRNA5	Gene2602	0.53269
sRNA149	Gene1856	0.49657
sRNA255	Gene2205	0.48837
sRNA246	Gene1212	0.50262
sRNA180	Gene1605	0.49455
sRNA114	Gene1388	0.54077
sRNA115	Gene471	0.57214
sRNA39	Gene2347	0.60378
sRNA192	Gene369	0.53364
sRNA248	Gene646	0.47001
sRNA232	Gene2840	0.46202
sRNA286	Gene2248	0.50872
